"Player","cluster","League","Age","progressive_passes_per90","progressive_carries_per90","xT_proxy","padj_interceptions","padj_tackles"
"Aaron Wan-Bissaka","3","Premier League",26,4.07250112217053,2.32786260357812,3.37464571473356,1.97817823630418,2.06052952199098
"Aarón Martín","4","Serie A",27,2.45742598281256,1.645033168746,2.13246885718593,0.571478883193246,1.72242965775885
"Abakar Sylla","3","Ligue 1",21,2.80277255639098,0.200892857142857,1.76202067669173,1.17395441729323,2.63497415413534
"Abdel Abqar","1","La Liga",25,2.39708147714198,0.42857210592197,1.60967772865397,1.16021003586646,1.33896284386077
"Abdoulaye Bamba","1","Ligue 1",34,0.95364238410596,0.0596026490066225,0.596026490066225,1.13245033112583,1.3112582781457
"Abdoulaye Niakhate Ndiaye","1","Ligue 1",22,2.05623901581722,0.263620386643234,1.33919156414763,0.579964850615114,2.58347978910369
"Abdukodir Khusanov","3","Ligue 1",20,3.96923076923077,0.184615384615385,2.45538461538462,2.4,1.38461538461538
"Abdul Mumin","1","La Liga",26,1.90185957730015,0.427110411560765,1.3119599110044,1.09755390865951,1.33020594135211
"Abel Bretones","4","La Liga",23,3.34136933461909,2.16972034715526,2.87270973963356,0.781099324975892,2.64705882352941
"Abner","4","Ligue 1",24,3.78548492791612,1.72981651376147,2.96321756225426,0.688564875491481,2.00081913499345
"Achraf Hakimi","2","Ligue 1",25,9.06360296549277,3.98217517572288,7.03103184958482,0.954720917787545,1.720964386428
"Adam Marušić","1","Serie A",31,3.33036150565241,0.950939997515425,2.37859290239761,0.729055033334714,1.26940038925007
"Adam Masina","1","Serie A",30,3.55753220264461,0.483581638385878,2.32795197694112,1.11654069909458,1.52091085444893
"Adam Obert","3","Serie A",21,3.85853075167471,1.1708932890098,2.78347576660875,1.96525358253976,2.10822955487998
"Adam Smith","1","Premier League",33,3.24958315050461,0.926853883282141,2.32049144361562,0.864063185607723,1.45366388767003
"Adam Webster","2","Premier League",28,6.29370629370629,1.25874125874126,4.27972027972028,1.25874125874126,1.1013986013986
"Adama Boiro","4","La Liga",22,3.76021798365123,2.04359673024523,3.07356948228883,0.980926430517711,1.63487738419619
"Adrien Tameze","3","Serie A",29,3.77446411929171,0.92264678471575,2.63373718546132,1.97110904007456,1.46784715750233
"Adrien Truffert","4","Ligue 1",22,3.75652545129289,2.19820041876728,3.13319543828265,0.840098491624654,1.81563821353066
"Adrià Altimira","3","La Liga",23,2.31901840490798,1.26993865030675,1.89938650306748,0.828220858895706,2.26380368098159
"Adrià Pedrosa","4","La Liga",26,3.11288443980405,1.98370492062097,2.66121263213082,0.855028083151747,2.27743860208311
"Aihen Muñoz","4","La Liga",26,3.11460863746782,2.02387013251487,2.67831323548664,0.93313162756193,2.42105110041165
"Ainsley Maitland-Niles","2","Ligue 1",26,4.7006107256941,1.56514993737951,3.44642641036826,1.10096850681789,2.67800754260304
"Aitor Paredes","1","La Liga",24,2.92307937223245,0.199189819350288,1.83352355107959,1.09554400642658,0.705356792977781
"Aitor Ruibal","3","La Liga",28,4.10301343272516,1.69317714616935,3.13907891810284,1.09928623903915,3.13212328720959
"Alan Matturro","1","Serie A",19,1.5,1.2,1.38,1.4,1.1
"Alberto Dossena","1","Serie A",25,2.23298530744843,0.234673133291306,1.43366043778558,1.22268073494968,1.64507249644535
"Alberto Moreno","1","La Liga",32,3.77838616737187,1.38771485694932,2.82211764320285,1.09255724446206,1.59144559922712
"Alejandro Balde","4","La Liga",20,3.17120868590485,4.49203330291623,3.6995385327094,0.261791499647958,1.00776144517677
"Alejandro Francés","2","La Liga",21,4.83375959079284,1.38107416879795,3.45268542199489,1.30434782608696,2.76214833759591
"Alejandro Pozo Pozo","4","La Liga",24,4.05737704918033,2.02868852459016,3.24590163934426,0.645491803278688,1.75204918032787
"Aleksandar Sedlar","1","La Liga",31,2.47357293868922,0.570824524312896,1.71247357293869,1.23678646934461,1.33192389006342
"Alessandro Bastoni","2","Serie A",25,5.85369521958443,2.41201582673886,4.4770234624462,0.868677402933963,1.77483918737563
"Alessandro Buongiorno","3","Serie A",25,3.02195539730166,0.880804360721258,2.1654949826695,2.0473367876415,2.15869955828405
"Alessandro Florenzi","2","Serie A",32,5.5080831408776,1.50692840646651,3.90762124711316,1.03926096997691,2.23441108545035
"Alessandro Vogliacco","3","Serie A",24,3.77245508982036,0.615911035072712,2.5098374679213,2.30966638152267,1.77074422583405
"Alessandro Zanoli","4","Serie A",23,2.07818922206759,3.02874483367823,2.45841146671185,0.364464844263122,1.5444708220615
"Alessio Romagnoli","1","Serie A",29,3.13952611160922,0.265381721004279,1.98986835536724,0.979143434408661,1.27499459811195
"Alessio Zerbin","4","Serie A",25,3.20158102766798,3.14229249011858,3.17786561264822,0.889328063241107,3.02371541501976
"Alexander Prass","4","Bundesliga",23,3.62068965517241,1.60919540229885,2.81609195402299,0.517241379310345,2.41379310344828
"Alexis Saelemaekers","4","Serie A",25,3.4341252699784,2.52699784017279,3.07127429805616,0.583153347732181,2.13822894168467
"Alexsandro Ribeiro","1","Ligue 1",24,4.62882882882883,0.720720720720721,3.06558558558559,1.15945945945946,1.18198198198198
"Alfie Doughty","4","Premier League",23,3.26153846153846,2.89230769230769,3.11384615384615,0.953846153846154,1.93846153846154
"Alfonso Espino","3","La Liga",31,4.05664140406861,1.47187873952932,3.02273633825289,1.43597925807738,2.40526525727962
"Alfonso Pedraza","4","La Liga",27,2.5,4.51612903225806,3.30645161290323,1.04838709677419,2.01612903225806
"Ali Abdi","3","Ligue 1",30,2.71356783919598,2.26130653266332,2.53266331658291,1.2921751615219,2.77817659727207
"Alidu Seidu","3","Ligue 1",23,2.62599469496021,1.27320954907162,2.08488063660477,1.9893899204244,2.54641909814324
"Alieu Fadera","4","Serie A",22,1.97080291970803,4.05109489051095,2.8029197080292,0.656934306569343,3.5036496350365
"Alphonso Davies","2","Bundesliga",23,6.01117526541255,4.97334233563047,5.59604209349972,0.941585956416465,1.88959769044515
"Amari'I Bell","3","Premier League",29,3.97674418604651,1.67441860465116,3.05581395348837,1.30813953488372,2.61627906976744
"Ameen Al-Dakhil","1","Premier League",21,2.98295454545455,0.596590909090909,2.02840909090909,1.02272727272727,1.02272727272727
"Amir Rrahmani","1","Serie A",30,4.43962125660599,0.725205519671169,2.95385496183206,0.702877275396359,1.08642102172637
"Amos Pieper","3","Bundesliga",26,3.72496662216288,0.660881174899867,2.49933244325768,1.44192256341789,1.92256341789052
"Andoni Gorosabel","3","La Liga",27,3.39023380263745,1.42965747170372,2.60600327026396,0.986940179652163,2.40181775710858
"Andre Brooks","3","Premier League",19,1.727078891258,1.15138592750533,1.49680170575693,1.34328358208955,2.11087420042644
"Andrea Cambiaso","4","Serie A",24,3.59595152966509,3.23087510525393,3.44992095990063,0.532862952364104,1.82366522076181
"Andrea Carboni","1","Serie A",23,2.43953146960252,0.578256651208388,1.69502154224487,1.06899994690022,2.38228038711891
"Andreas Christensen","2","La Liga",27,5.32086912582112,1.09146033350177,3.62910560889338,0.955027791814048,1.04598281960586
"Andreas Hanche-Olsen","1","Bundesliga",27,2.05348394633705,0.115456361169732,1.27827291227012,0.919552683147422,1.64323937292734
"Andrei Ratiu","4","La Liga",26,4.25774877650897,3.58238172920065,3.98760195758564,0.792822185970636,2.08482871125612
"Andrew Robertson","2","Premier League",30,6.91217998175166,2.83489678550299,5.28126670325219,0.726281798351557,1.63739229600198
"Andy Pelmard","1","Ligue 1",23,3.61324857811977,1.17430578788893,2.63767146202743,0.993643358982937,1.5356306457009
"Anel Ahmedhodžić","3","Premier League",24,1.46092865232163,0.509626274065685,1.08040770101925,1.15515288788222,2.17440543601359
"Angeliño","4","Serie A",27,4.01382416398319,1.40811325486068,2.97153980033418,0.869869628798355,1.4797789325501
"Ansgar Knauff","4","Bundesliga",22,2.85053055560257,3.13638392041978,2.96487190152945,0.764876533258038,2.07278761475776
"Anthony Caci","4","Bundesliga",27,4.83647771784287,1.53282974822943,3.51501852999749,1.03192632842277,2.01963784076072
"Anthony Jung","2","Bundesliga",32,4.73581198714918,0.892950314835191,3.19866731822359,1.01149615255911,1.4517107659294
"Anthony Oyono","4","Serie A",22,2.47913188647746,2.62938230383973,2.53923205342237,0.676126878130217,2.779632721202
"Anthony Rouault","1","Bundesliga",23,4.41804180418042,0.478731206453979,2.84231756508984,0.954834372326121,1.36541987532087
"Antoine Hainaut","3","Serie A",22,2.53731343283582,1.64179104477612,2.17910447761194,1.11940298507463,1.94029850746269
"Anton Stach","2","Bundesliga",25,5.29206963249516,1.14893617021277,3.63481624758221,1.60154738878143,2.29787234042553
"Antonee Robinson","3","Premier League",26,3.63933094493318,3.04113728336487,3.40005348030585,1.98356326802385,2.63163432623277
"Antonino Gallo","4","Serie A",24,4.10457083219809,2.23012325268879,3.35479180039437,0.796766983610948,1.89822763649462
"Antonio Candela","4","Serie A",24,2.29807237464522,1.33041627246925,1.91100993377483,0.65515610217597,1.83094843897824
"Antonio Nusa","4","Bundesliga",19,3.00385109114249,3.29268292682927,3.1193838254172,0.462130937098845,1.73299101412067
"Antonio Raillo","1","La Liga",32,3.15552610214132,0.927013303046511,2.26412098250339,1.16546449857338,1.05002013675949
"Antonio Rüdiger","1","La Liga",31,3.30814932329453,0.675233580484664,2.25498302617058,0.35950295174966,0.824735241614232
"Antonio Sánchez","3","La Liga",27,2.45161290322581,1.16129032258065,1.93548387096774,1.16129032258065,1.80645161290323
"Archie Gray","1","Premier League",18,2.05596801827527,0.359794403198172,1.37749857224443,0.976584808680754,0.822387207310109
"Ardian Ismajli","1","Serie A",27,1.76005779062014,0.251871760976123,1.15678337876253,1.51089715843287,1.11040465132603
"Aridane Hernández","1","La Liga",35,2.22746428055997,0.0878048780487805,1.37160051955549,0.636195699235099,0.837003896666186
"Aritz Elustondo","1","La Liga",30,3.1503088538092,1.05010295126973,2.31022649279341,0.679478380233356,1.23541523678792
"Armando Izzo","1","Serie A",32,2.93968639163711,0.630856822848609,2.01615456412171,1.56798581295501,1.4755833488893
"Arnau Martinez","2","La Liga",21,5.24395464416973,1.75469631345689,3.84825131188459,0.894241895304731,1.78114589679841
"Arne Engels","4","Bundesliga",19,3.33096085409253,1.47330960854093,2.58790035587189,0.96085409252669,2.11387900355872
"Aron Dønnum","4","Ligue 1",26,4.21718110821867,3.14615098549647,3.78876905912979,0.937151357381926,1.87430271476385
"Arouna Sangante","3","Ligue 1",22,3.52829570026937,0.732856004317561,2.41011982188865,1.86496822260808,1.7919478326634
"Arthur Chaves","3","Bundesliga",23,2.34782608695652,0.411899313501144,1.57345537757437,1.52402745995423,2.10068649885584
"Arthur Theate","2","Ligue 1",24,5.8052787971878,1.4788775952003,4.0747183163928,1.25661685875101,1.18709152011216
"Ashley Young","3","Premier League",39,3.77842105263158,1.36547368421053,2.81324210526316,1.03421052631579,2.43805263157895
"Aurélien Tchouaméni","2","La Liga",24,5.0910061925386,0.952083859328851,3.4354372592547,1.40392469235228,1.64713160646471
"Aurélio Buta","4","Ligue 1",27,4.21818679271643,1.95553427560192,3.31312578587063,0.88957935546966,1.87728775671774
"Auston Trusty","1","Premier League",24,1.39968895800933,0.349922239502333,0.979782270606532,1.22472783825816,1.64463452566096
"Axel Disasi","1","Premier League",25,3.90849166343544,1.04691740984878,2.76386196200078,0.628150445909267,1.15160915083366
"Axel Tuanzebe","1","Premier League",26,3.21052631578947,0.526315789473684,2.13684210526316,1.21052631578947,1.63157894736842
"Axel Witsel","1","La Liga",34,2.87818900467122,0.549766439094502,1.94681997844053,0.517427236794826,1.13187208048868
"Aïssa Mandi","1","La Liga",32,4.3529753026318,0.554185985382841,2.83345957573222,0.712948115151732,1.33056896178977
"Bafodé Diakité","1","Ligue 1",23,3.98484503540294,0.642029990177219,2.64771901731265,0.996455869111448,1.27379594196374
"Bartosz Bereszyński","3","Serie A",31,3.52440408626561,0.766174801362088,2.4211123723042,1.07264472190692,2.09421112372304
"Becir Omeragic","1","Ligue 1",22,2.65762914229551,0.934028853015228,1.9681890265834,0.850699687061824,1.7347007468586
"Ben Davies","2","Premier League",31,4.68926929466015,1.01002557227442,3.21757180570586,0.8185540291841,1.5655815107631
"Ben Godfrey","3","Premier League",25,3.45535714285714,0.883928571428571,2.42678571428571,1.28571428571429,2.41071428571429
"Ben Johnson","3","Premier League",24,1.79468242245199,1.06351550960118,1.50221565731167,0.86410635155096,2.52584933530281
"Ben Mee","1","Premier League",33,3.46698113207547,0.778301886792453,2.39150943396226,0.919811320754717,1.83962264150943
"Ben Osborn","4","Premier League",28,3.62106803218727,1.05340160936357,2.59400146305779,0.526700804681785,1.44842721287491
"Ben White","2","Premier League",26,5.10775992115373,1.52659050224269,3.67529215358932,1.08292938029246,1.47414365307641
"Benedikt Gimber","1","Bundesliga",27,1.33164576143677,0.184731972840028,0.872880245998076,0.878535578596211,2.10367702211763
"Benjamin Henrichs","3","Bundesliga",27,3.60474805339972,1.37733560277922,2.71378307315152,1.30981111943806,2.7515083770498
"Benjamin Pavard","2","Serie A",28,5.00897129186603,1.04216507177034,3.42224880382775,1.31578947368421,1.73893540669856
"Benno Schmitz","4","Bundesliga",28,5.45454545454545,2.1038961038961,4.11428571428571,0.545454545454545,2.1038961038961
"Benoît Badiashile","1","Premier League",22,3.09417040358744,0.201793721973094,1.9372197309417,1.21076233183856,1.41255605381166
"Berat Djimsiti","1","Serie A",31,3.11325115562404,0.640793528505393,2.12426810477658,1.58753852080123,1.57078197226502
"Bernardo","3","Bundesliga",29,4.47976688913761,0.753672152440962,2.98932899445895,1.50300888501983,2.68521397283367
"Beñat Prados","2","La Liga",22,5.40372670807453,1.42857142857143,3.81366459627329,1.42857142857143,2.79503105590062
"Borna Sosa","3","Serie A",26,3.88653683319221,0.990685859441152,2.72819644369179,1.06689246401355,1.9813717188823
"Botond Balogh","1","Serie A",22,1.62201656113005,0.306867998051632,1.09595713589868,1.09595713589868,1.57817827569411
"Boubakar Kouyaté","3","Ligue 1",26,2.70746887966805,0.186721991701245,1.69917012448133,1.35373443983402,2.28734439834025
"Bradley Locko","3","Ligue 1",21,3.92362284555593,2.52450152078405,3.36397431564718,1.21662723893207,2.95032105441027
"Brendan Chardonnet","1","Ligue 1",29,2.69234146096729,0.509168673489865,1.81907234597632,1.34317930965282,1.70179861529199
"Brian Oliván","4","La Liga",30,3.53982300884956,1.85840707964602,2.86725663716814,0.884955752212389,1.15044247787611
"Bruno Méndez","3","La Liga",23,3.17329332333083,0.54013503375844,2.12003000750188,1.75543885971493,2.43060765191298
"Bryan Cristante","2","Serie A",28,6.40316205533597,1.28610519914868,4.35633931286105,0.684098510185467,1.97020370933414
"Caio Henrique Oliveira Silva","4","Ligue 1",27,4.75894245723173,2.65940902021773,3.91912908242613,1.02643856920684,1.72628304821151
"Caleb Okoli","1","Premier League",23,3.10223747426218,0.459739190116678,2.04523816060398,1.04783802333562,1.86479066575154
"Calvin Bassey","1","Premier League",24,2.90957651627492,0.864013333291899,2.09135124308171,0.83989060123835,1.74794778443777
"Cameron Burgess","1","Premier League",28,2.45295262816353,0.116807268007787,1.51849448410123,0.81765087605451,0.992861778066191
"Carl Starfelt","1","La Liga",29,2.08003069387236,0.319595970037691,1.37585680433849,1.30497065793031,1.52399847325816
"Carlens Arcus","3","Ligue 1",28,3.07767464582316,1.71470444553004,2.53248656570591,1.18710307767465,2.28627259404006
"Carlos Augusto","4","Serie A",25,3.53761345229219,1.92060782145887,2.89081119995886,0.656894556861132,1.52825444167331
"Carlos Dominguez","1","La Liga",23,4.3045906781618,0.884049534292972,2.93637422061427,1.12034292972058,1.81387595258256
"Carlos Neva","1","La Liga",27,3.17546090273363,1.23013350286078,2.39732994278449,0.858232676414495,0.915448188175461
"Carlos Romero","3","La Liga",22,2.25528582615505,1.76194205168363,2.05794831636648,1.05716523101018,2.5724353954581
"Carlos Soler","2","Ligue 1",26,6.11009174311927,1.23853211009174,4.16146788990826,0.412844036697248,1.23853211009174
"Carmona","3","La Liga",22,3.00386683807742,1.68221435697928,2.47520584563816,1.75983458828025,2.29772426858332
"Casemiro","3","Premier League",31,5.08577194752775,0.544904137235116,3.2694248234107,0.817356205852674,3.76892028254289
"Castello Lukeba","1","Bundesliga",21,4.48044212691164,0.986020519175841,3.08267348381732,0.731561090261741,1.27482376598566
"Catena","1","La Liga",29,2.67026603450073,0.220542585701088,1.69037665498087,0.778739012796174,1.25941971234156
"Cedric Zesiger","1","Bundesliga",26,3.70492362842424,0.532977062964823,2.43614500224047,1.18705246918221,1.00237129306897
"Cenk Özkacar","1","La Liga",22,3.15394242803504,0.957446808510638,2.27534418022528,1.01376720901126,1.46433041301627
"Chadi Riad","1","La Liga",20,1.41404805914972,0.166358595194085,0.914972273567468,0.956561922365989,1.45563770794824
"Chancel Mbemba","2","Ligue 1",28,5.34209333937472,0.652469415496149,3.46624376982329,0.530131400090621,1.34571816946081
"Charalampos Lykogiannis","4","Serie A",30,3.84626427075593,2.22142471120719,3.19632844693643,0.721222049584544,1.4853830304668
"Charlie Cresswell","1","Ligue 1",21,2.39583333333333,0.277777777777778,1.54861111111111,0.972222222222222,1.21527777777778
"Charlie Taylor","4","Premier League",29,3.16602316602317,1.38996138996139,2.45559845559846,0.733590733590734,1.35135135135135
"Cheick Konaté","4","Ligue 1",19,3.11797752808989,1.85393258426966,2.6123595505618,1.09550561797753,2.19101123595506
"Chiedozie Ogbene","4","Premier League",26,2.39097744360902,5.72932330827068,3.72631578947368,0.315789473684211,0.766917293233083
"Chris Richards","1","Premier League",24,1.83718011026003,0.161968639400815,1.16709552191634,1.02507834186571,2.08895491503896
"Chrislain Matsima","1","Ligue 1",22,3.19787354909009,0.742724687560212,2.21581400447814,1.41305005016311,1.2332850527211
"Christian Günter","1","Bundesliga",31,1.9876510493958,1.00628251333149,1.59510363497008,0.240480422693694,1.29633404543305
"Christian Kabasele","1","Serie A",33,3.41085271317829,0.697674418604651,2.32558139534884,1.08527131782946,1.31782945736434
"Christian Mawissa","3","Ligue 1",19,2.88888802813628,1.43625180112483,2.3078335373317,1.66499018543392,2.14467039862513
"Christoph Klarer","1","Bundesliga",23,2.44689889549703,0.344095157179269,1.60577740016992,0.802888700084962,1.41461342395922
"Christoph Zimmermann","3","Bundesliga",30,2.50819672131148,0.516393442622951,1.71147540983607,1.54918032786885,2.4344262295082
"Christophe Hérelle","1","Ligue 1",30,2.28200371057514,0.0556586270871985,1.39146567717996,1.00185528756957,1.78107606679035
"Christopher Jullien","1","Ligue 1",30,1.8978102189781,0.072992700729927,1.16788321167883,0.875912408759124,1.16788321167883
"Christopher Operi","4","Ligue 1",27,3.51091331797404,1.64839645861651,2.76590657423103,1.18309393482973,1.51269765464688
"Christopher Trimmel","4","Bundesliga",37,4.23908534797,1.09431432521892,2.98117693886957,0.820924288766917,1.61155570452927
"Christopher Wooh","1","Ligue 1",22,3.80115471704088,0.692058301928619,2.55751615099598,1.29442513538335,1.69621084966906
"Chumi","1","La Liga",24,2.51437962202136,0.406737880032868,1.67132292522597,0.517666392769104,1.25718981101068
"Clinton Mata","3","Ligue 1",31,3.63710229216558,1.02839548409169,2.59361956893602,1.6842285323298,1.65010263427985
"Clément Akpa","3","Ligue 1",22,2.67900241351569,0.977473853580048,1.99839098954143,1.52051488334674,1.99115044247788
"Clément Lenglet","1","La Liga",29,3.79319800713897,1.37985570757298,2.82786108731258,0.775228744486998,1.12349783350251
"Conor Coady","1","Premier League",31,1.68028004667445,0.157526254375729,1.07117852975496,0.682613768961494,0.682613768961494
"Copete","3","La Liga",24,3.13960116337985,0.395777936630755,2.04207187268021,1.58092451777866,2.37318737406865
"Craig Dawson","1","Premier League",34,1.92506873155833,0.298435060390995,1.2744152630914,0.74303511661637,1.30629588999967
"Cristhian Mosquera","1","La Liga",20,2.7945002535292,0.679418573034781,1.94846758133143,1.00136979254698,1.59341118027028
"Cristian Gamboa","3","Bundesliga",33,2.50210614995788,0.909856781802864,1.86520640269587,1.13732097725358,1.81971356360573
"Cristian Romero","2","Premier League",26,5.14345270639694,0.897484964461454,3.44506560962274,1.37705030071077,2.17680426462548
"Cristiano Biraghi","4","Serie A",31,3.86288563209796,1.98315182490741,3.11099210922174,0.578283205925561,1.51946963765757
"Curtis Jones","2","Premier League",23,6.15070093457944,1.57710280373832,4.32126168224299,0.367990654205608,2.05023364485981
"Cédric Kipré","1","Ligue 1",27,3.16438356164384,0.657534246575342,2.16164383561644,1.31506849315068,1.72602739726027
"César Azpilicueta","2","La Liga",33,4.86999297259311,2.46661981728742,3.90864371047084,1.01194659170766,1.58116654954322
"César Montes","1","La Liga",26,2.61744966442953,0.352348993288591,1.71140939597315,0.553691275167785,1.10738255033557
"César Tárrega","1","La Liga",22,2.34963648380701,0.594844679444812,1.64771976206213,0.654329147389293,1.45736946463979
"Daley Blind","2","La Liga",34,7.56741336405976,1.87606388644132,5.29087357301238,0.835953310030307,1.50480745955053
"Damián Suárez","4","La Liga",35,4.01847575057737,1.38568129330254,2.96535796766744,0.69284064665127,2.49422632794457
"Dan Burn","1","Premier League",32,2.25159128313934,0.393270012492316,1.50826277488053,0.975649897880272,1.5339969463227
"Dan-Axel Zagadou","1","Bundesliga",24,4.64556090846524,0.12388162422574,2.83688919476944,1.2388162422574,1.30075705437027
"Dango Ouattara","3","Premier League",21,2.56305939788446,3.44182262001627,2.91456468673718,1.61106590724166,3.2953620829943
"Dani Carvajal","1","La Liga",31,3.39935513588208,1.24366651312759,2.53707968678029,0.9120221096269,1.94841087056656
"Daniel Muñoz","3","Premier League",28,2.54055570912266,1.64610517940226,2.1827754972345,1.36390409490275,3.43462842070728
"Daniel Vivian","2","La Liga",25,5.11531178988476,0.980790383574142,3.46150322736051,1.29567786295016,1.34689009494494
"Daniele Ghilardi","3","Serie A",21,2.52833908329226,0.70970921636274,1.80088713652045,1.33070478068014,1.95170034499754
"Daniele Rugani","1","Serie A",29,3.48778433024431,0.151642796967144,2.15332771693345,0.682392586352148,0.834035383319292
"Danilho Doekhi","1","Bundesliga",26,2.76593137254902,0.337009803921569,1.79436274509804,1.43872549019608,1.25245098039216
"Danilo","2","Serie A",32,5.9094616639478,0.66068515497553,3.80995106035889,1.35807504078303,2.20228384991843
"Danilo D'Ambrosio","3","Serie A",35,3.1843696489726,0.762521404109589,2.2156303510274,1.02659460616438,2.82060680650685
"Danilo Pereira","2","Ligue 1",31,6.67669172932331,1.26315789473684,4.51127819548872,1.03759398496241,0.992481203007519
"Danny Da Costa","2","Bundesliga",31,4.89032901296112,0.942173479561316,3.3110667996012,1.21136590229312,1.88434695912263
"Dante","2","Ligue 1",40,5.12783747984294,0.618192179598585,3.3239793597452,1.36467136562236,1.7145552767257
"Dara O'Shea","1","Premier League",25,3.05144723166605,0.541166823054697,2.04733506822151,1.02026243949378,1.31312449993488
"Darko Lazović","4","Serie A",33,2.46744345442084,1.35709389993146,2.02330363262509,0.67854694996573,1.29540781357094
"Darlin Yongwa","4","Ligue 1",22,3.33908541846419,3.02847282139776,3.21484037963762,1.16479723899914,2.32959447799827
"David Alaba","1","La Liga",31,3.97746967071057,0.701906412478336,2.66724436741768,1.16984402079723,1.01386481802426
"David García","2","La Liga",29,5.12853470437018,0.809768637532134,3.40102827763496,0.694087403598972,1.11825192802057
"David López","1","La Liga",34,3.68209202417355,0.658455871954343,2.47263756328587,0.717381261411884,1.34856174909412
"David Nemeth","1","Bundesliga",23,2.73748245203556,0.589611605053814,1.87833411324286,0.758072063640618,1.81094992980814
"David Raum","4","Bundesliga",26,3.944169069077,2.1736412841495,3.235957955106,0.670737812822698,1.91196028697465
"David Torres","1","La Liga",21,2.40086517664023,0.713770728190339,1.72602739726027,0.648882480173035,0.843547224224946
"David Zec","1","Bundesliga",24,1.98572355613238,0.175210902011681,1.2615184944841,0.992861778066191,1.34328358208955
"Davide Calabria","2","Serie A",26,5.76659038901602,1.27688787185355,3.97070938215103,0.988558352402746,2.88329519450801
"Davide Zappacosta","4","Serie A",32,4.20948441458593,3.07352590209762,3.75510100959061,0.359991697522395,1.28912289921274
"Dayot Upamecano","2","Bundesliga",25,7.00369721729468,1.15000267797395,4.66221940156639,1.355056434268,1.78930926985524
"Dean Huijsen","2","Premier League",19,4.89493201483313,1.5203955500618,3.5451174289246,1.89122373300371,1.33498145859085
"Deiver Machado","4","Ligue 1",30,2.16280892341361,1.92787433089185,2.06883508640491,0.679141077079288,1.85836101773445
"Denis Vavro","1","Bundesliga",28,3.51076798049573,0.329134498171475,2.23811458756603,1.35310849248273,0.767980495733442
"Denis Zakaria","2","Ligue 1",26,4.50631726719701,1.13710809546093,3.15863359850257,1.97941038839495,1.60037435657464
"Dennis Appiah","3","Ligue 1",32,4.56766917293233,2.15695488721805,3.60338345864662,1.2265037593985,3.00281954887218
"Denzel Dumfries","4","Serie A",28,2.57415709472902,2.63877294027142,2.60000343294598,0.467576605409387,1.17947441597006
"Derek Cornelius","1","Ligue 1",26,4.30985915492958,0.633802816901408,2.83943661971831,0.887323943661972,1.52112676056338
"Derrick Köhn","4","Bundesliga",25,2.61355174981385,2.41250930752048,2.5331347728965,0.670141474311243,1.34028294862249
"Destiny Udogie","2","Premier League",21,5.74723104051837,2.82510166763617,4.57837929136549,1.21091436963457,3.03395725133492
"Diego Carlos","1","Premier League",30,2.92400881057269,0.198237885462555,1.83370044052863,0.644273127753304,1.33810572687225
"Diego Coppola","3","Serie A",20,1.83954813978161,0.0890361923910212,1.13934336082537,1.85050948017424,2.00612287824622
"Diego Llorente","1","Serie A",30,3.00230231805102,0.539796166645019,2.01729985748862,1.22438316719201,1.28596948902626
"Diego Moreira","4","Ligue 1",19,3.04906542056075,3.4696261682243,3.21728971962617,1.22663551401869,1.54205607476636
"Diego Rico","3","La Liga",31,4.28340865345259,0.928045322211284,2.94126332095607,1.27055630537498,2.42910638083504
"Dilane Bakwa","4","Ligue 1",21,4.64957949539447,3.85662795354425,4.33239887865439,0.540648778534241,0.937124549459351
"Dimitri Foulquier","4","La Liga",31,3.65760924236993,1.96559756189138,2.98080457017851,0.704059122150546,1.89230765961125
"Dimitris Giannoulis","3","Bundesliga",28,3.53207547169811,2.0377358490566,2.93433962264151,1.59622641509434,1.59622641509434
"Diogo Dalot","3","Premier League",25,3.40515556164627,1.72871129096618,2.73457785337423,1.11625910415516,2.23581323735092
"Diogo Leite","3","Bundesliga",25,4.06544888630981,0.586656301258909,2.67393185228945,1.7902162024813,1.9972113409345
"Djed Spence","2","Premier League",23,5.2734375,2.96316964285714,4.34933035714286,1.0546875,2.36049107142857
"Djené","1","La Liga",32,3.08226969717653,0.553403635701772,2.07072327258663,0.787545787545788,1.05746479193684
"Djibril Sidibé","2","Ligue 1",32,5.18324607329843,0.685387910518801,3.38410280818658,0.856734888148501,2.78438838648263
"Dodô","4","Serie A",25,3.69823434991974,4.13162118780096,3.87158908507223,1.01123595505618,1.27126805778491
"Domagoj Bradarić","4","Serie A",24,2.31496304821939,1.63146284488156,2.04156296688426,0.873024983735797,1.3127936095654
"Domingos Duarte","1","La Liga",29,3.46957173095753,0.419918475214888,2.24971042866048,0.83263102769506,1.02508254191742
"Dominik Kohr","3","Bundesliga",30,4.02022732169791,0.901287438052144,2.7726513682396,1.70951842275372,2.55497198879552
"Duje Ćaleta-Car","1","Ligue 1",27,2.6841388039958,0.226531496601742,1.70109588103818,0.889377024129909,1.15523650960179
"Dylan Batubinsika","1","Ligue 1",28,2.27678571428571,0.491071428571429,1.5625,1.74107142857143,1.16071428571429
"Edimilson Fernandes","1","Bundesliga",28,3.47779648532043,0.59902136167526,2.32628643586236,1.58192149847417,1.23860886035989
"Edmond Tapsoba","2","Bundesliga",25,6.47993380871843,1.98992700649012,4.68393108782711,0.94828299639782,1.43314961519341
"Edoardo Goldaniga","1","Serie A",30,3.66509274754947,0.756043708776914,2.50147313204045,1.25414867734541,1.13839003192372
"Eduardo Camavinga","2","La Liga",21,5.11613197398636,2.27524478933085,3.97977710012416,1.45324406417711,3.59728696611055
"El Chadaille Bitshiabu","2","Bundesliga",19,5.49557522123894,0.31858407079646,3.42477876106195,1.0353982300885,2.15044247787611
"Elseid Hysaj","2","Serie A",29,3.82819015846539,2.02668890742285,3.10758965804837,1.27606338615513,1.80150125104254
"Emanuele Valeri","4","Serie A",25,3.02287942834079,2.68899543020109,2.88932582908491,0.798032084916827,1.52462301966024
"Emerson","2","Premier League",25,4.43152454780362,1.5655874753002,3.28514971880225,1.23271013831889,2.86593707250342
"Emerson Palmieri","3","Premier League",29,3.19869891759515,1.84729653747216,2.65813796554595,1.06406279206352,2.79836511562755
"Emil Holm","4","Serie A",24,3.22231292820266,2.47827467937913,2.92469762867324,0.728407719976707,2.67616386143717
"Emil Krafth","1","Premier League",28,2.85870755750274,1.1829134720701,2.18838992332968,0.887185104052574,2.07009857612267
"Emir Karic","2","Bundesliga",26,5.80482333146383,2.82669657879978,4.61357263039821,0.656197420078519,2.27145260796411
"Emmanuel Agbadou","2","Premier League",27,4.56147482761258,0.85111690809491,3.07733165980551,1.34329332165611,1.9846915916155
"Emmanuel Biumla","1","Ligue 1",19,1.07784431137725,0.202095808383234,0.727544910179641,0.538922155688623,1.27994011976048
"Emmanuel Gyasi","1","Serie A",30,1.7232792196459,0.666973765468606,1.30075703797498,0.273614610248939,1.54164866893431
"Emre Can","2","Bundesliga",30,5.0143721882286,1.23400505708375,3.50222533577066,0.934465886576836,2.52049651367711
"Enrico Del Prato","1","Serie A",24,2.4737020699016,0.244316253817441,1.58194774346793,0.580251102816423,1.00780454699695
"Enzo Boyomo","1","La Liga",22,3.34449280214262,0.482089052561098,2.19953130231001,1.32574489454302,2.04887847338467
"Enzo Tchato","4","Ligue 1",21,3.30919431279621,2.08265402843602,2.81857819905213,0.961327014218009,2.17744075829384
"Eray Cömert","1","La Liga",26,2.49987954709708,0.38555072335138,1.6541480175988,1.41911270587937,1.55445105174403
"Erhan Mašović","1","Bundesliga",25,2.68390127222935,0.353641626512289,1.75179741394252,1.10039172184283,1.99018962110445
"Eric Dier","1","Bundesliga",30,4.29084073820916,0.677852435548563,2.84564541714492,1.00110911928191,1.00894388630238
"Eric García","2","La Liga",23,6.90351496606645,1.28515946804755,4.65617276685889,0.91424424306618,2.03052057588953
"Eric Smith","1","Bundesliga",27,3.75663247258578,0.509373894587902,2.45772904138663,1.17792713123452,1.46444994694022
"Ethan Pinnock","1","Premier League",31,2.05330736709704,0.266920440179129,1.33875259632988,1.33211084392411,1.44806624873799
"Etienne Youte Kinkoue","1","Ligue 1",22,1.94068445877525,0.510965730426904,1.36879696743591,1.58259273570325,0.716293369930182
"Ezri Konsa","1","Premier League",26,3.37356269027624,0.910369405579039,2.38828537639736,0.778404596194875,1.31290602251752
"Fabian Holland","3","Bundesliga",33,4.26702997275204,0.539509536784741,2.77602179836512,1.17711171662125,2.30517711171662
"Fabian Nürnberger","4","Bundesliga",24,4.16391275611368,2.08195637805684,3.33113020489095,1.01123595505618,1.72504957038995
"Fabian Schär","1","Premier League",32,3.76954090180433,0.688647293502236,2.53718345848349,1.22063591548447,1.1710077500693
"Fabiano Parisi","4","Serie A",23,4.01545374889249,2.5483449754512,3.42861023951597,1.20673978275661,2.00943403153407
"Facundo Medina","2","Ligue 1",25,6.71021220562696,1.65961454145659,4.68997313995881,0.96419694736168,1.83977227646166
"Falaye Sacko","2","Ligue 1",29,4.2046594906356,2.00376055013891,3.32429991443692,1.25592867630748,1.42267104693293
"Fali","1","La Liga",29,2.89752650176678,0.565371024734982,1.96466431095406,0.954063604240283,1.44876325088339
"Fali Candé","1","Serie A",26,2.30717717048961,0.244408742404479,1.48206979925556,0.927926064963573,1.70879330639773
"Federico Baschirotto","1","Serie A",27,2.24568593615186,0.553566292781133,1.56883807880357,0.616839229220592,0.773727351164797
"Federico Dimarco","4","Serie A",26,3.88225018018948,2.07647951656361,3.15994191473913,0.484381845569373,1.42673248955188
"Federico Fazio","1","Serie A",36,1.79335793357934,0.132841328413284,1.12915129151291,1.12915129151292,1.19557195571956
"Federico Gatti","1","Serie A",26,3.57849440630661,1.37939934850381,2.69885638318549,0.693252583050215,1.13717182240121
"Federico Valverde","2","La Liga",26,6.70844327176781,1.95910290237467,4.80870712401055,1.63258575197889,1.48416886543536
"Felix Agu","4","Bundesliga",24,1.99727611837314,1.74028011608874,1.89447771745938,0.902145136395772,2.02563484700193
"Felix Passlack","4","Bundesliga",26,2.51883836760925,1.29779884318766,2.03042255784062,0.815793701799486,2.00622589974293
"Ferland Mendy","1","La Liga",29,3.80961471711211,1.03440645609163,2.69953141270392,0.743101353696633,1.15363589031586
"Festy Ebosele","4","Serie A",20,1.85294117647059,3.54705882352941,2.53058823529412,0.529411764705882,1.74705882352941
"Fikayo Tomori","1","Serie A",26,3.11629468031549,0.565451218245311,2.09595729548742,1.11659834264298,2.02103261173575
"Filip Kostić","4","Serie A",30,4.36363636363636,3.17355371900826,3.88760330578512,0.446280991735537,1.83471074380165
"Filippo Terracciano","3","Serie A",20,3.54166666666667,1.80555555555556,2.84722222222222,1.38888888888889,2.08333333333333
"Finn Porath","4","Bundesliga",27,2.6497461928934,1.91878172588832,2.35736040609137,0.959390862944162,2.05583756345178
"Flavius Daniliuc","1","Serie A",23,3.40637450199203,0.717131474103586,2.33067729083665,0.627490039840637,2.33067729083665
"Florent Hanin","3","Ligue 1",34,3.33458083832335,1.61676646706587,2.64745508982036,1.58308383233533,2.32410179640719
"Florent Ogier","1","Ligue 1",34,1.62248144220573,0.381760339342524,1.12619300106045,0.858960763520679,1.81336161187699
"Florian Grillitsch","2","Bundesliga",27,5.96078431372549,1.25490196078431,4.07843137254902,2.03921568627451,2.11764705882353
"Florian Lejeune","1","La Liga",33,3.47726801223076,0.487096008732381,2.28119921083141,0.865978291083886,1.15005864526058
"Formose Mendy","3","Ligue 1",22,4.37101910828025,1.0031847133758,3.02388535031847,1.43312101910828,2.36464968152866
"Fran Garcia","2","La Liga",24,4.39793572313939,3.32277505075686,3.96787145418638,1.19196568895883,1.86183756620137
"Francesco Acerbi","1","Serie A",36,3.27102618354933,0.89572864321608,2.32090716741603,1.28722560169267,1.01983602221634
"Francesco Gelli","4","Serie A",26,3.51697629724536,2.42152466367713,3.07879564381807,0.634208840486867,1.09545163356823
"Francesco Zampano","4","Serie A",30,2.25137278828554,2.30628431970714,2.27333740085418,0.329469188529591,1.70225747406955
"Franck Honorat","4","Bundesliga",26,3.56929637526652,3.7228144989339,3.63070362473348,0.345415778251599,0.959488272921109
"Frans Krätzig","3","Bundesliga",21,2.73623664749384,1.84880854560394,2.38126540673788,1.25718981101068,2.36647493837305
"Frederic Guilbert","3","Ligue 1",29,3.72266890972514,1.46537690804285,2.81975210905223,2.15171569233814,2.77352118948072
"Gabriel Gudmundsson","4","Ligue 1",25,3.60824550814801,3.175077765913,3.434978411254,0.961325966850829,1.68893634801987
"Gabriel Magalhães","1","Premier League",26,4.12912423404401,0.382617226926505,2.63052143119701,0.762975999350477,1.18568235772362
"Gabriel Osho","1","Premier League",25,2.07184133542769,0.570251571750286,1.47120542995673,1.08216923155527,1.62521403184244
"Gabriel Paulista","1","La Liga",32,2.1244635193133,0.128755364806867,1.32618025751073,1.5450643776824,0.643776824034335
"Gabriel Suazo","3","Ligue 1",26,4.4441793177227,1.71383731994349,3.35204251861101,1.24535349891756,2.48753822679456
"Gabriele Zappa","4","Serie A",24,3.88661368491168,1.45322943703057,2.91325998575924,0.689660518639318,1.53708340032616
"Gaby Jean","1","Serie A",24,2.72334293948127,0.518731988472622,1.84149855907781,0.5835734870317,0.907780979827089
"Gastón Álvarez","3","La Liga",23,2.23492313756405,0.390224674812771,1.49704375246354,1.24162396531336,2.41229798975168
"Gautier Lloris","1","Ligue 1",29,3.3103292488046,0.42192708398357,2.15496838287619,1.07110419605738,1.91542653466335
"Gedeon Kalulu","4","Ligue 1",25,3.24742268041237,1.57731958762887,2.57938144329897,0.463917525773196,2.1340206185567
"Geoffrey Kondogbia","2","Ligue 1",31,4.67821782178218,0.891089108910891,3.16336633663366,0.98019801980198,2.67326732673267
"George Baldock","1","Premier League",30,2.87925696594427,0.835913312693498,2.06191950464396,0.928792569659443,1.671826625387
"Gerard Martín","1","La Liga",22,3.46820809248555,0.867052023121387,2.42774566473988,1.1271676300578,1.90751445086705
"Germán Pezzella","1","La Liga",32,2.08167690639682,0.162631008312252,1.31405854716299,1.00831225153596,1.10589085652331
"Gerrit Holtmann","4","Bundesliga",29,2.61443661971831,3.9612676056338,3.15316901408451,1.26760563380282,1.90140845070423
"Gerzino Nyamsi","1","Ligue 1",26,2.06043956043956,0.247252747252747,1.33516483516484,0.824175824175824,1.48351648351648
"Gian Marco Ferrari","2","Serie A",31,5.86267605633803,1.26760563380282,4.02464788732394,0.990316901408451,0.871478873239437
"Giangiacomo Magnani","1","Serie A",28,2.76444180632074,0.445200663885111,1.83674534934649,1.54686959728914,1.45268089716696
"Gianluca Mancini","1","Serie A",28,4.17033897299481,1.2403153860255,2.99832953820709,1.06577026054568,1.13462316242826
"Gideon Mensah","3","Ligue 1",26,3.67105263157895,2.05263157894737,3.02368421052632,1.97368421052632,2.68421052631579
"Giorgio Scalvini","3","Serie A",19,4.10377358490566,1.06132075471698,2.88679245283019,2.0872641509434,1.875
"Giorgos Kyriakopoulos","4","Serie A",28,3.37422392129166,2.74199694496001,3.121333130759,0.705501741044298,1.17955648539001
"Giovanni Di Lorenzo","2","Serie A",30,7.25708268565411,1.99756806899664,5.15327683899112,0.75287068144211,1.69894198465627
"Giovanni González","3","La Liga",28,3.32386363636364,1.02272727272727,2.40340909090909,1.13230519480519,2.6663961038961
"Giovanni Leoni","1","Serie A",17,1.57631359466222,0,0.945788156797331,1.12593828190158,1.05087572977481
"Giuseppe Pezzella","4","Serie A",26,3.07575345141756,3.0288458767129,3.05699042153569,0.31748718227904,1.8968385623657
"Gleison Bremer","1","Serie A",26,3.34055057222394,0.194865450046397,2.08227652335292,1.11351685740798,1.61459944324157
"Grigoris Kastanos","4","Serie A",25,4.74324324324324,1.7027027027027,3.52702702702703,0.486486486486487,1.39864864864865
"Guela Doué","2","Ligue 1",21,4.79803166210229,2.33981939752647,3.81474675627196,1.11012271018242,2.09762471598179
"Guillermo Maripán","1","Serie A",30,3.34870053545775,0.371098341386966,2.15765965782944,1.55246832963302,1.32950241608985
"Hamari Traoré","2","La Liga",31,5.06544502617801,1.92408376963351,3.80890052356021,0.942408376963351,1.72774869109948
"Hans Hateboer","1","Ligue 1",30,4.15654551158517,1.51641259739678,3.10049234590982,0.936665684962642,1.3135600002561
"Harry Maguire","1","Premier League",31,3.29275657662457,0.723645497172377,2.26511214484369,1.70447154723339,1.42127562049764
"Harry Toffolo","1","Premier League",27,2.59081562714188,0.616860863605209,1.80123372172721,0.863605209047293,1.60383824537354
"Hassane Kamara","4","Serie A",30,3.01001634014453,2.40312315752236,2.76725906709567,1.11055034280612,1.69721880632717
"Hauke Wahl","1","Bundesliga",30,4.3030303030303,0.909090909090909,2.94545454545455,0.939393939393939,1.09090909090909
"Hiroki Ito","2","Bundesliga",24,4.88779174147217,1.17145421903052,3.40125673249551,1.17145421903052,0.767504488330341
"Hugo Álvarez","4","La Liga",21,3.43511450381679,4.23664122137405,3.7557251908397,0.458015267175573,1.48854961832061
"Héctor Bellerín","4","La Liga",28,4.26066627703098,1.68322618351841,3.22969023962595,1.15721800116891,1.78842781998831
"Iago","4","Bundesliga",26,2.99630086313194,1.33168927250308,2.33045622688039,0.998766954377312,1.99753390875462
"Ian Maatsen","2","Bundesliga",22,4.82351829830742,2.68441045887465,3.96787516253431,1.05544156544159,2.21377985352463
"Ibrahima Konaté","2","Premier League",25,5.39505489596569,1.1256030614676,3.68727416216645,0.870619738722999,1.7323499047014
"Iglesias","3","La Liga",26,2.67926086649455,1.00852997261306,2.01096850894195,1.28900088674048,2.56877633736944
"Ignace Van Der Brempt","3","Serie A",22,3.00715990453461,1.36038186157518,2.34844868735084,1.21718377088305,2.86396181384248
"Ignasi Miquel","1","La Liga",30,2.4966577540107,0.240641711229947,1.5942513368984,1.35360962566845,1.41377005347594
"Igor","2","Premier League",26,5.23584105082964,1.24611529554901,3.63995074871739,0.572155226719266,0.921363856245753
"Igor Zubeldia","1","La Liga",27,4.30848617149122,0.936712698102092,2.95977678213557,1.18669073197439,1.24618830799907
"Ihlas Bebou","4","Bundesliga",29,2.09046454767726,2.31051344743276,2.17848410757946,0.770171149144254,1.21026894865526
"Ilario Monterisi","1","Serie A",21,2.87950987066031,0.245064669843431,1.82573179033356,0.490129339686862,1.40912185159973
"Illia Zabarnyi","1","Premier League",21,3.49934801317883,0.715125224935453,2.38565889788148,1.03938435057766,1.54995088365947
"Isaac Carcelen","1","La Liga",30,2.5852163921869,0.861738797395634,1.89582535427039,0.930677901187285,1.72347759479127
"Isak Hien","1","Serie A",25,2.13886311633788,0.135367425870219,1.33746484015082,1.27184290581678,1.79269482328693
"Ismail Jakobs","4","Ligue 1",23,3.43792633015007,2.7012278308322,3.14324693042292,0.675306957708049,3.49931787175989
"Ismaily","2","Ligue 1",34,4.76918899998205,2.09759419483387,3.70055107792278,1.23130239279111,2.9571007377623
"Ismaël Doukouré","1","Ligue 1",21,4.15193502150024,0.748646967724929,2.79061979999011,0.94260218791703,1.30707654414551
"Ismaël Traoré","1","Ligue 1",36,1.2972972972973,0.0405405405405405,0.794594594594595,1.21621621621622,0.77027027027027
"Issa Diop","1","Premier League",27,2.92585339554086,0.54925537672756,1.97521418801554,0.839683626889092,1.82182011563216
"Issa Kaboré","4","Premier League",22,2.81087333718913,3.12319259687681,2.9358010410642,0.832851359167149,2.70676691729323
"Issiaga Sylla","4","Ligue 1",30,3.39304569614383,2.18150929261941,2.90843113473406,1.10061356258695,1.83916277244676
"Ivan Ordets","1","Bundesliga",32,2.21385779779803,0.168041947248677,1.39553145757829,1.73342374838511,0.890037099706175
"Iván Balliu","1","La Liga",32,3.25998085624782,1.08315349808562,2.38924991298294,0.941729028889662,1.32667507831535
"Iñigo Lekue","2","La Liga",30,5.34965034965035,1.97802197802198,4.000999000999,0.674325674325674,1.7982017982018
"Iñigo Martínez","2","La Liga",33,8.06685073627845,2.41089357429719,5.80446787148594,0.707245649263722,0.799029451137885
"Jack Hinshelwood","1","Premier League",19,3.32247557003257,0.928338762214984,2.36482084690554,0.781758957654723,1.31921824104235
"Jack Robinson","1","Premier League",29,1.96533795493934,0.249566724436742,1.2790294627383,1.02946273830156,1.34142114384749
"Jack Stephens","1","Premier League",30,4.08207343412527,0.907127429805616,2.81209503239741,0.842332613390929,2.20302375809935
"Jackson Tchatchoua","4","Serie A",22,2.40565890089373,2.13735121703436,2.29833582734998,0.798926428796969,1.72784283576557
"Jacob Greaves","1","Premier League",23,2.81632653061224,0.448979591836735,1.86938775510204,0.857142857142857,1.63265306122449
"Jacob Murphy","4","Premier League",28,3.93608074011775,2.49789739276703,3.36080740117746,0.454163162321278,1.51387720773759
"Jaka Bijol","1","Serie A",25,2.39526618441262,0.442086274545369,1.61399422046572,1.07375886088372,1.58155721589948
"Jake O'Brien","1","Ligue 1",23,2.72389303917377,0.485439580148744,1.82851165556376,0.342520983024151,1.16264641498412
"Jakov Medić","1","Bundesliga",25,1.51590767311291,0.112289457267623,0.954460386774797,1.23518402994386,0.729881472239551
"Jakub Kamiński","4","Bundesliga",22,3.1858407079646,3.26548672566372,3.21769911504425,1.0353982300885,1.35398230088496
"Jakub Kiwior","1","Premier League",24,4.54141275960701,0.390809600795921,2.88117149608258,0.621191394105211,1.83372714836463
"Jamaal Lascelles","1","Premier League",29,2.58333333333333,0.666666666666667,1.81666666666667,0.416666666666667,1.16666666666667
"James Bree","1","Premier League",26,2.84651162790698,1.08837209302326,2.14325581395349,0.753488372093023,1.5906976744186
"James Garner","3","Premier League",23,2.82308657465496,0.846925972396487,2.03262233375157,1.29861982434128,2.65370138017566
"James Justin","3","Premier League",26,2.8125,1.20535714285714,2.16964285714286,1.4217032967033,1.79258241758242
"James Tarkowski","3","Premier League",31,2.86605741679094,0.336029844095053,1.85404638771258,1.36847445696924,1.78849261855328
"Jan Bednarek","1","Premier League",28,2.1335440537337,0.177795337811142,1.35124456736468,1.99130778348479,1.28012643224022
"Jan Paul Van Hecke","2","Premier League",24,6.26087727124445,1.31159791320787,4.28116552802982,0.934972262583728,1.57736594295656
"Jan Thielmann","4","Bundesliga",21,2.90690310322989,2.62191260291324,2.79290690310323,0.45598480050665,1.59594680177327
"Janik Haberer","3","Bundesliga",30,3.29763484539428,0.713479613833387,2.26397275276992,0.893321763015159,2.36156906263038
"Jannik Müller","3","Bundesliga",29,2.46031746031746,0.634920634920635,1.73015873015873,1.34920634920635,2.61904761904762
"Jannik Vestergaard","1","Premier League",31,2.07045291157441,0.194104960460101,1.31991373112868,1.0352264557872,1.4234363767074
"Jarell Quansah","2","Premier League",20,5.0672268907563,0.983193277310924,3.43361344537815,1.28571428571429,1.89075630252101
"Jarrad Branthwaite","1","Premier League",22,2.25147349096581,0.208094653102728,1.43412195582058,1.20595055695888,1.59830634808895
"Jaume Costa","4","La Liga",35,2.67538644470868,1.8192627824019,2.33293697978597,0.856123662306778,2.0332936979786
"Javi Galán","4","La Liga",29,3.24582855355094,3.23724058817395,3.24239336740015,0.888737094587548,2.87713265199708
"Javi Hernández","4","La Liga",26,3.18948422113685,1.46944378121282,2.50146804516724,0.773331128851308,1.2594344005091
"Javi López","4","La Liga",22,3.43191906299142,1.83635774802048,2.79369453700304,0.444281985826412,1.36353245169827
"Javi Rodríguez","1","La Liga",21,4.08114558472554,1.0381861575179,2.86396181384248,1.18138424821002,1.89737470167064
"Javi Sánchez","1","La Liga",27,1.51036525172754,0.177690029615005,0.977295162882527,0.977295162882527,1.15498519249753
"Javier Muñoz","4","La Liga",29,3.75579598145286,1.25193199381762,2.75425038639876,1.07805255023184,1.56491499227202
"Jay Idzes","1","Serie A",24,2.41765270227055,0.431723696834026,1.62328110009594,0.921010553245923,1.29517109050208
"Jaydee Canvot","1","Ligue 1",18,3.33634719710669,0.732368896925859,2.29475587703436,0.895117540687161,1.87160940325497
"Jayden Bogle","3","Premier League",23,1.93687230989957,1.22668579626973,1.65279770444763,1.03299856527977,2.13055954088953
"Jean-Charles Castelletto","1","Ligue 1",29,3.32057351045901,0.798998711212452,2.31194359076038,1.01380489739268,1.20491102409041
"Jean-Clair Todibo","1","Premier League",24,3.48319527911411,0.765109056804617,2.39596079019031,1.28613549810617,2.14343824765015
"Jean-Kevin Duverne","3","Ligue 1",26,4.27299703264095,1.20178041543027,3.04451038575668,1.20178041543027,2.47032640949555
"Jeanuël Belocian","1","Ligue 1",18,3.7292817679558,0.994475138121547,2.6353591160221,0.808011049723757,1.98895027624309
"Jefferson Lerma","3","Premier League",29,3.90702506596306,0.519755936675462,2.55211741424802,1.5061345646438,1.48011213720317
"Jeffrey Gouweleeuw","2","Bundesliga",33,4.65219775440567,0.939543545331075,3.16713607077583,1.14239096375694,1.37167085506129
"Jeremie Frimpong","4","Bundesliga",23,2.0491411288635,5.00332513313011,3.23081473057015,0.295512567736149,1.16151488611419
"Jeremy Toljan","4","Serie A",28,3.41334613538166,1.51224195871339,2.65290446471435,0.691310609697552,0.561689870379261
"Jesus Vazquez","4","La Liga",21,2.05658324265506,3.13384113166485,2.48748639825898,0.979325353645267,2.25244831338411
"Jesús Areso","4","La Liga",25,3.34243736981297,2.79567748536655,3.1237334160344,0.421432356467655,1.53588033904182
"Jesús Navas","4","La Liga",37,4.6280579131303,2.42636045931103,3.7473789316026,0.988517224163754,1.66250624063904
"Jhon Lucumí","1","Serie A",26,3.74690564908637,1.15364545856443,2.70960157287759,0.772353094040314,1.88668437775981
"Jim Allevinah","4","Ligue 1",28,2.51477700161204,4.20741536808168,3.19183234819989,0.628694250403009,1.45083288554541
"Joachim Andersen","1","Premier League",28,3.88826197193158,0.555465995990226,2.55514358155504,1.13259803796532,1.20830421230378
"Joakim Mæhle","4","Bundesliga",27,3.9938035137529,2.75503562364491,3.49829635770971,1.04638678719159,1.83711539436523
"Joe Aribo","1","Premier League",28,3.3532041728763,1.60953800298063,2.65573770491803,0.894187779433681,2.10134128166915
"Joe Gomez","2","Premier League",26,5.03919372900336,2.21724524076148,3.91041433370661,0.957446808510638,2.36842105263158
"Joe Scally","4","Bundesliga",21,2.6963584118265,1.69256409331192,2.29484068442067,0.641540293469858,1.61062679810312
"Joel Ward","4","Premier League",33,3,0.727272727272727,2.09090909090909,0.636363636363636,2.04545454545455
"Johan Mojica","4","La Liga",31,3.93134926386571,2.33477682108429,3.29272028675314,0.887690724894651,1.23312831064805
"Johan Vásquez","3","Serie A",25,2.69953270219284,1.00541200089998,2.0218844216757,1.45041451046228,1.63393793592828
"John Brooks","3","Bundesliga",30,3.5672514619883,0.292397660818713,2.25730994152047,1.57894736842105,1.6374269005848
"John Stones","2","Premier League",29,4.82142857142857,1.35338345864662,3.43421052631579,0.845864661654135,0.169172932330827
"Jon Aramburu","3","La Liga",22,3.54878048780488,0.951219512195122,2.50975609756098,1.09756097560976,3.73170731707317
"Jon Martin","1","La Liga",18,3.38495575221239,0.398230088495575,2.19026548672566,0.696902654867257,1.09513274336283
"Jon Pacheco","1","La Liga",22,3.12581913499345,0.530799475753604,2.08781127129751,0.589777195281782,1.47444298820446
"Jonas Föhrenbach","4","Bundesliga",28,2.99873365577992,1.59446598961237,2.4370265893129,0.89337178049407,1.81553585860801
"Jonathan Clauss","2","Ligue 1",31,5.0328129317491,2.31945486124817,3.94746970354873,1.72127264832432,2.03879327359571
"Jonathan Gradit","2","Ligue 1",31,6.47727272727273,0.830965909090909,4.21875,1.32102272727273,1.61931818181818
"Jonathan Tah","1","Bundesliga",28,4.8354065167064,0.518036695345703,3.10845858816212,0.938841090494454,0.612850281607408
"Jonny Evans","1","Premier League",35,2.39224137931034,0.452586206896552,1.61637931034483,1.48706896551724,1.42241379310345
"Jordan Beyer","1","Premier League",23,1.82333873581848,0.656401944894652,1.35656401944895,1.16693679092382,2.55267423014587
"Jordan Lefort","1","Ligue 1",30,2.61764705882353,0.176470588235294,1.64117647058824,0.941176470588235,1.52941176470588
"Jordan Lotomba","1","Ligue 1",24,2.59423503325942,1.7960088691796,2.27494456762749,0.798226164079823,1.7960088691796
"Jordan Zemura","4","Serie A",24,2.72297228293062,1.79216283012316,2.35064850180764,1.07241773729039,2.02632815212729
"Jordy Makengo","2","Bundesliga",21,4.56140350877193,2.36842105263158,3.68421052631579,0.964912280701754,1.49122807017544
"Jorge Cuenca","1","La Liga",23,3.57615894039735,0.504330106979114,2.34742740703006,0.962812022414671,1.92562404482934
"Jorge Herrando","1","La Liga",23,2.20985935813446,0.312717081146937,1.45100244733945,0.805898729307157,1.35382490301482
"Jorge Sáenz","1","La Liga",27,1.91715976331361,0.266272189349112,1.25680473372781,1.33136094674556,1.97041420118343
"Joseph Okumu","2","Ligue 1",27,5.50649627587467,0.865139445265258,3.64995354363091,1.56733127199062,1.93243263826482
"Josh Doig","4","Serie A",21,2.2114668652271,2.01042442293373,2.13104988830975,1.07222635889799,1.67535368577811
"Josha Vagnoman","1","Bundesliga",23,2.40850019035574,1.31161557174476,1.96974634291135,0.41958921876714,1.70303859381957
"Joshua Kimmich","2","Bundesliga",28,9.47150735294118,2.31617647058824,6.609375,0.579044117647059,1.86121323529412
"Josip Juranović","4","Bundesliga",28,3.82732809422396,1.50277446981022,2.89750664445846,0.689096687039005,1.51087584164252
"Josip Stanišić","2","Bundesliga",23,6.56621728786677,3.49722442505948,5.33862014274385,0.642347343378271,2.71213322759715
"Josué Casimir","4","Ligue 1",21,2.76785714285714,2.63392857142857,2.71428571428571,0.580357142857143,1.38392857142857
"José Luis Gayà","3","La Liga",29,3.2815909832022,1.7539444309735,2.67053236231072,0.900341976103479,3.20654854973704
"José Luis Palomino","3","Serie A",34,2.91396854764107,0.333024976873265,1.88159111933395,1.83163737280296,2.24791859389454
"José María Giménez","1","La Liga",29,2.32307330135656,0.135407070050863,1.44800680883428,0.94717041778808,1.19615237482995
"João Cancelo","2","La Liga",29,5.06991610067919,3.81142628845386,4.56652017578905,1.04274870155813,2.30123851378346
"João Ferreira","3","Serie A",22,3.01317233809001,0.938529088913282,2.18331503841932,1.43249176728869,2.86498353457739
"João Neves","2","Ligue 1",19,7.02819956616052,1.70824295010846,4.9002169197397,1.12255965292842,3.07483731019523
"Joël Schingtienne","1","Serie A",21,2.24598930481283,0.401069518716578,1.50802139037433,1.12299465240642,2.16577540106952
"Joël Veltman","2","Premier League",32,4.66266778386514,1.5286570314483,3.4090634828984,1.01390585549547,2.67047419583233
"Joško Gvardiol","2","Premier League",22,6.25413299189289,2.46740205870972,4.73944061861962,1.12611838524675,1.85960450688806
"Juan Berrocal","1","La Liga",25,2.11665098777046,0.0846660395108184,1.3038570084666,1.26999059266228,1.18532455315146
"Juan Cruz Armada","1","La Liga",32,3.67710975231227,0.703361338456169,2.48761038676983,0.595382934137033,1.5130365347842
"Juan David Cabal","3","Serie A",22,4.20841683366733,1.56312625250501,3.1503006012024,1.56312625250501,2.16432865731463
"Juan Foyth","1","La Liga",26,4.08916460900752,1.19071427773371,2.92978447649799,1.07208696915187,1.84329016904461
"Juan Herzog","1","La Liga",21,1.84790874524715,0,1.10874524714829,1.2319391634981,0.821292775665399
"Juan Jesus","1","Serie A",33,3.83882839974232,0.253297567878679,2.40461606699686,0.866225406849648,1.94068074051388
"Juan Miranda","2","Serie A",24,5.71596174219378,1.51962244242396,4.03742602228585,0.914717682747823,1.55275552359841
"Juanlu Sánchez","4","La Liga",20,3.68216859863046,2.75016447999245,3.30936695117526,0.901490498514517,3.44040513708633
"Jubal","1","Ligue 1",30,1.125,0.0340909090909091,0.688636363636364,0.852272727272727,2.04545454545455
"Jules Koundé","2","La Liga",25,6.65332343736241,1.80009057329319,4.71203029173472,0.733554293326377,1.6626277245645
"Julian Araujo","2","La Liga",21,4.55540355677155,1.41586867305062,3.29958960328317,0.615595075239398,2.52393980848153
"Julian Chabot","1","Bundesliga",26,3.32393271469094,0.421846545315449,2.16309824694074,1.50280355454421,1.71604539102285
"Julian Ryerson","4","Bundesliga",26,3.46255047720831,2.35888365045759,3.02108374650803,0.692915942342684,1.9604772759556
"Julien Laporte","1","Ligue 1",29,2.77227722772277,0.247524752475248,1.76237623762376,0.544554455445545,1.13861386138614
"Julien Le Cardinal","3","Ligue 1",26,2.54716981132075,0.457184325108853,1.71117561683599,2.15529753265602,1.76342525399129
"Junior Dina Ebimbe","4","Bundesliga",22,3.63496932515337,2.62269938650307,3.23006134969325,0.414110429447853,2.02453987730061
"Junior Messias","4","Serie A",32,2.47863247863248,2.99145299145299,2.68376068376068,0.427350427350427,2.22222222222222
"Junior Sambia","4","Serie A",26,3.57558139534884,2.00581395348837,2.94767441860465,0.959302325581395,1.04651162790698
"Jurriën Timber","2","Premier League",23,5.43649151841125,2.122465866777,4.11088125775755,0.819197352089367,2.15970211005379
"Jérémy Jacquet","3","Ligue 1",19,3.88349514563107,0.776699029126214,2.64077669902913,2.62135922330097,2.52427184466019
"Karol Mets","2","Bundesliga",31,5.4,0.5,3.44,1.2,1.3
"Keane Lewis-Potter","4","Premier League",23,2.4251062314604,3.17458575956588,2.72489804270259,0.524126808694523,1.24378142940126
"Kelvin Amian","4","Ligue 1",26,3.03464203233256,1.33025404157044,2.35288683602771,0.540415704387991,2.28637413394919
"Kenny Lala","2","Ligue 1",32,5.34229111667682,1.65352331956948,3.86678399783389,0.843080845686951,2.28755161443173
"Kenny Tete","3","Premier League",28,3.19616685456595,1.72491544532131,2.60766629086809,1.62344983089064,2.84103720405862
"Keven Schlotterbeck","1","Bundesliga",27,3.96236341919127,0.289441044198105,2.493194469194,1.20006563288984,1.52420212812881
"Kevin Akpoguma","3","Bundesliga",29,4.24263963142723,0.693993446500283,2.82318115745645,1.32621523072754,2.53032841410234
"Kevin Danso","1","Ligue 1",25,4.42090395480226,0.832627118644068,2.98559322033898,1.22316384180791,1.19844632768362
"Kevin Mbabu","4","Bundesliga",28,3.69320957498779,3.07767464582316,3.44699560332193,1.0552027357108,2.24230581338544
"Kevin Vogt","1","Bundesliga",32,4.37645418232212,0.627992327027411,2.87706944020423,0.560943491190908,0.808530819718862
"Ki-Jana Hoever","4","Ligue 1",22,3.34745762711864,2.5,3.00847457627119,0.889830508474576,2.16101694915254
"Kialonda","1","Serie A",26,1.42723880597015,0.167910447761194,0.923507462686567,1.34328358208955,1.42723880597015
"Kieran Tierney","2","La Liga",26,5.59773828756058,1.59935379644588,3.9983844911147,0.726978998384491,2.68982229402262
"Kieran Trippier","2","Premier League",33,7.18181442360649,1.57806967314491,4.94031652342186,0.895534014549062,2.45347846408038
"Kike Salas","3","La Liga",22,2.89660745157977,0.449161885194558,1.91762922502568,1.37240359800556,2.09457292475759
"Kiko Femenía","2","La Liga",33,5.10583798843857,2.35838462151605,4.00685664166956,1.68950039159332,2.00527409972539
"Kilian Fischer","4","Bundesliga",23,4.309969525468,1.99825859817153,3.38528515454941,0.744449281671746,2.50761863299956
"Kiliann Sildillia","3","Bundesliga",21,3.48837209302326,1.09634551495017,2.53156146179402,1.09634551495017,2.14285714285714
"Kim Min-Jae","2","Bundesliga",27,6.56005989981123,0.635171461542053,4.19010452450356,1.75722232968909,1.53505939953441
"Kingsley Ehizibue","4","Serie A",29,1.6975989168298,1.82094576184508,1.74693765483591,0.791294815957478,2.02744184876697
"Klaus Gjasula","3","Bundesliga",33,4.62215700660308,0.528246515040352,2.98459280997799,1.25458547322084,2.90535583272194
"Ko Itakura","1","Bundesliga",27,2.12794081979141,0.765704584040747,1.58304632549115,1.07191365510551,1.60380790686393
"Koni De Winter","1","Serie A",22,2.61730265876843,0.607831657253065,1.81351425816228,0.923990907838545,1.5274831243973
"Konrad Laimer","2","Bundesliga",27,6.95971903536405,3.87878874440814,5.72734691898169,0.668999956155327,2.71994414454393
"Konstantinos Koulierakis","1","Bundesliga",20,3.79254457050243,0.729335494327391,2.56726094003242,1.20340356564019,1.45867098865478
"Konstantinos Mavropanos","3","Premier League",26,2.48229828850856,0.674083129584352,1.75901222493888,1.570195599022,1.61017114914425
"Kristoffer Ajer","4","Premier League",26,3.2507963814371,1.38531651796831,2.50460443604958,0.989604527151369,1.74703615526174
"Krépin Diatta","2","Ligue 1",24,5.97014925373134,3.58208955223881,5.01492537313433,1.19402985074627,2.76119402985075
"Kurt Zouma","1","Premier League",28,1.68076109936575,0.221987315010571,1.09725158562368,0.919661733615222,0.72938689217759
"Kyle Walker","2","Premier League",34,5.5223789954508,1.7601704924385,4.01749559424588,0.578278980175038,1.40665762540099
"Kyle Walker-Peters","2","Premier League",27,4.2871830020562,3.51610692254969,3.9787525702536,0.586017820424949,1.35709389993146
"Ladislav Krejčí","2","La Liga",25,5.31147540983607,1.06967213114754,3.61475409836066,1.25409836065574,0.848360655737705
"Lars Ritzka","3","Bundesliga",26,2.04989154013015,0.780911062906725,1.54229934924078,1.07375271149675,4.78308026030369
"Lasse Rosenboom","3","Bundesliga",22,1.76470588235294,0.986159169550173,1.45328719723183,0.986159169550173,2.43944636678201
"Lautaro Valenti","1","Serie A",25,1.61953727506427,0.173521850899743,1.04113110539846,0.751928020565553,0.983290488431877
"Leandro Cabrera","1","La Liga",33,2.1645172533984,0.282328337399791,1.41164168699895,0.941094457999303,1.25479261066574
"Leart Paqarada","4","Bundesliga",28,3.76744186046512,2.17674418604651,3.13116279069767,0.837209302325581,1.75813953488372
"Leif Davis","4","Premier League",24,1.93583667517317,1.70616113744076,1.8439664600802,0.820269777615749,1.50929639081298
"Leny Yoro","1","Premier League",18,3.15336483576827,0.868585714079276,2.23945318709267,1.30133957601769,1.72623227988035
"Leo Skiri Østigård","1","Ligue 1",24,4.27605624750069,0.313349633251834,2.69097360180115,0.953394917566114,1.22333661401148
"Leon Goretzka","2","Bundesliga",29,8.62641509433962,2.37735849056604,6.12679245283019,1.35849056603774,1.42641509433962
"Leonardo Balerdi","3","Ligue 1",25,4.49618780224576,0.633855245164504,2.95125477941326,1.76287775453736,2.63446140756372
"Leonardo Spinazzola","4","Serie A",31,4.39395187870798,6.16636453526697,5.10291694133158,0.36987063282795,1.01876647989453
"Leopold Querfeld","1","Bundesliga",20,2.5243274184316,0.154550658271322,1.57641671436749,0.978820835718374,1.28792215226102
"Levi Colwill","1","Premier League",21,3.70006960897569,0.77602344544814,2.53045114356467,1.12266342072184,1.87364512994294
"Lewis Cook","3","Premier League",27,4.77501678979181,0.997313633310947,3.26393552719946,1.23908663532572,2.4479516453996
"Lewis Dunk","2","Premier League",32,5.45179679079779,0.949671082960586,3.65094650766291,0.767077071822603,0.790751267501511
"Lewis Hall","2","Premier League",19,5.05710370031978,1.68570123343993,3.70854271356784,0.740063956144358,2.38465052535404
"Liberato Cacace","4","Serie A",23,3.3895435015104,1.86971593147832,2.78161247349757,0.89112192055838,1.68805936544271
"Lilian Brassier","2","Ligue 1",24,4.769001379783,1.10199950475538,3.30220062977195,1.49147337696895,1.06810733609855
"Lilian Raolisoa","4","Ligue 1",24,3.20940819423369,2.25341426403642,2.82701062215478,1.02427921092564,2.79969650986343
"Lisandro Martínez","2","Premier League",26,6.01370645345517,1.18218161050828,4.08109651627641,1.64477441462022,2.05596801827527
"Lloyd Kelly","1","Serie A",25,3.21563104908796,0.877194926507044,2.2802566000556,0.46408555361443,1.35908937500752
"Logan Costa","1","La Liga",23,4.48004536470451,0.757508150330754,2.99103047895501,0.755854016089154,1.34024257718199
"Lorenz Assignon","4","Ligue 1",24,3.81638646100219,3.00203381774685,3.49064540370005,1.0471758973779,2.18673174422588
"Lorenzo De Silvestri","1","Serie A",36,3.90566037735849,0.339622641509434,2.47924528301887,0.849056603773585,0.933962264150943
"Lorenzo Pirola","1","Serie A",21,2.58178158027177,0.588827377956719,1.78459989934575,1.13236034222446,1.76648213387016
"Loïc Bade","1","La Liga",24,2.54069556976741,0.480731593182628,1.7167099791335,1.23684071116814,2.07200121255287
"Loïc Nego","4","Ligue 1",33,3.71158361640839,2.0360380450796,3.04136538787688,0.991946331104945,2.12803103504781
"Luca Caldirola","1","Serie A",32,2.35404016814573,0.420364315740308,1.58056982718356,1.21905651564689,1.05091078935077
"Luca Marianucci","3","Serie A",20,2.35734331150608,1.01028999064546,1.81852198316183,1.59962581852198,2.35734331150608
"Luca Netz","4","Bundesliga",21,2.93851184471423,1.67337113437924,2.43245556058023,0.909340105054441,1.88309040943403
"Luca Pellegrini","2","Serie A",25,6.07310215557638,1.77132146204311,4.35238987816307,1.60262417994377,1.94001874414246
"Luca Ranieri","1","Serie A",25,3.3296415818368,0.736790234033444,2.29250104271546,1.04225106696007,0.920519457582966
"Lucas","3","La Liga",22,2.74853801169591,1.75438596491228,2.35087719298246,0.994152046783626,2.74853801169591
"Lucas Beraldo","2","Ligue 1",20,4.89566313845279,0.513892342118349,3.14295481991902,1.36277260779996,1.83246607942033
"Lucas Digne","3","Premier League",31,2.52878443180354,1.22447056165735,2.00705888374506,0.963996957240761,2.12174478592141
"Lucas Hernández","2","Ligue 1",27,7.35463593504453,1.41435306443164,4.97852278679937,1.27291775798848,2.45154531168151
"Lucas Martínez Quarta","2","Serie A",27,6.95329550414666,0.903535573985159,4.53339153208206,1.17852466171977,2.94631165429943
"Lucas Mincarelli","4","Ligue 1",19,2.39263803680982,2.20858895705521,2.31901840490798,0.736196319018405,2.66871165644172
"Lucas Oliveira Rosa","3","La Liga",24,2.38095238095238,1.47619047619048,2.01904761904762,1.33333333333333,2.52380952380952
"Lucas Perrin","1","Ligue 1",24,3.80095482923246,0.561880279103929,2.50532500918105,0.925449871465296,1.55343371281675
"Lucas Vázquez","2","La Liga",33,3.87449934662743,1.64857054830176,2.98412782729716,0.730024328832322,2.36568678487575
"Luis Henrique","4","Ligue 1",22,4.92537313432836,2.89322617680827,4.11251435132032,0.34443168771527,0.551090700344432
"Luis Pérez","4","La Liga",29,3.13135261923378,1.44253322908522,2.45582486317435,1.02032838154808,1.44253322908522
"Lukas Klostermann","2","Bundesliga",28,4.85243437065237,0.830448804410753,3.24364014415572,0.994976827786046,1.13110032401696
"Lukas Kübler","3","Bundesliga",31,3.61100578630017,0.903049050401302,2.52782309194062,2.19625010361022,2.19539035922325
"Lukas Ullrich","1","Bundesliga",20,1.84445612191277,1.46610614818707,1.69311613242249,1.08775617446138,1.1823436678928
"Luke Shaw","1","Premier League",28,4.22314911366006,0.938477580813347,2.90928050052138,0.563086548488008,1.03232533889468
"Luke Thomas","3","Premier League",23,3.11941112322792,0.595287217424622,2.1097615609066,1.34208199475375,2.23821804356156
"Luke Woolfenden","1","Premier League",25,1.13732097725358,0.530749789385004,0.89469250210615,1.44060657118787,0.682392586352148
"Lutsharel Geertruida","2","Bundesliga",24,5.3757225433526,1.21387283236994,3.71098265895954,0.92485549132948,2.02312138728324
"Léo Pétrot","3","Ligue 1",27,3.17767653758542,0.956719817767654,2.28929384965831,1.43507972665148,2.11845102505695
"Mads Pedersen","4","Bundesliga",26,3.32586786114222,2.82194848824188,3.12430011198208,0.957446808510638,3.22508398656215
"Mads Roerslev","4","Premier League",25,3.05927974797356,1.10288334168388,2.27672118545769,0.594218217009039,1.82385603195629
"Malang Sarr","1","Ligue 1",25,3.50902527075812,0.259927797833935,2.20938628158845,1.42960288808664,1.36462093862816
"Malick Thiaw","1","Serie A",22,4.16325343358252,0.715927349436406,2.78432299992407,0.735088309710888,1.54303443945342
"Malo Gusto","2","Premier League",21,5.08610546926998,3.21294690589573,4.33684204392028,1.01691468616062,2.50101829183385
"Mamadou Sarr","1","Ligue 1",18,1.97885835095137,0.266384778012685,1.2938689217759,0.951374207188161,1.40803382663848
"Manolis Saliakas","4","Bundesliga",27,3.6171132238548,1.08902333621435,2.60587726879862,0.777873811581677,1.78910976663786
"Manu Sánchez","3","La Liga",23,3.20863036991883,1.84239789534473,2.66213738008919,0.994218614649171,2.78700952869839
"Manuel Akanji","2","Premier League",29,6.18261773321516,1.85217812231939,4.45044188885686,0.613278733453638,1.1772164739298
"Manuel Gulde","1","Bundesliga",32,3.25354176844162,0.439667806546165,2.12799218368344,1.09916951636541,1.62677088422081
"Manuel Lazzari","4","Serie A",30,3.78203442032224,4.27029836223827,3.97733999708865,0.643216683564411,1.53232747062474
"Marash Kumbulla","1","La Liga",24,2.15006729475101,0.333109017496635,1.42328398384926,1.02960969044415,1.54441453566622
"Marc Bartra","1","La Liga",33,2.91567413053835,0.300142925202477,1.869461648404,1.41495950452596,1.41495950452596
"Marc Cucurella","3","Premier League",26,3.0397346963612,1.30993671656322,2.34781550444201,0.977242302543507,2.57469271023488
"Marc Guéhi","1","Premier League",24,3.463068153787,0.657628247630025,2.34089219132421,0.812691000784667,1.52080581161615
"Marc Pubill","4","La Liga",20,1.7206585236325,2.81996813595327,2.16038236856081,0.716941051513542,2.24641529474243
"Marc-Oliver Kempf","1","Serie A",29,2.92543021032505,0.58508604206501,1.98929254302103,1.13575525812619,1.03250478011472
"Marco Friedl","3","Bundesliga",26,2.6453008888272,0.165224675354491,1.65327040343812,1.42489221661696,2.37664018306062
"Marco Komenda","4","Bundesliga",27,3.6495791889824,0.895179801071155,2.5478194338179,0.413159908186687,1.79035960214231
"Marcos Acuña","4","La Liga",31,4.10990712074303,1.60216718266254,3.10681114551084,0.278637770897833,2.29876160990712
"Marcos Alonso","2","La Liga",33,7.3101624480544,2.17604835663015,5.2565168114847,1.15602568945977,1.19002644503211
"Marcos Llorente","4","La Liga",29,3.84731326924554,2.71397853966392,3.39397937741289,0.729099908545738,1.93732939591318
"Marcos Senesi","3","Premier League",27,5.07166731460705,1.11045824172102,3.48718368545264,1.27211802301291,2.69072434357724
"Marcus Coco","3","Ligue 1",28,3.28000093721311,1.41859984621185,2.53544050081261,1.15858710863365,2.58415215228861
"Marcus Pedersen","4","Serie A",24,1.49260141307821,2.65337251571073,1.95690985413122,0.708498679506542,1.43385515811783
"Marin Pongračić","1","Serie A",26,2.99249177285653,0.859508955263565,2.13929864581934,1.10797993715533,1.19365676500606
"Marin Šverko","1","Serie A",26,3.06177260519248,0.644583706356312,2.09489704565801,1.28916741271262,1.61145926589078
"Mario Gila","2","Serie A",23,4.89095928602155,1.31042162409405,3.45874422125055,0.957198683706604,1.69897502636398
"Mario Hermoso","2","La Liga",28,6.22995698083692,1.37270238560813,4.2870551427454,1.05592491200626,1.61908486507626
"Mario Lemina","3","Premier League",30,3.16715542521994,0.527859237536657,2.11143695014663,1.78152492668622,3.36510263929619
"Marius Bülter","4","Bundesliga",31,2.90945078918899,2.7159369128281,2.83204523864464,0.437193022412548,0.937901749191632
"Marius Wolf","4","Bundesliga",29,4.73270573590026,2.14496236655488,3.69760838816211,0.812479199201249,1.3385674009882
"Mark Mckenzie","1","Ligue 1",25,3.49759615384615,0.360576923076923,2.24278846153846,0.793269230769231,1.875
"Marko Ivezić","1","Bundesliga",22,2.17260108630054,0.162945081472541,1.36873868436934,1.46650573325287,1.57513578756789
"Marnon Busch","4","Bundesliga",29,4.06160458452722,1.41833810888252,3.00429799426934,0.83810888252149,1.67621776504298
"Marquinhos","2","Ligue 1",30,7.27680122203049,1.28352238974852,4.8794896891177,0.784679358433991,1.33888716019349
"Marten De Roon","2","Serie A",33,6.64310567705897,1.02927535896359,4.39757354982082,1.38420258231835,2.47409515809648
"Martin Erlic","1","Serie A",25,2.68143621084798,0.653170359052712,1.87012987012987,0.962566844919786,1.27196333078686
"Martin Valjent","1","La Liga",28,2.65066706603267,0.796048772573539,1.90881974864902,0.848715164676077,1.13994034470278
"Marvin","4","La Liga",24,2.17389339856348,2.71275103999501,2.3894364551361,0.989911658850474,2.02990667310659
"Marvin Friedrich","1","Bundesliga",28,2.6150296944551,0.557976825540718,1.79220854688935,0.716008274932301,1.34342712364748
"Marvin Senaya","3","Ligue 1",22,3.11506080449018,2.02057998129093,2.67726847521048,1.72591206735267,3.03086997193639
"Massadio Haïdara","4","Ligue 1",31,4.12991656734207,2.35995232419547,3.42193087008343,1.39451728247914,1.44815256257449
"Matej Maglica","3","Bundesliga",24,3.28621908127208,0.583038869257951,2.20494699646643,1.1660777385159,1.85512367491166
"Mateusz Wieteska","1","Serie A",26,3.07772020725389,1.49222797927461,2.44352331606218,1.30569948186528,1.30569948186528
"Matheus Nunes","2","Premier League",25,4.24731182795699,3.38709677419355,3.90322580645161,0.806451612903226,1.88172043010753
"Mathias Honsak","4","Bundesliga",27,2.20999153259949,2.81964436917866,2.45385266723116,0.762066045723963,1.14309906858594
"Mathias Jørgensen","1","Premier League",33,4.13983440662374,0.413983440662374,2.64949402023919,0.993560257589696,1.40754369825207
"Mathías Olivera","2","Serie A",26,4.94498632524143,1.76251905995111,3.6719994191253,1.10525933635065,2.63023694847157
"Matija Nastasić","1","La Liga",31,2.53375885214865,0.240547563376557,1.61647433663981,1.02581238272346,1.23069528459107
"Mats Hummels","3","Serie A",35,3.61265436899244,0.509814290602545,2.37151833763648,2.21796746197157,2.95548573739385
"Mats Wieffer","3","Premier League",24,5.49753694581281,1.59605911330049,3.93694581280788,1.50738916256158,5.14285714285714
"Matt Doherty","1","Premier League",32,2.89867647968334,1.08834188879955,2.17454264332983,0.74332982868452,2.02385428907168
"Matteo Darmian","1","Serie A",34,2.48475542820734,0.690672293323592,1.76712217425384,0.496011466944948,1.60597021060725
"Matteo Gabbia","1","Serie A",24,3.0297507106932,0.660075442816532,2.08188060354253,0.666602886507763,1.46265580581675
"Matteo Lovato","3","Serie A",23,2.75607180570222,0.0950369588173178,1.69165786694826,1.71066525871172,2.56599788806758
"Matteo Ruggeri","2","Serie A",22,5.53898268247346,2.55259259190164,4.34442664624473,0.988012683180048,1.5351549683212
"Matthias Bader","3","Bundesliga",26,3.34628190899001,1.89789123196448,2.7669256381798,1.24861265260821,2.54716981132075
"Matthias Ginter","2","Bundesliga",30,5.18471613590238,0.734318897010181,3.4045572403455,0.710226153572639,1.20931243165966
"Matthieu Udol","3","Ligue 1",27,3.26666666666667,1.53333333333333,2.57333333333333,1.66666666666667,1.83333333333333
"Matthijs De Ligt","1","Premier League",24,4.33846497931189,0.666360552631846,2.86962320863987,1.31458977895404,1.12150411559589
"Mattia Bani","1","Serie A",30,1.46854574575658,0.276735454263452,0.991821629159326,1.08624913744532,1.07472442852695
"Mattia Viti","3","Serie A",22,3.15941537449742,0.389364444945727,2.05139500267674,1.29946608164932,2.24041377480751
"Matty Cash","4","Premier League",26,2.76178297405919,2.34599926927293,2.59546949214468,0.878151260504202,2.35184508586043
"Matìas Soulé","4","Serie A",21,4.49747332959012,4.24480628860191,4.39640651319483,0.454800673778776,1.31386861313869
"Matías Viña","4","Serie A",25,4.08284023668639,2.1301775147929,3.30177514792899,0.798816568047337,3.01775147928994
"Max Aarons","4","Premier League",23,3.1285367825384,1.60064672594988,2.51738075990299,0.582053354890865,2.10994341147939
"Max Finkgräfe","3","Bundesliga",19,2.71640091116173,2.61389521640091,2.6753986332574,1.12756264236902,3.33143507972665
"Max Geschwill","3","Bundesliga",23,4.07176287051482,0.421216848673947,2.61154446177847,2.10608424336973,1.82527301092044
"Max Kilman","1","Premier League",27,3.0582908885116,0.706140350877193,2.11743067345784,1.02391058290889,1.14261460101868
"Max Rosenfelder","1","Bundesliga",21,2.08967173738991,1.72938350680544,1.94555644515612,0.504403522818255,1.94555644515612
"Maxence Lacroix","1","Bundesliga",24,2.44378390628685,0.210790989990207,1.5505867397682,1.23708558378868,1.8965074962038
"Maxime Colin","4","Ligue 1",31,3.29148471615721,1.12991266375546,2.42685589519651,0.982532751091703,1.91593886462882
"Maxime Estève","3","Ligue 1",21,2.41529649776768,0.877469855004588,1.80016584066244,1.74225980936002,1.65180754805348
"Maximilian Mittelstädt","2","Bundesliga",27,5.94908679321157,2.62787235038298,4.62060101608014,1.84093024545737,3.38707245160966
"Maximilian Wittek","4","Bundesliga",28,4.40553702053588,1.4965497233562,3.24194210166401,1.20601156308929,2.04822098348426
"Maximilian Wöber","2","Bundesliga",25,5.57599225556631,1.39399806389158,3.90319457889642,1.65537270087125,2.87512100677638
"Maximiliano Caufriez","1","Ligue 1",26,3.30922242314647,1.30198915009042,2.50632911392405,0.976491862567812,2.06148282097649
"Mehdi Zeffane","3","Ligue 1",31,3.8748984565394,1.02355808285946,2.73436230706742,1.1697806661251,2.26645004061738
"Melvin Bard","3","Ligue 1",23,3.925408461088,2.24798248335942,3.25443806999657,1.38550724299556,2.40058233264352
"Michael Amir Murillo","1","Ligue 1",28,4.16488488855981,1.06482146480475,2.92485951905779,0.828865340378954,1.94291532784649
"Michael Kayode","4","Serie A",19,3.49854227405248,1.96793002915452,2.88629737609329,0.787172011661808,2.31778425655977
"Michael Keane","1","Premier League",31,1.20114394661582,0.0857959961868446,0.755004766444233,1.37273593898951,1.02955195424214
"Michael Svoboda","3","Serie A",25,2.94520547945205,0.89041095890411,2.12328767123288,1.50684931506849,1.78082191780822
"Mickael Nade","1","Ligue 1",25,2.8100607111882,0.663486556808326,1.95143104943625,1.28794449262793,2.30268863833478
"Micky Van De Ven","1","Premier League",23,4.33889477419722,0.720220632369945,2.89142511746631,0.789651592087057,1.38606031376299
"Miguel Gutiérrez","4","La Liga",23,4.05256595769347,2.25166168947017,3.33220425040415,0.619438224439717,1.10778895470286
"Miguel Ángel Rubio","1","La Liga",25,1.55769230769231,0.403846153846154,1.09615384615385,1.61538461538462,1.15384615384615
"Mika Mármol","3","La Liga",23,3.99902702274469,1.12876248258465,2.85092120668067,1.33583035306037,2.13541618846325
"Mikael Ellertsson","4","Serie A",22,1.31174089068826,1.20242914979757,1.26801619433198,0.619433198380567,2.11336032388664
"Mikkel Desler","2","Ligue 1",28,4.72150259067358,1.74870466321244,3.53238341968912,1.10751295336788,1.04922279792746
"Milan Škriniar","1","Ligue 1",28,3.37016574585635,0.276243093922652,2.13259668508287,0.662983425414365,1.32596685082873
"Milos Kerkez","4","Premier League",20,3.14986031479385,2.48061753642771,2.88216320344739,1.06386718036738,1.77504290983457
"Miloš Veljković","2","Bundesliga",28,4.88477131924198,0.768586005830904,3.23829719387755,0.485901056851312,1.16388028425656
"Mitchel Bakker","4","Ligue 1",24,4.50395083406497,3.39771729587357,4.06145741878841,0.948200175592625,1.81738366988586
"Mitchell Weiser","4","Bundesliga",30,3.85621361134215,2.40265141173707,3.27478873150012,0.68661468816071,2.04967746236532
"Modibo Sagnan","3","Ligue 1",25,2.13929143398029,0.572098285307102,1.51241417451102,1.24994571512895,2.64965120308569
"Mohamed Simakan","2","Bundesliga",23,4.4621141253508,1.43124415341441,3.24976613657624,1.22076707202993,2.02057998129093
"Mohammed Salisu","2","Ligue 1",25,6.12163712864975,0.656253984444728,3.93548387096774,1.66033405584598,2.40558459773046
"Moisés Caicedo","2","Premier League",22,5.77439570277529,1.15487914055506,3.9265890778872,1.31602506714414,3.06177260519248
"Montassar Talbi","1","Ligue 1",25,3.5934664246824,0.612522686025408,2.4010889292196,1.30671506352087,1.55172413793103
"Morato","1","Premier League",23,1.88533627342889,0.0992282249173098,1.17089305402426,0.992282249173098,2.18302094818082
"Moritz Jenz","1","Bundesliga",25,2.53599669919633,0.0797897531572905,1.55351392078071,1.51539179104478,1.89080080367394
"Mory Gbane","1","Ligue 1",23,2.8,0.24,1.776,1.44,1.6
"Mouctar Diakhaby","1","La Liga",26,2.43243243243243,0.587138863000932,1.69431500465983,0.92264678471575,1.50978564771668
"Moussa Diarra","3","Ligue 1",23,3.94293467628151,0.869202954424617,2.71344198753875,1.15066852027887,1.99541046845905
"Moussa Niakhate","1","Premier League",28,3.03440989356677,0.961946853737224,2.20542467763495,0.844199439190344,2.07038261691072
"Moïse Bombito","1","Ligue 1",24,3.98266423357664,1.10857664233577,2.83302919708029,0.739051094890511,1.51916058394161
"Murillo","1","Premier League",22,3.05927334622079,0.665505460824092,2.10176619206211,1.10514375123997,1.55485870958367
"Myles Lewis-Skelly","2","Premier League",17,4.66764061358656,2.43243243243243,3.77355734112491,0.460189919649379,1.44631117604091
"Mário Rui","2","Serie A",32,6.72199170124481,2.46473029045643,5.01908713692946,1.12033195020747,2.01659751037344
"Mërgim Vojvoda","2","Serie A",29,5.57587798883708,1.71200194251851,4.03032757030966,0.709288322904328,1.28778149291735
"Nacho","1","La Liga",33,2.83505154639175,0.670103092783505,1.96907216494845,0.927835051546392,0.927835051546392
"Nadir Zortea","4","Serie A",25,2.54735340704856,2.25339251569169,2.42976905050581,0.458233541969801,1.24879649711071
"Nahitan Nández","4","Serie A",27,2.92182827851346,2.19137120888509,2.62964545066211,0.730457069628364,2.26826142674071
"Nahuel Molina","4","La Liga",26,3.37868291291414,2.1325746770447,2.88023961856636,0.586607033701455,2.16860915277721
"Nahuel Tenaglia","3","La Liga",28,3.3610012831426,1.31728175328029,2.54351347119768,1.19708836407417,2.62217299209779
"Natan","1","Serie A",23,2.68300492610837,0.957309475514344,1.99272674587076,0.957461605331788,1.38590263691684
"Nathan Aké","2","Premier League",28,5.1126346718903,1.05778648383937,3.49069539666993,0.617042115572968,1.14593535749265
"Nathan Collins","1","Premier League",23,3.3169802333889,0.607704215289355,2.23326982614908,1.19397475589426,1.17111216956418
"Nathan Patterson","4","Premier League",21,3.40298507462687,1.52238805970149,2.65074626865672,0.805970149253731,3.04477611940298
"Nathan Zeze","1","Ligue 1",19,2.68998695368558,0.103555120678408,1.65541422048271,1.212899543379,1.61529680365297
"Nathaniel Adjei","1","Ligue 1",20,2.46178600160901,0.724054706355591,1.76669348350764,1.30329847144006,0.941271118262269
"Nathaniel Brown","4","Bundesliga",21,2.91217257318952,2.08012326656394,2.57935285053929,0.693374422187982,3.28197226502311
"Nathaniel Clyne","1","Premier League",32,2.21973094170404,0.672645739910314,1.60089686098655,0.672645739910314,1.61434977578475
"Nayef Aguerd","1","Premier League",28,3.56543269936848,0.907099060067558,2.50209924364811,0.744341129387575,1.39709391981201
"Neco Williams","3","Premier League",23,2.83594512782423,2.49913220160805,2.70121995733776,1.14254430481695,3.45805766702823
"Nehuén Pérez","3","Serie A",23,3.30759728227301,0.778258184064237,2.2958616429895,1.25077208153181,2.0012353304509
"Nemanja Gudelj","1","La Liga",32,3.04099814728081,0.846852242536277,2.163339785383,1.18483878856205,1.55892641762031
"Neto Borges","3","Ligue 1",26,3.14785373608903,2.07472178060413,2.71860095389507,2.0389507154213,1.71701112877583
"Nhoa Sangui","1","Ligue 1",18,3.49740932642487,1.63212435233161,2.75129533678756,0.621761658031088,1.24352331606218
"Nico Elvedi","1","Bundesliga",27,3.13547943318356,1.09237564327325,2.31823791721944,1.41193171632003,1.39924458442708
"Nico Schlotterbeck","2","Bundesliga",24,7.35494317694508,1.70574784815702,5.09526504542985,1.20778507088455,1.96454872445927
"Nicola Zalewski","4","Serie A",21,3.06818181818182,5.02066115702479,3.84917355371901,0.836776859504132,1.8595041322314
"Nicolas Cozza","3","Ligue 1",25,2.80838615309605,1.09702584105314,2.12384202827889,1.09702584105314,2.58898098488542
"Nicolas Pallois","3","Ligue 1",36,2.71772220580697,0.303780359081227,1.75214546711667,1.36100227986595,2.32380180673214
"Nicolas Seiwald","2","Bundesliga",23,6.04606525911708,0.734165067178503,3.92130518234165,1.33877159309021,2.28886756238004
"Nicolás Tagliafico","3","Ligue 1",31,4.52057679820384,1.41172393092924,3.277035651294,1.44523478025709,2.49318713028852
"Nicolás Valentini","3","Serie A",23,3.348095659876,0.318866253321523,2.13640389725421,1.19574844995571,2.79007971656333
"Nicolò Casale","1","Serie A",26,2.8643681847338,0.727293136626042,2.0095381654907,1.19637588197563,0.982969852469532
"Nicolò Savona","1","Serie A",21,3.0800464037123,1.82714617169374,2.57888631090487,0.574245939675174,1.5139211136891
"Niels Nkounkou","4","Bundesliga",22,4.19404125286478,3.78151260504202,4.02902979373568,1.10007639419404,3.71275783040489
"Niklas Stark","3","Bundesliga",29,2.85511720713927,0.356374120160885,1.85561997234791,1.55507635746606,1.78049585218703
"Niklas Süle","2","Bundesliga",28,4.47552190947171,1.20575483521322,3.16761507976832,0.914004900134358,1.13329720331041
"Nikola Milenković","1","Premier League",26,2.14138042424895,0.183966835361258,1.35841498869387,0.848928609884785,1.42424895014536
"Nnamdi Collins","2","Bundesliga",20,3.80792478173271,1.81329751511081,3.01007387508395,0.9670920080591,1.99462726662189
"Norbert Gyömbér","1","Serie A",31,2.14772727272727,0.204545454545455,1.37045454545455,1.17613636363636,1.84090909090909
"Norman Theuerkauf","1","Bundesliga",36,3.28832406671962,1.07227958697379,2.40190627482129,1.00079428117554,1.71564733915806
"Noussair Mazraoui","2","Premier League",26,5.69564768157179,1.94415743375352,4.19505158244448,1.29099174998808,3.02647474924097
"Nuno Mendes","2","Ligue 1",22,6.81980906921241,3.1145584725537,5.33770883054893,0.966587112171838,1.6109785202864
"Nuno Tavares","2","Serie A",24,5.92526690391459,5.23131672597865,5.64768683274021,1.12099644128114,1.49466192170819
"Nélson Semedo","4","Premier League",30,3.26101992444405,2.54761683263629,2.97565868772094,0.883919687421633,2.11945970214453
"Obite N'Dicka","1","Serie A",24,3.21370654496019,0.921246844047388,2.29672266459507,0.766313847349,1.08525927364537
"Odilon Kossounou","2","Bundesliga",23,5.34358917725014,1.71271120927664,3.89123799006074,1.19090005521811,1.3854445057979
"Ohis Felix Uduokhai","1","Bundesliga",25,3.11194796302636,0.770284149263951,2.1752824375214,1.41732283464567,1.14002054091065
"Ola Aina","4","Premier League",27,3.44278584875502,2.38965651973147,3.0215341171456,0.974549781550812,2.07637729549249
"Oleksandr Zinchenko","2","Premier League",26,11.9686411149826,2.09059233449477,8.01742160278746,1.04529616724739,2.61324041811847
"Olivier Deman","4","Bundesliga",23,2.63736263736264,1.71428571428571,2.26813186813187,0.923076923076923,1.84615384615385
"Omar Alderete","4","La Liga",27,3.70551013632924,0.850186579608961,2.56338071364113,0.872371420312834,1.2253277506404
"Omar El Hilali","3","La Liga",20,2.3977164605138,0.999048525214082,1.83824928639391,1.31303520456708,3.16841103710752
"Omar Traoré","4","Bundesliga",26,3.43251759152044,2.88222588402957,3.21240090852409,1.08939387191592,1.952324752828
"Oumar Solet","1","Serie A",24,3.4988038277512,1.07655502392344,2.5299043062201,0.915071770334928,1.77631578947368
"Ozan Kabak","3","Bundesliga",23,4.33829973707274,0.828220858895706,2.93426818580193,1.81419807186678,1.89307624890447
"Pablo Maffeo","4","La Liga",27,2.67516334250344,2.05022143016469,2.42518657756794,0.78457551860664,2.22342140971783
"Pablo Marí","1","Serie A",30,2.51778205757455,0.169726951549978,1.57856001516472,1.7893524784883,1.33199242903659
"Pablo Rosario","1","Ligue 1",27,4.33946396146916,0.878969987170409,2.95526637174966,1.43549239689005,1.5669347093011
"Panos Katseris","4","Ligue 1",22,1.81556195965418,2.07492795389049,1.9193083573487,0.69164265129683,2.2478386167147
"Pascal Groß","2","Bundesliga",33,7.8063621075537,1.99228831684349,5.48073259126961,0.491962908406219,1.86244165625442
"Pascal Stenzel","2","Bundesliga",27,7.18984962406015,2.87593984962406,5.46428571428571,1.2687969924812,1.52255639097744
"Pasquale Mazzocchi","4","Serie A",28,2.54716981132075,2.54716981132075,2.54716981132075,0.35377358490566,1.7688679245283
"Pathé Ciss","2","La Liga",30,5.38317757009346,0.799065420560748,3.54953271028037,1.68224299065421,2.0607476635514
"Patric","1","Serie A",30,4.02985074626866,0.167910447761194,2.48507462686567,0.335820895522388,0.727611940298508
"Patrick Ciurria","4","Serie A",29,3.00850297795737,1.9241451679586,2.57475985395786,0.496466104683059,1.73589511642028
"Patrick Dorgu","4","Serie A",19,2.73049872122762,2.72762148337596,2.72934782608696,0.699168797953964,2.3377557544757
"Patrick Mainka","3","Bundesliga",29,3.29411764705882,0.794117647058824,2.29411764705882,1.72058823529412,2.10294117647059
"Pau Cubarsí","2","La Liga",17,5.44927925657368,0.677971503690752,3.54075615542051,0.621617301372644,1.2198456229265
"Pau Navarro","1","La Liga",19,3.93013100436681,0.294759825327511,2.47598253275109,0.393013100436681,2.25982532751092
"Pau Torres","2","Premier League",27,4.49855342677125,1.65813456345635,3.36238588144529,0.478454095409541,0.997448405554841
"Paul Joly","3","Ligue 1",24,4.54905847373637,2.49752229930624,3.72844400396432,2.22993062438057,4.37066402378593
"Paulo Azzi","4","Serie A",29,3.31578947368421,4.45263157894737,3.77052631578947,1.51578947368421,1.8
"Pavel Kadeřábek","4","Bundesliga",32,2.98379612091825,1.13725471626638,2.2451795590575,1.00017046745966,1.29219069626487
"Paweł Dawidowicz","1","Serie A",29,2.82009492050123,0.474887040050988,1.88201176832114,0.991771280288631,2.21048678055609
"Pedro Pereira","4","Serie A",26,2.22889305816135,1.75609756097561,2.03977485928705,0.709193245778612,1.78986866791745
"Pedro Porro","2","Premier League",24,5.48132974626316,1.95105546935176,4.0692200354986,1.11599557941974,2.46360277290943
"Pep Chavarría","4","La Liga",26,4.83799654920368,2.10677082038456,3.74550625767603,0.753606181599399,1.68766315454496
"Pervis Estupiñán","2","Premier League",26,5.47776624869461,2.80685745252515,4.40940273022682,1.45342979804306,2.15900633891173
"Philipp Lienhart","1","Bundesliga",28,4.12725275038884,1.21282515945834,2.96148171401664,1.08286126054137,1.06886317261455
"Philipp Max","4","Bundesliga",29,4.2,1.66666666666667,3.18666666666667,0.466666666666667,1.73333333333333
"Philipp Treu","4","Bundesliga",23,3.28011107254426,1.8118708781673,2.69281499479347,0.593543908365151,1.90558833738285
"Phillipp Mwene","4","Bundesliga",30,3.47548088121006,2.19745013617569,2.96426858319631,0.797535808094901,1.6468552755684
"Piero Hincapié","2","Bundesliga",22,5.65478966655562,1.90740179896423,4.15583451951906,0.933530694448651,1.937725249099
"Pierre Kalulu","2","Serie A",24,4.50577663671374,1.84852374839538,3.44287548138639,0.654685494223363,1.57894736842105
"Pietro Comuzzo","1","Serie A",19,3.06818181818182,0.572727272727273,2.07,1.18636363636364,1.75909090909091
"Pol Lirola","4","Serie A",25,3.80859375,1.7578125,2.98828125,1.11328125,1.7578125
"Przemysław Frankowski","2","Ligue 1",29,6.09523258200496,2.22029112878186,4.54525600071572,1.12966828317168,2.26996379309437
"Quentin Merlin","2","Ligue 1",22,5.87275045163873,2.32530545395149,4.45377245256383,1.02780858464296,1.64018066530075
"Radu Drăgușin","1","Premier League",22,2.09303009920969,0.409492180931562,1.41961493189844,1.09176895913906,0.780477551706743
"Rafa Marín","1","La Liga",21,2.83667621776504,0.478919361440851,1.89357347523537,1.21571837904216,1.1788784281621
"Rafael Tolói","2","Serie A",32,4.94300518134715,0.746113989637306,3.26424870466321,1.21243523316062,1.86528497409326
"Ramon Hendriks","1","Bundesliga",23,2.80762564991334,0.623916811091854,1.93414211438475,1.48180242634315,1.55979202772964
"Ramy Bensebaini","2","Bundesliga",29,6.11584765067319,1.3191964862792,4.19718718491559,1.43142039693095,2.61613777968005
"Raoul Bellanova","4","Serie A",24,3.07769215082857,3.63801395532176,3.30182087262584,0.558821085296068,0.981470354918723
"Raphaël Guerreiro","2","Bundesliga",30,5.68257638394831,2.47661372507547,4.40019132039918,0.853010171707655,1.26177726075336
"Raphaël Varane","1","Premier League",30,3.86181818181818,1.04727272727273,2.736,0.981818181818182,1.17818181818182
"Rasmus Carstensen","3","Bundesliga",22,2.82097649186257,1.73598553345389,2.3869801084991,1.08499095840868,2.5497287522604
"Rasmus Kristensen","4","Serie A",27,4.11209417451272,1.32609513100684,2.99769455711037,0.5645597023916,1.98540525049559
"Rasmus Nicolaisen","1","Ligue 1",26,2.92307692307692,0.153846153846154,1.81538461538462,1.29230769230769,1.53846153846154
"Rayan Aït-Nouri","4","Premier League",23,3.47604173039643,2.58274257716037,3.118722069102,0.66615075196168,2.66002896616853
"Raúl Albiol","1","La Liga",38,2.66158632111365,0.290888948569894,1.71330737209615,0.581777897139788,0.932702206705161
"Raúl Asencio","1","La Liga",21,1.45508982035928,0.269461077844311,0.980838323353293,0.862275449101796,1.18562874251497
"Raúl Torrente","1","La Liga",21,2.376,0.288,1.5408,0.792,2.088
"Reece Burke","3","Premier League",26,3.63253012048193,0.596385542168675,2.41807228915663,0.975903614457831,2.00602409638554
"Reece James","2","Premier League",24,5.41862652869238,0.592662276575729,3.48824082784572,1.10065851364064,0.846660395108184
"Reinildo Mandava","3","La Liga",30,3.25185972369819,1.33900106269926,2.48671625929862,1.53028692879915,1.72157279489904
"Renan Lodi","4","Ligue 1",25,3.7165991902834,1.82186234817814,2.9587044534413,1.16599190283401,1.74898785425101
"Renato Tapia","3","La Liga",29,3.59394554825714,0.618511037715589,2.40377174404052,1.20804390648489,2.51238086598488
"Renato Veiga","1","Serie A",21,3.29368709972553,0.741079597438243,2.27264409881061,1.56450137236962,1.39981701738335
"Ricard Sánchez","4","La Liga",23,3.29411764705882,1.92156862745098,2.74509803921569,0.509803921568627,1.13725490196078
"Ricardo Rodríguez","4","Serie A",31,4.28696303696304,1.66137433994577,3.23672755815613,0.672184957899244,1.71953046953047
"Riccardo Calafiori","2","Serie A",22,4.31110487482607,1.54351952541871,3.20407073506312,1.36985847530626,2.13639534929043
"Riccardo Marchizza","1","Serie A",25,2.82229965156794,0.470383275261324,1.8815331010453,0.548780487804878,0.548780487804878
"Rick Karsdorp","1","Serie A",28,2.49370277078086,0.906801007556675,1.85894206549118,0.680100755667506,1.88916876574307
"Rico Lewis","2","Premier League",19,5.08716323296355,1.85419968304279,3.79397781299525,0.618066561014263,1.42630744849445
"Ridgeciano Haps","4","Serie A",31,3.41855368882396,1.70927684441198,2.73484295105917,0.460189919649379,1.97224251278305
"Ridle Baku","4","Bundesliga",26,3.34720785482598,1.56830016656439,2.63564477952135,0.787095643026212,1.67418251950557
"Ritsu Doan","4","Bundesliga",25,3.12555654496883,1.96349065004452,2.66073018699911,0.360641139804096,2.00356188780053
"Robert Andrich","1","Bundesliga",29,4.41325325295673,0.757825980700728,2.95108234405433,1.3491901859573,1.47466137405485
"Robert Skov","4","Bundesliga",27,5.07142857142857,2,3.84285714285714,0.714285714285714,1.71428571428571
"Roberto Gagliardini","2","Serie A",29,4.57627118644068,1.44915254237288,3.32542372881356,1.18220338983051,2.32627118644068
"Robin Gosens","3","Bundesliga",30,3.73266401908593,0.967280885242022,2.62651076554837,1.03089371226507,2.24139045421873
"Robin Knoche","1","Bundesliga",31,3.33333333333333,0.0938967136150235,2.03755868544601,0.610328638497653,1.5962441314554
"Robin Koch","1","Bundesliga",28,3.52483056204759,0.38670748882701,2.26958133275936,0.96096613952637,1.04217687305415
"Robin Le Normand","1","La Liga",27,3.08258387265693,0.612871574045359,2.0946989532123,0.719533088964245,1.1298596318195
"Rodrigo Riquelme","4","La Liga",23,3.1217277486911,5.12434554973822,3.92277486910995,0.530104712041885,1.76701570680628
"Rogério","2","Bundesliga",25,5.66225165562914,2.68211920529801,4.47019867549669,0.496688741721854,1.39072847682119
"Romain Perraud","4","La Liga",26,2.78721278721279,2.29270729270729,2.58941058941059,0.989010989010989,1.61838161838162
"Ronald Araújo","1","La Liga",24,4.55182774161242,1.08162243365048,3.16374561842764,0.540811216825238,1.21682523785679
"Ruan","1","Serie A",24,1.95910290237467,0.474934036939314,1.36543535620053,1.42480211081794,1.48416886543536
"Ruben Aguilar","2","Ligue 1",31,5.53807569961598,2.12401079836025,4.17244973911369,1.1292035283531,2.60210486555745
"Rubén Duarte","3","La Liga",27,3.88178913738019,0.766773162939297,2.63578274760383,1.10223642172524,1.86900958466454
"Rubén Peña","4","La Liga",32,3.36206896551724,2.67241379310345,3.08620689655172,1.29310344827586,2.02586206896552
"Ryan Manning","1","Premier League",28,2.15458276333789,0.861833105335157,1.6374829001368,1.04651162790698,1.72366621067031
"Rúben Dias","2","Premier League",27,6.21261349716054,1.44993735684607,4.30754304103475,0.923851013053625,1.02267078196311
"Saba Goglichidze","3","Serie A",20,1.59511618747538,0.425364316660102,1.12721543914927,1.16975187081528,2.26860968885388
"Sael Kumbedi","3","Ligue 1",19,3.79624318898767,2.01365275103445,3.08320701380638,1.06036707771724,2.78596009668565
"Saidou Sow","1","Ligue 1",22,1.41453831041257,0,0.848722986247544,1.32612966601179,0.795677799607073
"Sam Beukema","1","Serie A",25,3.62861275745076,0.650736277504822,2.43746216547239,0.713224839159264,1.28380471048668
"Samuel Gigot","1","Ligue 1",29,2.81575898030127,0.52143684820394,1.89803012746234,1.30359212050985,1.720741599073
"Samuel Lino","4","La Liga",24,3.9339314036479,4.921763481364,4.32906423473434,0.534843378271213,2.27654143536876
"Samuele Birindelli","4","Serie A",25,2.63771689738769,2.63450379075519,2.63643165473469,0.708924010281941,1.3003183665845
"Santiago Bueno","1","Premier League",25,1.49377593360996,0.0533491404860699,0.917605216360403,0.800237107291049,2.18731475992887
"Santiago Mouriño","3","La Liga",22,2.23904813412655,0.681449432125473,1.61600865332612,1.41157382368848,2.09302325581395
"Saúl Coco","1","Serie A",25,2.46014680037217,0.445363382611393,1.65423343326786,0.993211344291671,1.35504324752748
"Scott Mckenna","1","La Liga",27,1.64233576642336,0.401459854014599,1.14598540145985,0.328467153284672,0.766423357664234
"Sead Kolašinac","2","Serie A",31,5.30000477714613,1.8907944394019,3.93632064204844,1.02505613146706,1.87861271676301
"Sebastiaan Bornauw","1","Bundesliga",24,2.57861635220126,0.125786163522013,1.59748427672956,1.13207547169811,1.63522012578616
"Sebastian Walukiewicz","1","Serie A",24,3.15277051464029,0.983872172686404,2.28521117785873,0.816125190611583,1.88351489956363
"Sebastiano Luperto","1","Serie A",27,2.65453121941672,0.477311280746395,1.78364324394859,0.881116656880016,1.15550988451752
"Sepp Van Den Berg","1","Bundesliga",22,2.88052188239871,0.319771266801732,1.85622163615992,1.04700725476848,1.28097905458361
"Sergi","1","La Liga",32,2.34359147784917,0.0913087588772405,1.4426783902604,1.18701386540413,1.21745011836321
"Sergi Cardona","3","La Liga",25,3.73520585286036,1.75405533573944,2.942745646012,1.34681310884337,2.52412205284516
"Sergio Akieme","4","Ligue 1",26,2.28612703426979,1.70634816405487,2.05421548618383,0.571867180151561,1.33179406179566
"Sergio Carreira","4","La Liga",23,2.8804347826087,2.1195652173913,2.57608695652174,0.923913043478261,1.52173913043478
"Sergio Gómez","4","La Liga",23,3.05697589481373,1.41344046749452,2.39956172388605,0.6245434623813,2.33382030679328
"Sergio Ramos","1","La Liga",37,2.89630512514899,0.393325387365912,1.89511323003576,1.46603098927294,1.60905840286055
"Sergio Reguilón","3","Premier League",26,3.05903398926655,2.73703041144902,2.93023255813953,1.28801431127013,3.62254025044723
"Silvan Widmer","4","Bundesliga",30,3.91304347826087,2.2463768115942,3.2463768115942,1.15942028985507,1.66666666666667
"Simon Kjær","1","Serie A",34,3.99658411614005,0.307429547395389,2.52092228864219,1.07600341588386,1.84457728437233
"Simone Romagnoli","1","Serie A",33,1.55801104972376,0.0662983425414365,0.961325966850829,0.961325966850829,1.16022099447514
"Sinaly Diomande","1","Ligue 1",23,3.33161953727506,0.370179948586118,2.14704370179949,1.38817480719794,1.80462724935733
"Sofyan Amrabat","2","Premier League",26,6.33262260127932,0.575692963752665,4.02985074626866,0.767590618336887,2.59061833688699
"Sokratis Papastathopoulos","1","La Liga",35,1.02992957746479,0.0792253521126761,0.649647887323944,0.475352112676056,1.6637323943662
"Souleymane Touré","1","Ligue 1",20,3.20331545587518,1.05314480741102,2.34324719648952,1.57971721111653,1.09702584105314
"Soungoutou Magassa","2","Ligue 1",19,6.15156017830609,0.468053491827637,3.87815750371471,1.40416047548291,3.7444279346211
"Stanley N'Soki","3","Bundesliga",25,3.57798165137615,0.688073394495413,2.42201834862385,1.78899082568807,1.51376146788991
"Stefan Bajcetic","3","La Liga",19,3.62229102167183,0.743034055727554,2.47058823529412,1.39318885448916,2.69349845201238
"Stefan Bell","3","Bundesliga",32,2.38161559888579,0.501392757660167,1.62952646239554,1.75487465181058,1.37883008356546
"Stefan De Vrij","1","Serie A",32,3.20151046453689,0.457029862981272,2.10371822391464,1.28061076131095,0.98001195279086
"Stefan Posch","2","Serie A",26,4.59526774595268,1.64383561643836,3.41469489414695,0.672478206724782,2.87671232876712
"Stefan Savić","1","La Liga",32,3.6441717791411,0.773006134969325,2.49570552147239,1.49079754601227,1.49079754601227
"Stefano Sabelli","4","Serie A",31,3.55449878592853,2.06547584039791,2.95888960771629,0.907150838927584,2.19452869661656
"Stephan El Shaarawy","4","Serie A",31,3.14743722764059,2.91233564111755,3.05339659303137,0.746429851534645,1.19946612839329
"Strahinja Pavlović","2","Serie A",23,4.53862660944206,1.931330472103,3.49570815450644,0.772532188841202,2.51072961373391
"Sven Botman","1","Premier League",23,2.28758169934641,0,1.37254901960784,0.588235294117647,1.30718954248366
"Takehiro Tomiyasu","2","Premier League",24,5.63968668407311,1.33159268929504,3.91644908616188,1.40992167101828,1.56657963446475
"Tariq Lamptey","4","Premier League",22,1.67396061269147,3.84026258205689,2.54048140043764,0.590809628008753,2.06783369803063
"Taylor Harwood-Bellis","1","Premier League",22,3.98230088495575,0.923893805309735,2.75893805309734,0.955752212389381,0.892035398230088
"Teden Mengi","3","Premier League",21,1.96840826245444,0.54678007290401,1.39975698663426,2.07776427703524,1.96840826245444
"Theo Hernández","2","Serie A",26,4.87972414511672,3.42259708771411,4.29687332215568,0.654588535425972,1.08458780714186
"Thiago Silva","1","Premier League",38,3.63276612584092,0.0712307083498219,2.20815195884448,0.925999208547685,1.03284527107242
"Thibault De Smet","2","Ligue 1",25,5.11196067722556,1.13052976515565,3.5193883123976,1.03222282905516,2.75259421081376
"Thierry Correia","3","La Liga",24,3.34261838440111,1.67130919220056,2.67409470752089,1.37883008356546,2.63231197771588
"Thilo Kehrer","2","Ligue 1",27,5.68606712512953,0.744317030211161,3.70936708716218,1.70022352205675,1.78713449290753
"Thomas Delaine","4","Ligue 1",31,2.28962818003914,2.77397260273973,2.48336594911937,0.74853228962818,1.67318982387476
"Thomas Foket","1","Ligue 1",28,3.19148936170213,1.17839607201309,2.38625204582651,1.22749590834697,1.57119476268412
"Thomas Kristensen","1","Serie A",22,2.9588938478679,0.91684655357003,2.14207493014875,1.16138303289319,1.54675626920365
"Thomas Meunier","2","Ligue 1",32,6.34854771784232,2.98755186721992,5.00414937759336,1.58713692946058,2.47406639004149
"Thomas Partey","2","Premier League",31,5.95280657847694,1.15838398283876,4.03503754022167,1.12620664998212,2.86378262424026
"Théo Le Bris","4","Ligue 1",20,3.44327176781003,3.3245382585752,3.3957783641161,0.712401055408971,2.0778364116095
"Théo Sainte-Luce","3","Ligue 1",25,1.94499017681729,1.67976424361493,1.83889980353635,1.06090373280943,2.12180746561886
"Tiago Santos","4","Ligue 1",21,3.99577167019027,3.38689217758985,3.75221987315011,0.570824524312896,2.39746300211416
"Tim Oermann","1","Bundesliga",20,2.48079530049706,0.61003163126977,1.73248983280615,0.894713059195662,2.03343877089923
"Tim Ream","1","Premier League",35,3.89221556886228,0.658682634730539,2.59880239520958,1.49700598802395,1.19760479041916
"Tim Siersleben","3","Bundesliga",24,3.55382941931165,0.897975121325375,2.49148770011714,1.79988285825849,2.13465722095164
"Tim Skarke","4","Bundesliga",26,2.99500831946755,2.28369384359401,2.71048252911814,0.224625623960067,0.973377703826955
"Timo Becker","1","Bundesliga",27,2.09815950920245,1.03067484662577,1.67116564417178,0.625766871165644,1.95092024539877
"Timo Hübers","3","Bundesliga",27,3.36933045356371,0.615550755939525,2.26781857451404,2.04103671706264,2.20302375809935
"Timothee Pembele","4","Ligue 1",21,3.47708894878706,2.1832884097035,2.95956873315364,0.889487870619946,2.42587601078167
"Timothy Castagne","3","Premier League",28,3.00742425519159,1.28396308385976,2.31803978665886,1.24956659036815,2.09243608675652
"Timothy Weah","4","Serie A",24,3.25547266723737,2.48825101766278,2.94858400740754,0.563470710529534,1.9548297489474
"Tom Lockyer","3","Premier League",28,2.84858853721129,0.461933276304534,1.89392643284859,1.77074422583405,1.92472198460222
"Tom Rothe","3","Bundesliga",19,2.69461077844311,1.34730538922156,2.15568862275449,0.970059880239521,2.4251497005988
"Tommaso Augello","4","Serie A",29,3.74384340081164,2.11588080183731,3.09265836122191,0.581766039627234,1.2966243772517
"Toni Lato","4","La Liga",25,2.27331606217617,1.74870466321244,2.06347150259067,0.990932642487047,2.21502590673575
"Tosin Adarabioyo","1","Premier League",26,3.06679430272658,0.437980857224495,2.01526892452574,1.04704582652469,1.12735383849649
"Toti Gomes","1","Premier League",25,2.76295720346983,0.82194775385288,1.98655342362305,0.852452826439054,1.76440048092688
"Trent Alexander-Arnold","2","Premier League",25,8.69511878074982,1.91007686534584,5.98110201458823,1.23718379499958,2.18436400916302
"Trevoh Chalobah","1","Premier League",25,3.15893512702614,0.600751911795197,2.13566184093376,1.11950701906307,1.43287677915869
"Tuta","3","Bundesliga",25,3.93199715851431,0.598447331033083,2.59857722752182,1.41463365130911,1.96109701644002
"Tyrick Mitchell","4","Premier League",24,2.33898280448275,1.36632047909066,1.94991787432592,0.641688591072285,2.79910461211971
"Tyrone Mings","1","Premier League",31,3.21428571428571,0.5625,2.15357142857143,0.5625,0.5625
"Tyronne Ebuehi","4","Serie A",27,3.03002729754322,2.78434940855323,2.93175614194722,0.491355777979982,1.14649681528662
"Ulisses Garcia","2","Ligue 1",28,5.1472975859859,2.15594958342235,3.95075838496048,0.734778893398846,1.7204657124546
"Unai Núñez","3","La Liga",26,3.40592645483756,0.321313816494109,2.17208139950018,1.67083184576937,1.63870046411996
"Valentin Gendrey","4","Serie A",24,3.27425482364268,1.90209552680442,2.72539110490737,0.99478046640782,1.76781323242142
"Valentin Rongier","2","Ligue 1",29,6.33802816901408,1.4404609475032,4.37900128040973,1.90140845070423,2.8809218950064
"Valentin Rosier","3","La Liga",27,2.56647398843931,1.42196531791908,2.10867052023121,1.80346820809249,2.4971098265896
"Valentino Lazaro","4","Serie A",28,3.60380882569686,1.87879307623782,2.91380252591324,0.395105994185417,0.913370801611597
"Valentino Livramento","2","Premier League",21,4.59256222265097,2.82199016013892,3.88433339764615,1.22060100327995,1.64330503569361
"Valentín Barco","2","Ligue 1",20,4.97839239412273,1.55574762316335,3.60933448573898,1.01123595505618,2.80034572169404
"Vanderson","3","Ligue 1",23,4.17082075592024,1.95571244845032,3.28477743293227,1.81007131924663,3.30231495259555
"Victor Bernth Kristiansen","3","Premier League",21,3.66835755803292,1.17385618586462,2.6705570091656,0.995552896328206,2.59166126147272
"Victor Lindelöf","1","Premier League",29,2.71084337349398,1.15210843373494,2.08734939759036,0.813253012048193,1.01656626506024
"Virgil Van Dijk","2","Premier League",33,5.50853686547738,0.750555087665569,3.60534415435265,1.30916468876809,1.08008575147385
"Vitaliy Mykolenko","3","Premier League",25,2.60853006876442,0.736994014553993,1.85991564708025,1.29857606152764,2.17745140324055
"Vitaly Janelt","3","Premier League",25,3.62475442043222,0.736738703339882,2.46954813359528,1.06090373280943,1.8565815324165
"Viti","3","La Liga",26,1.99798183652876,1.95257315842583,1.97981836528759,1.22603430877901,3.22401614530777
"Vitinho","4","Premier League",24,2.56698357821953,2.29472774416595,2.4580812445981,0.466724286949006,2.48919619706137
"Vladimír Coufal","4","Premier League",31,3.35456861541113,2.07354382789861,2.84215870040612,0.955210656152711,1.84737528143145
"Víctor Chust","1","La Liga",23,3.86266094420601,0.482832618025751,2.51072961373391,0.531115879828326,1.40021459227468
"Waldemar Anton","2","Bundesliga",28,5.38329800772079,1.33135602350584,3.76252121403481,1.31636352775398,1.39312606603525
"Warmed Omari","2","Ligue 1",23,5.34524384355384,0.956059874456784,3.58957025591502,1.43408981168518,1.39063254466441
"Warren Kamanzi","4","Ligue 1",23,3.57603242564178,2.60378249694588,3.18713245416342,0.737478093567464,2.64169319618766
"Warren Zaïre-Emery","2","Ligue 1",18,5.62396509286194,2.3141418661893,4.30003580219288,0.848914746028194,2.28923696576415
"Wes Burns","4","Premier League",29,0.777537796976242,3.69330453563715,1.94384449244061,0.971922246220302,1.26349892008639
"Wesley Fofana","1","Premier League",23,2.45733788395904,1.45904436860068,2.0580204778157,1.07508532423208,0.998293515358362
"Weston Mckennie","4","Serie A",25,3.56352321541219,1.65570897876218,2.80039752075219,0.584986332095044,1.47554796783787
"Wilfried Singo","2","Ligue 1",23,5.51693604121509,1.53332430182515,3.92349134545911,1.97256973895015,1.49395870637389
"Willi Orban","2","Bundesliga",31,4.90588028461506,0.502895422285591,3.14468633968327,0.880412630390726,1.33847708411802
"William Saliba","1","Premier League",23,4.10922481425677,0.447446355276147,2.64451343066452,0.69253649919468,1.45753883722139
"Willian Pacho","3","Ligue 1",22,3.36109215987265,0.396654158849281,2.1753169594633,1.55639888566718,2.12138268235829
"Willy Boly","3","Premier League",32,2.00278164116829,0.250347705146036,1.30180806675939,1.56467315716273,2.87899860917942
"Willy Kambwala","1","La Liga",19,1.28916741271262,0.161145926589078,0.837958818263205,0.805729632945389,1.36974037600716
"Wout Faes","1","Premier League",26,2.74955595026643,0.383658969804618,1.80319715808171,0.831261101243339,1.34280639431616
"Woyo Coulibaly","4","Serie A",25,3.40405904059041,2.98892988929889,3.2380073800738,0.664206642066421,1.07933579335793
"Yael Mouanga","1","Ligue 1",19,2.09302325581395,0.380549682875264,1.40803382663848,0.951374207188161,1.33192389006342
"Yan Couto","4","La Liga",21,3.88864142538976,6.05345211581292,4.75456570155902,0.400890868596882,1.80400890868597
"Yanis Zouaoui","4","Ligue 1",30,2.95081967213115,3.04303278688525,2.98770491803279,0.737704918032787,1.84426229508197
"Yann Aurel Bisseck","2","Serie A",23,4.04053264317916,2.07113579196268,3.25277390269257,0.714505491250088,1.16251434080761
"Yannick Gerhardt","4","Bundesliga",30,3.04248405635442,1.26972041029123,2.33337859792915,0.697204102912292,1.6858677465506
"Yannik Engelhardt","2","Serie A",23,4.17525773195876,1.39175257731959,3.06185567010309,0.850515463917526,2.31958762886598
"Yannik Keitel","3","Bundesliga",23,4.69565217391304,0.391304347826087,2.97391304347826,1.17391304347826,1.95652173913043
"Yarek Gasiorowski","3","La Liga",19,3.61140443505808,0.855332629355861,2.50897571277719,2.47096092925026,1.80570221752904
"Yeray Álvarez","2","La Liga",29,4.80144143037619,0.987879877877597,3.27601680937675,1.28875543935991,1.33479260247052
"Yerry Mina","1","Serie A",29,2.1831091504116,0.445929385983882,1.48823724464051,0.796260254025922,1.89683260527947
"Yerson Mosquera","1","La Liga",22,2.63628966639544,0.585842148087876,1.81611065907242,1.24491456468674,1.97721724979658
"Yoann Salmier","1","Ligue 1",30,2.75510204081633,0.459183673469388,1.83673469387755,1.20535714285714,1.26275510204082
"Youssouf Ndayishimiye","2","Ligue 1",25,4.52647007604342,0.816523480582806,3.04249143785917,0.804550995530272,1.74651346723167
"Youssouf Sabaly","4","La Liga",31,3.78669441007761,2.04522696020985,3.09010743013051,0.84325033288465,1.82685644417515
"Yukinari Sugawara","4","Premier League",24,4.16184971098266,1.90751445086705,3.26011560693642,0.635838150289017,1.79190751445087
"Yunis Abdelhamid","1","Ligue 1",36,3.17520214788986,0.756774029831107,2.20783090066636,1.24094211411761,1.77616017694402
"Yuri Berchiche","2","La Liga",34,6.62224075519909,1.78605142816584,4.68776502438579,1.0607439441104,1.49594668586435
"Zeki Çelik","4","Serie A",27,4.22872340425532,1.11702127659574,2.98404255319149,0.598404255319149,2.47340425531915
"Álex Centelles","3","La Liga",25,2.8469387755102,1.46938775510204,2.29591836734694,1.6530612244898,1.01020408163265
"Álex Grimaldo","2","Bundesliga",28,5.34994571189367,2.71274560462561,4.29506566898645,0.628744571189367,1.13708237402543
"Álex Jiménez","4","Serie A",19,2.6303317535545,3.90995260663507,3.14218009478673,1.06635071090047,1.70616113744076
"Álex Moreno","4","Premier League",31,2.64962091397058,2.6218331208962,2.63850579674083,1.27421656400282,1.96365547605385
"Álex Muñoz","3","La Liga",30,2.86219081272085,0.954063604240283,2.09893992932862,1.01766784452297,2.48056537102473
"Álex Suárez","1","La Liga",31,2.88403210144514,0.320528931284629,1.85863083338093,0.553964128634261,1.66262066601931
"Álex Valle","4","Serie A",20,3.84466019417476,1.66019417475728,2.97087378640777,0.699029126213592,2.27184466019417
"Álvaro Tejero","4","La Liga",28,3.34410339256866,1.96284329563813,2.79159935379645,0.945072697899838,1.01777059773829
"Éder Militão","1","La Liga",26,4.4136460554371,0.671641791044776,2.91684434968017,1.15138592750533,1.82302771855011
"Édgar González","1","La Liga",26,2.56938937351309,0.21411578112609,1.62727993655829,1.35606661379857,1.60586835844568
"Óscar De Marcos","2","La Liga",35,5.78464974775677,1.76446802389458,4.17657705821189,0.759295168754913,2.0367479991573
"Óscar Mingueza","2","La Liga",25,5.84961245691827,2.2485199000384,4.40917543416632,0.617940358920116,1.55722356494656
