"PlayerID","Player","Squad","League","Nation","Pos","Age","Born","Season","MP","Min","Mn.MP","Min.","Starts","Mn.Start","Subs","Mn.Sub","unSub","X90s","Sh","Sh.90","SoT","SoT.","SoT.90","G.Sh","G.SoT","Gls","Ast","G.A","PK","PKatt","PKcon","OG","xG","npxG","npxG.Sh","G.xG","np.G.xG","Pass","Cmp","Cmp.","PassLive","PassDead","KP","Crs","CrsPA","A.xAG","xAG","xA","PPA","Live","Dead","FK","TB","Sw","TI","CK","In","Out","Str","Compl","PPM","Mis","Tkl","TklW","Tkl.","Tkld","Tkld.","Tkl.Int","Int","Blocks","Clr","Fls","Recov","Def","Def.3rd","Mid.3rd","Att.3rd","Att","Att.Pen","Off","Dis","Won","Won.","Lost","X...","X...90","On.Off","onG","onGA","onxG","onxGA","xG...","xG...90","SCA","SCA90","PrgC","PrgDist","PrgP","PrgR","Rec","Carries","CPA","Touches","Dist","TotDist","Ballon.d.or","European.Golden.Shoe","League.Won","UCL_Won","The.Best.FIFA.Mens.Player","UEFA.Best.Player","UCL_MP","UCL_Gls","UCL_xG","UCL_Ast","UCL_xA","UCL_KP","UCL_GCA","UCL_SCA","crosses_per90","prg_received_per90","touches_att_3rd_per90","progressive_passes_per90","progressive_carries_per90","key_passes_per90","tackles_per90","interceptions_per90","recoveries_per90","pass_completion","estimated_possession_proxy","padj_multiplier","padj_tackles","padj_interceptions","padj_recoveries","progression_index","defending_score","age_score","scouting_score"
15391,"Abakar Sylla","Strasbourg","Ligue 1","CIV","DF",21,2002,"2024-2025",21,950,45,31,10,78,11,15,9,10.6,10,0.47,1,20,0.09,0.2,1,1,0,1,0,0,0,1,0.4,0.4,0.08,0.6,0.6,8,583,88.6,3,0,1,1,0,0,0.1,0.1,1,589,69,25,0,1,12,0,0,0,0,7,1.71,5,27,15,88.2,3,50,38,11,18,63,17,39,0,14,11,2,17,9,0,4,20,57.1,2,0,0,0,15,21,15.6,20.3,0,0,4,0.38,0,3603,21,3,497,425,0,791,9,9980,0,0,0,0,0,0,0,0,0,0,0,0,0,0,0.0947368421052632,0.284210526315789,0.189473684210526,1.98947368421053,0,0.0947368421052632,2.55789473684211,1.04210526315789,3.69473684210526,88.6,51.7603346577471,1.08779014806011,2.78245269451165,1.13359183850475,4.01909833651683,0.716227699954626,7.93514286953322,1,2.95563394084182
10223,"Abdel Abqar","Alavés","La Liga","MAR","DF",25,1999,"2024-2025",29,2463,85,72,29,85,0,0,0,27.4,18,0.44,1,8.3,0.04,0,0,0,1,1,0,0,2,0,0.9,0.9,0.08,0,0,10,719,76.6,20,0,8,5,2,0.7,0.3,0.4,10,888,48,40,1,17,7,0,0,0,0,24,1.03,18,36,23,58.8,1,25,75,39,28,146,47,87,2,24,11,1,34,25,2,3,40,53.3,14,0,0,0,30,41,32,33.4,0,0,25,0.91,16,5771,79,4,650,632,0,1251,8,16039,0,0,0,0,0,0,0,0,0,0,0,0,0,0,0.182704019488429,0.146163215590743,0.0365408038976857,2.88672350791717,0.584652862362972,0.292326431181486,1.31546894031669,1.42509135200974,3.17904993909866,76.6,44.7233003387887,0.742120990405867,0.976237112835976,1.05759020557231,2.35923968935361,1.29184049356315,4.39306700776189,0.95,2.10125629975383
13468,"Abdoulaye Bamba","Angers","Ligue 1","CIV","DF",34,1990,"2024-2025",19,1510,79,49.3,16,88,3,33,12,16.8,8,0.06,0,0,0,0,0,0,0,0,0,0,0,0,0.1,0.1,0.09,0,0,6,518,88.5,8,0,6,5,3,0,0.3,0.3,4,551,34,13,1,1,20,0,0,0,0,14,0.79,3,22,12,73.7,0,0,41,19,14,79,10,47,2,17,4,1,19,3,0,4,11,39.3,5,0,0,0,11,29,16.9,25.6,0,0,10,0.6,1,3330,16,3,468,408,0,743,7.2,10459,0,0,0,0,0,0,0,0,0,0,0,0,0,0,0.298013245033113,0.178807947019868,0.0596026490066225,0.95364238410596,0.0596026490066225,0.357615894039735,1.3112582781457,1.13245033112583,2.80132450331126,88.5,46.8297973268996,0.842804205378057,1.10513399115798,0.954433901454621,2.36096807201933,0.458727716516461,4.42053596463193,0.5,1.69815187599616
14782,"Abdoulaye Niakhate Ndiaye","Brest","Ligue 1","SEN","DF",22,2002,"2024-2025",22,1707,78,55.8,19,86,3,26,6,19,17,0.58,2,18.2,0.11,0.09,0.5,1,0,1,0,0,2,0,1,1,0.09,0,0,12,804,86.4,6,1,1,2,0,0,0,0.2,2,888,41,36,0,8,1,0,0,0,0,17,1.86,15,49,33,67.6,6,75,60,11,29,144,20,72,0,36,12,1,37,21,0,5,46,56.8,12,3,0.16,0.82,32,29,22.8,33.6,0,0,11,0.58,5,5904,39,4,740,598,0,1203,9.1,15938,0,0,0,0,0,0,2,0,0,0,0,0,0,0,0.105448154657293,0.210896309314587,0.0527240773286467,2.05623901581722,0.263620386643234,0.0527240773286467,2.58347978910369,0.579964850615114,3.79613356766257,86.4,50.7216457878015,1.03606663864949,2.67665722111555,0.600882233311655,3.93304734531265,0.819368924761979,7.21058679973986,1,2.77732360982675
15394,"Abdukodir Khusanov","Lens","Ligue 1","UZB","DF",20,2004,"2024-2025",13,975,75,31.9,11,87,2,9,0,10.8,11,0.55,4,66.7,0.37,0,0,0,0,0,0,0,1,0,0.2,0.2,0.04,0,0,6,483,88.1,9,0,2,5,1,0,0.3,0.2,4,521,26,13,0,3,8,0,0,0,0,10,1.62,5,15,11,63.6,0,0,41,26,17,57,13,50,0,9,5,1,11,4,0,1,27,69.2,4,3,0.28,0.28,12,9,14.3,13.1,1.3,0.12,11,1.02,2,3769,43,6,392,339,0,683,24.6,8942,0,0,0,0,0,0,0,0,0,0,0,0,0,0,0.461538461538462,0.553846153846154,0.0923076923076923,3.96923076923077,0.184615384615385,0.184615384615385,1.38461538461538,2.4,4.61538461538461,88.1,52.7892955860594,1.13856754291402,1.57647813634249,2.73256210299365,5.25492712114163,1.49259842320945,9.56396736047777,1,3.75432957742711
10632,"Abdul Mumin","Rayo Vallecano","La Liga","GHA","DF",26,1998,"2024-2025",24,2017,84,59,24,84,0,0,0,22.4,29,0.45,3,30,0.13,0.2,0.67,2,1,3,0,0,0,0,0.6,0.6,0.06,1.4,1.4,11,900,82.9,10,0,1,6,0,0.8,0.2,0.1,1,1017,65,25,0,8,1,0,0,0,0,21,1.46,16,37,25,63,4,40,60,23,40,125,22,93,0,30,7,0,27,13,0,5,31,55.4,10,3,0.13,0.58,24,21,26.6,25.1,1.5,0.06,11,0.49,12,7016,40,6,819,725,2,1351,12.9,17231,0,0,0,0,0,0,0,0,0,0,0,0,0,0,0.267724343083788,0.267724343083788,0,1.78482895389192,0.535448686167576,0.044620723847298,1.65096678235002,1.02627664848785,4.14972731779871,82.9,51.7791737047213,1.08872476311476,1.79744841902437,1.11733280101515,4.51791089106125,0.818780110226575,7.43269211110077,0.95,2.83021967742086
18876,"Adam Masina","Torino","Serie A","MAR","DF",30,1994,"2024-2025",28,1919,69,56.1,20,87,8,22,9,21.3,15,0.38,2,25,0.09,0.13,0.5,1,2,3,0,0,0,0,0.7,0.7,0.09,0.3,0.3,13,1066,84.1,17,0,4,14,2,1.7,0.3,0.7,6,1198,66,27,1,8,25,0,0,0,0,15,1.11,12,33,15,57.5,6,50,60,27,28,95,23,88,1,22,10,1,40,12,2,8,66,74.2,17,0,0,0,20,28,21,30.2,0,0,21,0.98,15,7055,73,10,971,853,1,1502,14.6,19972,0,0,0,0,0,0,0,0,0,0,0,0,0,0,0.656591974986972,0.468994267847837,0.0468994267847837,3.42365815528921,0.703491401771756,0.187597707139135,1.54768108389786,1.26628452318916,4.12714955706097,84.1,35,0.364851047612713,0.564673064830515,0.46200523486133,1.50579483954804,1.48755274792872,2.53247313923988,0.85,1.60886304094345
18967,"Adam Webster","Brighton","Premier League","ENG","DF",28,1995,"2023-2024",15,1144,76,33.5,13,85,2,18,12,12.7,12,0.63,0,0,0,0,0,0,0,0,0,0,0,1,0.4,0.4,0.05,0,0,4,997,91,13,0,5,1,0,0,0.1,0.3,4,1063,31,23,1,4,7,0,0,0,0,11,1.13,5,14,12,33.3,2,100,30,16,16,43,9,63,0,8,5,1,18,14,0,2,33,71.7,12,0,0,0,16,22,21.9,17.5,4.5,0.35,14,1.1,16,5838,80,2,903,814,0,1201,9.9,16938,0,0,0,0,0,0,0,0,0,0,0,0,0,0,0.0786713286713287,0.157342657342657,0.0786713286713287,6.29370629370629,1.25874125874126,0.393356643356643,1.1013986013986,1.25874125874126,4.95629370629371,91,51.1941051793327,1.05963441584314,1.16707986360346,1.33380555840395,5.25185938621556,2.73709840163011,7.75274480822297,0.95,3.70166280311894
10225,"Aitor Paredes","Athletic Club","La Liga","ESP","DF",24,2000,"2024-2025",23,1812,79,53,21,85,2,15,11,20.1,15,0.3,3,50,0.15,0.5,1,3,0,3,0,0,1,0,2.3,2.3,0.38,0.7,0.7,11,789,83.3,8,0,2,1,0,0,0.1,0.2,2,909,36,29,0,6,0,0,0,0,0,16,1.57,7,15,13,53.3,1,100,37,22,26,114,23,62,0,10,5,0,15,11,0,1,30,50.8,7,12,0.6,0,32,20,27.2,22.4,4.8,0.24,8,0.4,4,6216,46,2,708,596,0,1154,4.7,16864,0,0,0,0,0,0,0,0,0,0,0,0,0,0,0.0496688741721854,0.0993377483443709,0,2.28476821192053,0.198675496688742,0.0993377483443709,0.745033112582781,1.09271523178808,3.0794701986755,83.3,49.7058615439474,0.985294137443295,0.734076758028945,1.07664591177579,3.03418393318631,0.889593402175048,4.84490660299104,1,2.09260934176733
24357,"Alberto Dossena","Como","Serie A","ITA","DF",25,1998,"2024-2025",23,1825,79,53.4,20,87,3,29,3,20.3,11,0.59,3,25,0.15,0,0,0,2,2,0,0,2,0,0.8,0.8,0.07,0,0,11,894,87.6,9,0,5,1,0,1.3,0.7,0.4,1,952,65,43,0,3,4,0,0,0,0,14,0.91,8,33,20,57.1,2,33.3,55,22,22,89,22,68,0,23,8,2,28,20,0,3,59,71.1,12,0,0,0,25,34,22.7,22.9,0,0,11,0.54,4,5441,36,1,776,693,0,1220,11.3,16693,0,0,0,0,0,0,0,0,0,0,0,0,0,0,0.0493150684931507,0.0493150684931507,0.0986301369863014,1.77534246575342,0.197260273972603,0.246575342465753,1.62739726027397,1.08493150684932,3.35342465753425,87.6,43.454044449978,0.683909376052766,1.11299224486395,0.741994829909302,2.29343856517421,0.757570157061865,4.14842563994746,0.95,1.82515575480898
10050,"Aleksandar Sedlar","Alavés","La Liga","SRB","DF",31,1991,"2023-2024",11,946,86,27.7,11,86,0,0,1,10.5,4,0.38,1,25,0.1,0.25,1,1,0,1,0,0,1,0,0.3,0.3,0.07,0.7,0.7,4,343,84.7,6,0,2,0,0,0,0.1,0.1,0,387,17,11,0,1,1,0,0,0,0,8,1.09,3,14,10,62.5,0,0,27,13,8,43,14,49,2,10,4,0,16,6,1,2,17,48.6,6,0,0,0,10,14,14.8,12,2.9,0.27,9,0.86,6,2813,26,1,264,247,0,497,10.7,6944,0,0,0,0,0,0,0,0,0,0,0,0,0,0,0,0.0951374207188161,0,2.47357293868922,0.570824524312896,0.190274841437632,1.33192389006342,1.23678646934461,4.66173361522199,84.7,44.7233003387887,0.742120990405867,0.988448676439104,0.917845199550597,3.45957036753686,1.11331935390367,5.36586424352656,0.85,2.30978701461944
23158,"Alessandro Buongiorno","Napoli","Serie A","ITA","DF",25,1999,"2024-2025",22,1924,87,56.3,22,87,0,0,4,21.4,18,0.37,4,50,0.19,0.13,0.25,1,0,1,0,0,0,0,0.8,0.8,0.1,0.2,0.2,12,1161,90.8,18,0,5,1,0,0,0.6,0.6,3,1223,53,39,0,2,3,0,0,0,0,20,2.14,13,39,23,75,3,42.9,74,35,30,73,17,84,0,26,12,1,32,15,1,8,43,67.2,8,19,0.89,0.11,33,14,31.7,18.1,13.6,0.64,19,0.89,27,6363,82,8,1059,902,1,1489,11,20369,0,0,1,0,0,0,0,0,0,0,0,0,0,0,0.0467775467775468,0.374220374220374,0.0467775467775468,3.83575883575884,1.26299376299376,0.233887733887734,1.82432432432432,1.63721413721414,3.92931392931393,90.8,40.2772394326301,0.54885413670354,1.0012879520943,0.898591751879496,2.15662020451079,1.8408807120352,4.05649990848458,0.95,2.23410225735946
22585,"Alessio Romagnoli","Lazio","Serie A","ITA","DF",29,1995,"2024-2025",32,2672,84,78.1,31,85,1,25,2,29.7,17,0.67,7,35,0.24,0.1,0.29,2,0,2,0,0,0,0,2.4,2.4,0.12,0,0,16,1624,91.8,25,0,9,0,0,0,0.3,0.3,5,1609,156,58,1,0,11,0,0,0,0,27,1.66,6,48,29,81.5,2,66.7,74,26,33,118,29,96,0,20,26,2,27,41,2,1,84,64.1,5,4,0.13,0,42,38,44.2,27.2,17,0.57,27,0.91,8,9785,90,4,1371,1064,0,2042,9.8,27954,0,0,0,0,0,0,0,0,0,0,0,0,0,0,0,0.134730538922156,0.0673652694610778,3.0314371257485,0.269461077844311,0.30314371257485,1.61676646706587,0.875748502994012,3.23353293413174,91.8,44.714770051927,0.741722883753554,1.19919268630814,0.649562705083576,2.39838537261628,1.23420257168847,4.247140764008,0.85,2.02962325787779
15178,"Alexsandro Ribeiro","Lille","Ligue 1","BRA","DF",24,1999,"2024-2025",30,2700,90,88.2,30,90,0,0,1,30,13,0.7,4,19,0.13,0.05,0.25,1,1,2,0,0,1,1,1.6,1.6,0.08,0,0,10,2204,91.2,32,2,9,8,2,0.6,0.4,1,6,2266,150,65,3,10,12,0,0,0,0,30,1.83,22,32,19,66.7,2,25,59,27,23,143,28,175,2,18,13,1,30,38,2,10,64,71.9,10,16,0.53,0.53,46,30,46.8,36.5,10.2,0.34,40,1.33,25,14857,178,8,1982,1737,0,2712,10.3,43718,0,0,0,0,0,0,10,0,0.5,1,0.4,5,1,12,0.266666666666667,0.266666666666667,0.0333333333333333,5.93333333333333,0.833333333333333,0.3,1.06666666666667,0.9,5.83333333333333,91.2,43.9083629107986,0.704499981629259,0.75146664707121,0.634049983466333,4.10958322617068,2.43460262523905,5.49509985670822,1,2.91357100710809
14973,"Alidu Seidu","Clermont Foot","Ligue 1","GHA","DF",23,2000,"2023-2024",14,1131,81,37,13,86,1,7,0,12.6,7,0.48,1,16.7,0.08,0,0,0,1,1,0,0,1,0,0.1,0.1,0.01,0,0,8,623,82.4,7,2,5,4,0,0.3,0.7,0.2,0,687,65,10,0,2,55,0,0,0,0,12,0.64,13,32,24,77.4,12,48,57,25,15,37,20,107,0,17,15,0,31,1,0,6,15,65.2,7,0,0,0.2,8,19,12.5,21.5,0,0,13,1.03,16,3446,33,3,560,651,0,905,36.3,11437,0,0,0,0,0,0,0,0,0,0,0,0,0,0,0.318302387267904,0.238726790450928,0,2.62599469496021,1.27320954907162,0.397877984084881,2.54641909814324,1.9893899204244,8.51458885941645,82.4,47.3489879269996,0.868220269005264,2.21085267439006,1.72722865186724,7.39253862999177,1.47597724195048,11.3306199562491,1,4.27197688365491
19535,"Amari'I Bell","Luton Town","Premier League","JAM","DF",29,1994,"2023-2024",21,1720,82,50.3,21,82,0,0,0,19.1,15,0.1,2,100,0.1,0,0,0,0,0,0,0,0,0,0.3,0.3,0.13,0,0,18,645,77.2,22,0,8,13,0,0,0.5,0.4,8,783,48,15,2,3,29,0,0,0,0,18,0.86,18,50,33,62.9,15,55.6,75,25,33,60,22,98,1,30,19,1,35,5,0,5,20,47.6,13,0,0,0.59,30,41,24.6,38.1,0,0,25,1.31,32,4470,76,10,607,584,1,1070,18.8,10680,0,0,0,0,0,0,0,0,0,0,0,0,0,0,0.680232558139535,0.523255813953488,0.0523255813953488,3.97674418604651,1.67441860465116,0.418604651162791,2.61627906976744,1.30813953488372,5.12790697674419,77.2,51.6148950026265,1.08056972897494,2.82707196534141,1.41353598267071,5.54106105206917,2.09026777656304,9.78166900008129,0.85,4.0178078106496
5097,"Ameen Al-Dakhil","Burnley","Premier League","BEL","DF",21,2002,"2023-2024",13,1056,81,30.9,12,86,1,21,2,11.7,6,0.68,3,37.5,0.26,0.13,0.33,1,0,1,0,0,1,1,1.3,1.3,0.16,0,0,7,537,84.3,5,0,2,3,0,0,0.1,0.6,2,590,45,11,2,2,34,0,0,0,0,11,0.38,8,12,5,10,2,40,24,12,13,38,6,50,0,4,7,1,10,10,0,6,14,37.8,9,0,0,0,10,26,10.8,20.3,0,0,8,0.68,7,2939,35,9,495,491,0,749,16,9642,0,0,0,0,0,0,0,0,0,0,0,0,0,0,0.255681818181818,0.767045454545455,0.0852272727272727,2.98295454545455,0.596590909090909,0.170454545454545,1.02272727272727,1.02272727272727,4.26136363636364,84.3,51.5330920349944,1.07650481482195,1.10097083334063,1.10097083334063,4.58737847225263,1.29243708341468,6.78932013893389,1,2.83807087504604
23655,"Amir Rrahmani","Napoli","Serie A","KVX","DF",30,1994,"2024-2025",38,3406,90,99.6,38,90,0,0,0,37.8,26,0.74,3,10.7,0.08,0.04,0.33,1,3,4,0,0,0,1,2.9,2.9,0.1,0,0,17,2531,91,35,2,11,1,0,1.9,1.1,0.7,9,2636,144,101,2,15,10,0,0,0,0,37,2.16,9,39,31,64,2,33.3,66,27,43,179,42,135,0,19,19,1,25,34,0,6,124,69.3,9,32,0.85,0.85,59,27,52.4,29.4,23,0.61,42,1.11,30,17211,188,2,2254,1859,0,3152,9.2,49903,0,0,1,0,0,0,0,0,0,0,0,0,0,0,0.0264239577216676,0.0528479154433353,0.0264239577216676,4.96770405167352,0.792718731650029,0.290663534938344,1.03053435114504,0.713446858485026,3.56723429242513,91,40.2772394326301,0.54885413670354,0.565613041641053,0.391578259597652,1.95789129798826,2.0837587853075,2.91508259922696,0.85,1.96902829389109
23658,"Andrea Carboni","Monza","Serie A","ITA","DF",23,2001,"2024-2025",26,2191,84,64.1,25,86,1,52,6,24.3,16,0.33,1,12.5,0.04,0,0,0,1,1,0,0,1,0,0.3,0.3,0.04,0,0,15,989,85.5,11,0,4,15,3,0.7,0.3,0.2,3,1080,70,27,0,8,14,0,0,0,0,19,0.62,15,60,35,66,4,44.4,87,27,31,106,29,62,0,39,17,4,53,18,0,5,38,47.5,18,0,0,0.94,21,39,20.6,32,0,0,11,0.45,9,4918,51,32,925,822,0,1412,18.3,16502,0,0,0,0,0,0,0,0,0,0,0,0,0,0,0.616157005933364,1.31446827932451,0.164308534915564,2.09493382017344,0.369694203560018,0.164308534915564,2.46462802373346,1.10908261068005,2.54678229119124,85.5,38.4359714548621,0.478643039099137,1.17967704752868,0.530854671387906,1.21899961577964,0.903823005870258,2.92953133469622,1,1.52588860275697
4758,"Andreas Hanche-Olsen","Mainz 05","Bundesliga","NOR","DF",27,1997,"2024-2025",22,1284,58,42,12,85,10,27,6,14.3,18,0.84,2,16.7,0.14,0.08,0.5,1,1,2,0,0,1,0,0.8,0.8,0.07,0.2,0.2,7,530,82.6,3,0,3,1,0,0.7,0.3,0.6,0,598,43,15,0,2,19,0,0,0,0,11,1.55,8,21,13,75,0,0,33,12,25,85,20,44,0,12,8,1,12,21,0,3,49,63.6,3,0,0,0,26,27,22.2,23.7,0,0,5,0.35,2,3287,34,5,469,394,0,812,11.8,9209,0,0,0,0,0,0,0,0,0,0,0,0,0,0,0.0700934579439252,0.350467289719626,0.0700934579439252,2.38317757009346,0.14018691588785,0.210280373831776,1.47196261682243,0.841121495327103,3.08411214953271,82.6,57.2031271992778,1.34535175282089,1.98030748662888,1.13160427807365,4.14921568627003,0.936577520746031,7.26112745097256,0.95,2.82556924359018
11007,"Andy Pelmard","Clermont Foot","Ligue 1","MAD","DF",23,2000,"2023-2024",34,2989,88,97.7,33,90,1,19,0,33.2,20,0.06,1,50,0.03,0,0,0,0,0,0,0,2,0,0.3,0.3,0.17,0,0,17,1412,84.8,18,1,6,6,1,0,0.6,0.9,8,1551,107,52,2,2,42,0,0,0,0,33,0.74,10,51,38,80,2,20,84,33,37,99,13,170,0,41,9,1,40,4,0,3,25,67.6,8,0,0,2.87,26,57,35.4,62.3,0,0,21,0.63,39,7665,120,7,1256,1393,2,1928,9.1,23653,0,0,0,0,0,0,0,0,0,0,0,0,0,0,0.180662428905989,0.210772833723653,0.0301104048176648,3.61324857811977,1.17430578788893,0.180662428905989,1.5356306457009,0.993643358982937,5.11876881900301,84.8,47.3489879269996,0.868220269005264,1.33326565230317,0.86270130443146,4.44421884101055,1.71666946232392,6.64018579774518,1,2.96352352425312
14978,"Anel Ahmedhodžić","Sheffield Utd","Premier League","BIH","DF",24,1999,"2023-2024",31,2649,85,77.5,29,89,2,34,0,29.4,26,0.65,5,26.3,0.17,0.11,0.4,2,0,2,0,0,0,0,3.1,3.1,0.17,0,0,17,749,75.4,23,0,7,6,1,0,0.8,0.6,3,955,36,11,1,2,25,0,0,0,0,27,0.35,14,64,36,61.2,9,42.9,98,34,43,137,34,106,0,48,14,2,49,33,2,11,52,59.1,19,0,0,0,28,89,31.9,61.5,0,0,26,0.88,15,5078,43,21,697,606,3,1336,11.9,12780,0,0,0,0,0,0,0,0,0,0,0,0,0,0,0.203850509626274,0.713476783691959,0.0679501698754247,1.46092865232163,0.509626274065685,0.237825594563986,2.17440543601359,1.15515288788222,3.60135900339751,75.4,55.5629194189751,1.27118826767737,2.76407867943437,1.46841679844951,4.57800531281318,0.756189702229692,8.81050079069706,1,3.22102611810099
3846,"Anthony Jung","Werder Bremen","Bundesliga","GER","DF",32,1991,"2024-2025",28,1898,68,62,20,86,8,23,5,21.1,14,0.05,0,0,0,0,0,0,0,0,0,0,2,0,0,0,0.04,0,0,9,1354,89.6,14,0,2,4,1,0,0.1,0.5,6,1388,121,49,0,0,11,0,0,0,0,15,1.5,13,34,22,64.7,1,11.1,59,25,23,77,9,81,0,22,11,1,34,1,2,2,34,63,12,0,0,0,35,42,29.6,32,0,0,14,0.66,20,8795,121,6,1165,1044,0,1695,29.2,24384,0,0,0,0,0,0,0,0,0,0,0,0,0,0,0.189673340358272,0.284510010537408,0.047418335089568,5.73761854583772,0.948366701791359,0.0948366701791359,1.61222339304531,1.1854583772392,3.84088514225501,89.6,54.8739265390465,1.23898403234418,1.9975190405549,1.46876400040801,4.75879536132196,2.34538973195412,8.22507840228486,0.7,3.63527941346711
4915,"Anthony Rouault","Rennes","Ligue 1","FRA","DF",23,2001,"2024-2025",11,972,88,31.8,11,88,0,0,0,10.8,11,0.65,3,42.9,0.28,0,0,0,0,0,0,0,0,0,0.5,0.5,0.07,0,0,2,623,91.6,9,0,1,0,0,0,0,0.2,2,651,28,18,0,1,0,0,0,0,0,10,1.36,1,12,8,100,0,0,20,8,13,65,7,48,1,10,2,0,4,9,1,2,28,65.1,0,2,0.19,0.23,20,18,16.5,16.4,0.1,0.01,10,0.93,3,4445,36,0,557,485,0,786,11,12133,0,0,0,0,0,0,0,0,0,0,0,0,0,0,0,0,0,3.33333333333333,0.277777777777778,0.0925925925925926,1.11111111111111,0.740740740740741,4.44444444444444,91.6,48.6149533255604,0.930858163070457,1.03428684785606,0.689524565237375,4.13714739142425,1.27778083586083,5.86095880451769,1,2.56099997569964
9371,"Antonio Raillo","Mallorca","La Liga","ESP","DF",32,1991,"2024-2025",36,3207,89,93.8,36,89,0,0,0,35.6,38,0.98,8,22.9,0.22,0.06,0.25,2,0,2,0,0,0,0,2,2,0.06,0,0,13,1572,88.7,23,2,13,3,0,0,1.6,1,6,1613,157,67,1,4,2,0,0,0,0,34,1.25,7,31,18,70,1,33.3,60,29,51,222,50,104,0,18,10,3,20,66,2,6,132,61.1,6,0,0,0.65,31,38,36.2,43.8,0,0,27,0.76,31,10641,108,20,1282,1108,0,2185,12.8,29700,0,0,0,0,0,0,0,0,0,0,0,0,0,0,0.0841908325537886,0.561272217025257,0.0841908325537886,3.03086997193639,0.869971936389149,0.364826941066417,0.869971936389149,0.813844714686623,2.91861552853134,88.7,40.2272057487303,0.546863877179616,0.475756226171228,0.445062276095665,1.59608540392928,1.4639982284036,2.51690390619617,0.7,1.56937046322029
3168,"Antonio Rüdiger","Real Madrid","La Liga","GER","DF",31,1993,"2024-2025",29,2291,79,67,26,87,3,14,1,25.5,14,0.94,4,16.7,0.16,0,0,0,0,0,0,0,1,0,1.7,1.7,0.07,0,0,8,1706,91.8,19,0,7,4,1,0,0.5,0.9,6,1780,72,48,3,18,9,0,0,0,0,24,2.21,7,20,13,73.3,2,28.6,29,9,22,96,15,102,0,14,6,0,15,23,2,2,35,59.3,4,29,1.14,0.26,54,25,48.1,26.5,21.6,0.85,28,1.1,20,10610,94,4,1584,1373,2,2069,18,32076,0,0,0,0,0,0,13,2,1.7,0,0.6,3,0,9,0.157136621562636,0.157136621562636,0,3.69271060672196,0.785683107813182,0.274989087734614,0.785683107813182,0.353557398515932,4.00698384984723,91.8,45.7904085851232,0.792574517594377,0.622712410157084,0.280220584570688,3.17583329180113,1.63589726139733,4.0787662865289,0.85,2.1397887905176
23829,"Ardian Ismajli","Empoli","Serie A","ALB","DF",27,1996,"2024-2025",29,2508,86,73.3,29,86,0,0,0,27.9,24,0.18,0,0,0,0,0,0,0,0,0,0,0,0,0.3,0.3,0.06,0,0,11,872,86.8,6,1,2,0,0,0,0,0.1,0,940,64,53,0,2,1,0,0,0,0,27,0.93,8,30,23,80,0,0,86,56,35,249,21,83,1,21,9,0,20,7,0,3,77,58.8,4,0,0,1.49,28,36,21.5,34.6,0,0,8,0.29,3,6132,38,1,668,592,0,1410,9,17912,0,0,0,0,0,0,0,0,0,0,0,0,0,0,0,0.0358851674641148,0,1.36363636363636,0.107655502392345,0.0717703349282297,1.07655502392344,2.00956937799043,2.97846889952153,86.8,47.5695106977302,0.8790702543181,0.946367498667811,1.76655266417991,2.61828341298094,0.530874907554395,5.33120357582867,0.95,2.08851103577036
10064,"Aridane Hernández","Rayo Vallecano","La Liga","ESP","DF",35,1989,"2024-2025",14,1025,73,30,11,84,3,33,23,11.4,8,0.7,2,25,0.18,0,0,0,0,0,0,0,0,1,0.9,0.9,0.11,0,0,2,463,87.9,7,2,2,0,0,0,0,0.1,0,484,42,15,0,5,0,0,0,0,0,9,1.21,4,13,11,75,2,33.3,19,6,10,99,5,48,0,9,4,0,8,12,0,1,40,67.8,2,0,0,0,13,17,15.5,14.1,1.5,0.13,9,0.79,2,2714,38,0,362,328,0,680,8,8326,0,0,0,0,0,0,0,0,0,0,0,0,0,0,0,0,0,3.33658536585366,0.175609756097561,0.175609756097561,1.14146341463415,0.526829268292683,4.21463414634146,87.9,51.7791737047213,1.08872476311476,1.24273948570173,0.573572070323874,4.58857656259099,1.26805959915887,6.40488811861659,0.5,2.61659027524853
9187,"Aritz Elustondo","Real Sociedad","La Liga","ESP","DF",30,1994,"2024-2025",22,1457,66,42.6,16,82,6,25,8,16.2,12,0.25,0,0,0,0,0,0,0,0,0,0,0,0,0.4,0.4,0.11,0,0,5,775,85.4,11,0,4,4,0,0,0.2,0.4,2,844,59,29,3,5,28,0,0,0,0,12,1.32,14,20,11,57.9,4,50,31,11,17,96,25,53,0,15,3,2,19,12,1,6,29,53.7,8,0,0,0.4,22,23,18.6,20,0,0,11,0.68,17,4879,51,4,709,624,1,1092,8.2,14645,0,0,0,0,0,0,0,0,0,0,0,0,0,0,0.247083047357584,0.247083047357584,0.123541523678792,3.1503088538092,1.05010295126973,0.247083047357584,1.23541523678792,0.679478380233356,3.27385037748799,85.4,49.8018675524909,0.990093701694315,1.22317684492091,0.672747264706501,3.24141863904041,1.53305534518212,5.13734274866782,0.85,2.40982496267319
22826,"Armando Izzo","Monza","Serie A","ITA","DF",32,1992,"2024-2025",30,2435,81,71.2,28,86,2,10,1,27.1,28,0.22,2,33.3,0.07,0.17,0.5,1,1,2,0,0,0,0,0.4,0.4,0.07,0.6,0.6,10,1305,87.9,19,1,11,8,1,0.2,0.8,0.3,6,1361,123,75,2,7,26,0,0,0,0,22,0.47,21,40,15,50,2,22.2,85,45,38,101,65,90,0,30,9,1,36,14,0,6,52,44.8,18,0,0,0.79,23,46,20.9,38.1,0,0,20,0.74,12,7620,72,12,1085,1009,0,1768,13.7,24799,0,0,0,0,0,0,0,0,0,0,0,0,0,0,0.295687885010267,0.4435318275154,0.0369609856262834,2.6611909650924,0.4435318275154,0.406570841889117,1.47843942505133,1.66324435318275,3.3264887063655,87.9,38.4359714548621,0.478643039099137,0.707644739530552,0.796100331971871,1.59220066394374,1.19878691400545,3.09594573544616,0.7,1.63619848623603
10648,"Arnau Martinez","Girona","La Liga","ESP","DF",20,2003,"2023-2024",21,1241,59,36.3,14,80,7,17,15,13.8,5,0.07,0,0,0,0,0,0,2,2,0,0,0,0,0.2,0.2,0.2,0,0,10,751,90,23,1,11,7,4,0.6,1.4,1.5,9,731,101,25,2,3,76,0,0,0,0,6,2.33,16,25,16,46.9,4,57.1,35,10,15,41,14,65,0,17,6,2,32,9,1,9,10,43.5,17,12,0.87,0,26,14,23.5,21.8,1.7,0.13,24,1.74,29,3256,68,16,655,541,1,958,7.9,11819,0,0,0,0,0,0,0,0,0,0,0,0,0,0,0.507655116841257,1.16035455278002,0.145044319097502,4.93150684931507,2.10314262691378,0.797743755036261,1.81305398871878,0.72522159548751,4.71394037066882,90,40.3470931951425,0.55164032787385,1.00015369678982,0.400061478715927,2.60039961165352,2.68579555193873,4.00061478715927,1,2.56450265692327
15414,"Arouna Sangante","Le Havre","Ligue 1","SEN","DF",22,2002,"2024-2025",16,1244,78,40.7,16,78,0,0,2,13.8,5,0.51,4,57.1,0.29,0.43,0.75,3,0,3,0,0,0,0,1,1,0.14,2,2,6,693,87.1,10,2,3,2,1,0,0.1,0.1,3,741,53,27,0,1,22,0,0,0,0,9,1.25,12,25,16,58.8,1,16.7,46,21,11,65,22,53,0,11,14,0,17,15,1,7,33,60,7,0,0,0.2,17,28,17,21.1,0,0,12,0.87,11,4432,48,3,625,546,0,949,9.3,13010,0,0,0,0,0,0,0,0,0,0,0,0,0,0,0.144694533762058,0.217041800643087,0,3.47266881028939,0.795819935691318,0.217041800643087,1.80868167202572,1.51929260450161,3.83440514469453,87.1,44.2680144923915,0.720998208030729,1.30405624442857,1.09540724532,2.76459923818857,1.54588970537855,5.16406272793713,1,2.45467470053256
5109,"Arthur Chaves","Hoffenheim","Bundesliga","BRA","DF",23,2001,"2024-2025",26,2185,84,71.4,24,88,2,42,2,24.3,20,0.41,2,20,0.08,0.1,0.5,1,0,1,0,0,0,0,0.8,0.8,0.08,0.2,0.2,27,966,82.1,19,0,5,8,0,0,0.1,0.4,1,1128,46,31,0,4,14,0,0,0,0,20,1.12,11,51,36,50,6,60,88,37,47,136,38,93,1,28,19,4,50,22,1,11,67,51.9,25,0,0,0.53,34,46,30.2,35.3,0,0,23,0.95,10,5535,57,13,919,740,0,1513,12.6,16519,0,0,0,0,0,0,0,0,0,0,0,0,0,0,0.329519450800915,0.535469107551487,0.164759725400458,2.34782608695652,0.411899313501144,0.205949656750572,2.10068649885584,1.52402745995423,3.83066361556064,82.1,54.0869850687588,1.20155152838576,2.52408307335956,1.83119752380988,4.60273972200861,1.01867211869707,8.95802031917805,1,3.37697494323224
5110,"Arthur Theate","Rennes","Ligue 1","BEL","DF",23,2000,"2023-2024",28,2296,82,75,27,85,1,2,3,25.5,23,0.86,5,22.7,0.2,0.09,0.4,2,0,2,0,0,0,0,1.9,1.9,0.09,0.1,0.1,17,1444,88,16,1,6,11,4,0,0.8,1.3,7,1565,72,47,0,14,22,0,0,0,0,23,1.46,16,30,17,64.9,6,42.9,61,31,40,90,16,134,0,19,6,5,37,28,0,3,41,65.1,13,9,0.35,0.59,44,35,42.6,31.8,10.9,0.43,21,0.82,33,10833,151,24,1307,1413,3,1882,18.7,28379,0,0,0,0,0,0,0,0,0,0,0,0,0,0,0.431184668989547,0.940766550522648,0.195993031358885,5.91898954703833,1.29355400696864,0.235191637630662,1.17595818815331,1.21515679442509,5.25261324041812,88,48.6149533255604,0.930858163070457,1.09465027887205,1.13113862150112,4.88943791229517,2.57200551588903,7.11522681266834,1,3.45137025015612
19540,"Auston Trusty","Sheffield Utd","Premier League","USA","DF",24,1998,"2023-2024",32,2572,80,75.2,28,89,4,21,6,28.6,22,0.28,2,25,0.07,0,0,0,0,0,0,0,1,0,0.4,0.4,0.05,0,0,19,700,76.3,11,2,8,5,2,0,1.1,0.8,4,840,76,7,0,0,68,0,0,0,0,24,0.38,17,47,30,48.8,5,41.7,82,35,41,153,23,89,2,31,13,3,43,27,3,4,61,55,22,0,0,0,22,81,27.3,53.9,0,0,16,0.56,10,4591,40,15,582,510,2,1262,13,12288,0,0,0,0,0,0,0,0,0,0,0,0,0,0,0.174961119751166,0.524883359253499,0.1049766718507,1.39968895800933,0.349922239502333,0.279937791601866,1.64463452566096,1.22472783825816,3.11430793157076,76.3,55.5629194189751,1.27118826767737,2.09064011363735,1.55685965909165,3.95887170454733,0.691558922380212,7.60637147727633,1,2.83483501213498
14500,"Axel Disasi","Chelsea","Premier League","FRA","DF",25,1998,"2023-2024",31,2579,83,75.4,29,89,2,5,4,28.7,19,0.56,4,25,0.14,0.13,0.5,2,0,2,0,0,0,1,2.4,2.4,0.15,0,0,7,2031,90,13,0,3,10,1,0,0.3,1,8,2153,98,49,3,11,43,0,0,0,0,27,1.52,16,33,19,76.7,5,22.7,51,18,26,102,17,150,0,20,10,3,30,24,4,12,72,69.9,7,0,0,0,50,50,56.1,43.1,12.9,0.45,13,0.45,30,11464,112,21,1892,1613,3,2496,10.3,34081,0,0,0,0,0,0,0,0,0,0,0,0,0,0,0.348972469949593,0.732842186894145,0.104691740984878,3.90849166343544,1.04691740984878,0.104691740984878,1.15160915083366,0.628150445909267,5.23458704924389,90,44.9903988818818,0.754630131001595,0.869038964356238,0.474021253285221,3.95017711071017,1.75089708233554,5.29323732835163,0.95,2.56833003143971
4151,"Axel Witsel","Atlético Madrid","La Liga","BEL","DF",34,1989,"2023-2024",35,2783,80,81.4,30,87,5,32,1,30.9,21,0.23,3,42.9,0.1,0.29,0.67,2,0,2,0,0,0,0,1,1,0.14,1,1,19,1687,91.9,12,1,3,4,0,0,0.3,0.2,0,1761,70,58,0,3,8,0,0,0,0,27,2.09,14,35,21,70.8,3,37.5,51,16,40,119,24,148,1,23,12,0,24,22,0,6,55,67.9,7,21,0.68,0,52,31,47.6,34,13.6,0.44,16,0.52,17,11338,89,8,1467,1364,0,2107,8,29499,0,0,0,0,0,0,10,0,0.2,0,0.1,1,1,6,0.129356809198706,0.258713618397413,0,2.87818900467122,0.549766439094502,0.0970176068990298,1.13187208048868,0.517427236794826,4.78620194035214,91.9,50.6934097653023,1.03465660313819,1.17109892198538,0.535359507193314,4.95207544153816,1.21753838669478,6.65853387071685,0.5,2.67647551589297
9551,"Aïssa Mandi","Villarreal","La Liga","ALG","DF",31,1991,"2023-2024",16,1113,70,32.5,12,85,4,22,16,12.4,7,0.32,2,50,0.16,0.25,0.5,1,0,1,0,0,1,0,0.6,0.6,0.16,0.4,0.4,3,671,91.4,15,0,2,0,0,0,0.7,0.4,4,688,45,24,2,3,4,0,0,0,0,10,1.38,2,13,8,50,0,0,21,8,10,41,7,49,0,8,5,0,14,6,0,2,12,52.2,7,0,0,0,21,21,18.4,17.9,0.5,0.04,15,1.21,6,5393,55,4,579,450,0,825,12.8,13380,0,0,0,0,0,0,0,0,0,0,0,0,0,0,0,0.323450134770889,0,4.44743935309973,0.485175202156334,0.161725067385445,1.05121293800539,0.646900269541779,3.9622641509434,91.4,46.3846793582683,0.821177494131129,0.863232406229489,0.53121994229507,3.2537221465573,1.75672046275184,4.64817449508186,0.85,2.3585405336253
14502,"Bafodé Diakité","Lille","Ligue 1","FRA","DF",23,2001,"2024-2025",31,2766,89,90.4,31,89,0,0,1,30.7,17,0.52,7,43.8,0.23,0.25,0.57,4,1,5,0,0,1,0,2.3,2.3,0.15,1.7,1.7,13,2086,93.2,17,0,3,4,0,0.8,0.2,0.8,0,2155,82,63,2,5,6,0,0,0,0,30,1.9,13,31,18,69.2,0,0,58,27,30,99,44,139,0,17,11,3,26,21,1,6,61,72.6,8,19,0.62,1.54,50,31,50.8,38.2,12.6,0.41,19,0.62,15,12423,90,3,1891,1606,0,2475,8.3,38535,0,0,0,0,0,0,10,0,0,0,0.1,1,0,3,0.130151843817787,0.0976138828633406,0.0976138828633406,2.92841648590022,0.488069414316703,0.0976138828633406,1.00867678958785,0.878524945770065,4.52277657266811,93.2,43.9083629107986,0.704499981629259,0.710612779734502,0.618920808155857,3.18629601235793,1.21336494824754,4.51582960024829,1,2.1332948593735
15423,"Becir Omeragic","Montpellier","Ligue 1","SUI","DF",22,2002,"2024-2025",22,1799,82,58.8,21,84,1,25,1,20,21,0.35,3,42.9,0.15,0,0,0,0,0,0,0,0,1,0.3,0.3,0.04,0,0,11,832,92.1,7,0,3,7,2,0,0.1,0.4,5,846,54,30,0,2,7,0,0,0,0,16,0.59,6,32,16,76.2,3,21.4,45,13,32,78,13,75,0,19,12,1,21,8,0,4,20,37,5,0,0,0.11,14,46,20,40.4,0,0,9,0.45,21,4349,51,3,723,609,1,1084,18,14911,0,0,0,0,0,0,0,0,0,0,0,0,0,0,0.350194552529183,0.150083379655364,0.0500277932184547,2.55141745414119,1.05058365758755,0.150083379655364,1.60088938299055,0.650361311839911,3.7520844913841,92.1,47.8352609942264,0.892183752225619,1.42828749661467,0.580241795499708,3.34754882019062,1.2969049514572,5.35607811230499,1,2.41768541427438
18254,"Ben Davies","Tottenham","Premier League","WAL","DF",31,1993,"2024-2025",17,1331,78,38.9,14,88,3,33,7,14.8,19,0.34,1,20,0.07,0,0,0,0,0,0,0,0,0,0.3,0.3,0.06,0,0,9,896,87.6,7,0,2,4,0,0,0.2,0.5,2,925,95,26,1,5,5,0,0,0,0,13,1,5,17,11,52.9,0,0,29,12,28,81,17,41,1,8,8,1,17,13,0,0,52,54.2,8,0,0,0,22,26,19,25.5,0,0,8,0.54,14,6614,52,6,781,664,0,1186,17,16735,0,0,0,0,0,0,0,0,0,0,0,0,0,0,0.270473328324568,0.405709992486852,0.067618332081142,3.51615326821938,0.946656649135988,0.135236664162284,1.14951164537941,0.811419984973704,2.77235161532682,87.6,50.2756247983609,1.01378036752813,1.16535233833061,0.822601650586311,2.81055563950323,1.58925761308534,4.79850962842015,0.85,2.33285593376018
18432,"Ben Mee","Brentford","Premier League","ENG","DF",33,1989,"2023-2024",16,1272,80,37.2,15,85,1,1,2,14.1,13,0.71,2,20,0.14,0.2,1,2,0,2,0,0,0,0,1.5,1.5,0.15,0.5,0.5,8,511,76.6,11,1,6,5,2,0,0.3,0.7,4,594,72,15,0,3,56,0,0,0,0,11,0.81,9,26,15,77.3,3,50,39,13,21,63,7,67,0,12,12,2,22,25,1,7,35,52.2,5,0,0,0,16,26,18.6,23.8,0,0,14,0.99,11,3658,49,9,447,388,1,829,12.7,9030,0,0,0,0,0,0,0,0,0,0,0,0,0,0,0.35377358490566,0.636792452830189,0.141509433962264,3.46698113207547,0.778301886792453,0.424528301886792,1.83962264150943,0.919811320754717,4.74056603773585,76.6,51.1557842081538,1.05772496541608,1.9458147948692,0.972907397434602,5.0142150483168,1.60051753700365,7.9329372406206,0.7,3.23668818698764
4921,"Benedikt Gimber","Heidenheim","Bundesliga","GER","DF",27,1997,"2024-2025",32,2671,83,87.3,32,83,0,0,1,29.7,19,0.47,1,7.1,0.03,0,0,0,0,0,0,0,2,0,0.7,0.7,0.05,0,0,34,1058,82.5,12,0,3,3,0,0,0.3,0.5,2,1221,55,44,0,6,3,0,0,0,0,23,0.91,25,72,46,60.3,4,25,103,31,53,131,61,98,1,48,23,1,63,22,1,7,66,55.9,25,0,0,0.68,34,55,34.1,48.1,0,0,15,0.51,7,7019,46,8,965,865,0,1643,15.1,21955,0,0,0,0,0,0,0,0,0,0,0,0,0,0,0.101085735679521,0.269561961812055,0.0336952452265069,1.54998128041932,0.235866716585548,0.101085735679521,2.4260576563085,1.04455260202171,3.30213403219768,82.5,60.9058856972638,1.4969850738419,3.63177209977368,1.56367965406923,4.94324535802529,0.649264368423836,10.1386971118682,0.95,3.57381488093
14503,"Benoît Badiashile","Chelsea","Premier League","FRA","DF",22,2001,"2023-2024",18,1338,74,39.1,15,88,3,7,7,14.9,14,0.4,1,16.7,0.07,0,0,0,1,1,0,0,1,1,0.3,0.3,0.05,0,0,7,1065,90.8,18,0,6,2,0,0,1.5,0.9,4,1137,36,27,1,2,6,0,0,0,0,13,1.67,6,21,15,64.3,0,0,39,18,21,66,17,82,2,12,9,0,14,11,1,4,28,56,5,0,0,0,31,31,31,25.7,5.3,0.36,23,1.55,3,7087,46,3,976,765,1,1321,14.1,18737,0,0,0,0,0,0,0,0,0,0,0,0,0,0,0.134529147982063,0.201793721973094,0,3.09417040358744,0.201793721973094,0.403587443946188,1.41255605381166,1.21076233183856,5.51569506726457,90.8,44.9903988818818,0.754630131001595,1.06595735993499,0.913677737087133,4.16230969117472,1.26245100964515,6.14194478819684,1,2.63836384031711
23009,"Berat Djimsiti","Atalanta","Serie A","ALB","DF",31,1993,"2024-2025",34,2640,78,77.2,32,81,2,27,1,29.3,21,0.68,4,20,0.14,0.05,0.25,1,2,3,0,0,1,1,2.7,2.7,0.13,0,0,13,1483,87.7,23,0,11,11,3,0.7,1.3,0.7,12,1614,75,60,1,6,15,0,0,0,0,23,1.88,10,53,33,72.5,1,25,93,40,34,141,23,102,0,29,23,1,40,45,0,1,90,60.8,11,28,0.95,0,59,31,50.4,29.9,20.5,0.7,30,1.02,32,7354,109,42,1323,1097,2,2023,9.7,26133,0,0,0,0,0,0,9,1,1.1,0,0.6,2,0,7,0.375,1.43181818181818,0.0340909090909091,3.71590909090909,1.09090909090909,0.375,1.80681818181818,1.36363636363636,3.47727272727273,87.7,52.0701529523836,1.10313957039168,1.99317263286679,1.50428123235229,3.83591714249834,1.78158154530716,7.33337100771742,0.85,3.17034392043809
3858,"Bernardo","Bochum","Bundesliga","BRA","DF",29,1995,"2024-2025",21,1782,85,58.2,19,90,2,36,0,19.8,17,0.4,2,25,0.1,0,0,0,0,0,0,0,0,0,0.7,0.7,0.09,0,0,21,730,73.7,18,1,4,14,1,0,0.7,1.7,11,941,47,26,0,2,17,0,0,0,0,19,1.1,11,46,28,73,2,40,72,26,38,103,24,83,1,32,13,1,37,28,0,8,90,67.7,10,0,0,1.67,20,26,26.5,29.3,0,0,22,1.11,14,7118,100,14,693,630,1,1249,8.6,15635,0,0,0,0,0,0,0,0,0,0,0,0,0,0,0.707070707070707,0.707070707070707,0.0505050505050505,5.05050505050505,0.707070707070707,0.202020202020202,2.32323232323232,1.31313131313131,4.19191919191919,73.7,60.2049774932854,1.47013908732281,3.41547464731562,1.93048567022187,6.16270425493905,2.05542163923682,11.5086645724765,0.85,4.51846802743769
23669,"Botond Balogh","Parma","Serie A","HUN","DF",22,2002,"2024-2025",29,2053,71,60,23,82,6,30,7,22.8,26,0.13,0,0,0,0,0,0,1,1,0,0,2,0,0.4,0.4,0.14,0,0,8,861,89.3,7,0,2,1,0,0.9,0.1,0.3,0,891,72,43,0,1,5,0,0,0,0,17,1,9,36,16,71.4,0,0,61,25,34,141,17,64,1,22,13,1,28,8,0,1,34,54,8,0,0,0.37,27,32,26.1,39,0,0,8,0.35,7,4970,37,1,725,621,0,1228,5.3,16914,0,0,0,0,0,0,0,0,0,0,0,0,0,0,0.0438382854359474,0.0438382854359474,0.0438382854359474,1.62201656113005,0.306867998051632,0.0876765708718948,1.57817827569411,1.09595713589868,2.80565026790063,89.3,47.3202602501418,0.8668090973429,1.36797928660058,0.949985615694849,2.43196317617881,0.695091334380152,4.74992807847424,1,1.99231495729433
14813,"Boubakar Kouyaté","Montpellier","Ligue 1","MLI","DF",26,1997,"2023-2024",23,1928,84,63,22,88,1,2,1,21.4,20,0.65,2,14.3,0.09,0,0,0,2,2,0,0,2,0,0.8,0.8,0.05,0,0,11,719,82.4,6,0,5,1,0,0.7,1.3,0.4,1,836,34,25,1,5,2,0,0,0,0,19,1.3,15,49,30,54.9,0,0,78,29,31,123,35,110,0,39,8,2,51,21,1,2,61,68.5,23,0,0,0,32,36,32.7,29,3.8,0.18,11,0.51,4,5064,58,3,622,704,1,1155,11.4,14305,0,0,0,0,0,0,0,0,0,0,0,0,0,0,0.0466804979253112,0.140041493775934,0.0933609958506224,2.70746887966805,0.186721991701245,0.233402489626556,2.28734439834025,1.35373443983402,5.13485477178423,82.4,47.8352609942264,0.892183752225619,2.04073150794345,1.20777987204817,4.58123399742408,1.07202488589208,7.8297453774157,0.95,3.05013356758154
13594,"Brendan Chardonnet","Brest","Ligue 1","FRA","DF",29,1994,"2024-2025",27,2416,89,79,27,89,0,0,4,26.8,28,0.52,1,7.1,0.04,0.07,1,1,0,1,0,0,0,1,0.8,0.8,0.06,0.2,0.2,17,993,82.1,21,0,8,3,1,0,1.2,1.1,3,1164,46,45,2,14,0,0,0,0,0,26,1.44,7,45,33,62.5,0,0,74,29,45,169,36,91,0,28,14,3,40,25,0,0,58,60.4,15,0,0,0,42,48,37.8,41.9,0,0,24,0.89,7,7790,51,5,948,810,1,1521,13.1,20771,0,0,0,0,0,0,9,0,0.2,0,0.1,2,1,7,0.111754966887417,0.186258278145695,0.111754966887417,1.89983443708609,0.260761589403974,0.298013245033113,1.67632450331126,1.08029801324503,3.38990066225166,82.1,50.7216457878015,1.03606663864949,1.73678389343147,1.1192607313225,3.51216298449475,0.838501338169365,6.36820760924873,0.85,2.49796281804236
19722,"Caleb Okoli","Leicester City","Premier League","ITA","DF",23,2001,"2024-2025",19,1125,59,32.9,12,85,7,16,18,12.5,14,0.32,2,50,0.16,0.25,0.5,1,0,1,0,0,0,0,0.6,0.6,0.15,0.4,0.4,10,559,86.3,4,0,0,1,0,0,0,0.2,1,597,51,21,1,3,4,0,0,0,0,8,0.53,10,25,14,61.1,0,0,40,15,24,79,16,44,0,8,15,2,18,10,0,2,23,52.3,7,0,0,0.53,15,26,11.8,27,0,0,4,0.32,3,3849,32,2,484,468,0,806,13.5,9749,0,0,0,0,0,0,0,0,0,0,0,0,0,0,0.08,0.16,0.16,2.56,0.24,0,2,1.2,3.52,86.3,51.1580602447988,1.05783838729551,2.11567677459102,1.26940606475461,3.72359112328019,0.969211313218205,7.10867396262583,1,2.80658671407503
19557,"Calvin Bassey","Fulham","Premier League","NGA","DF",24,1999,"2024-2025",35,3074,88,89.9,34,90,1,14,2,34.2,17,0.41,4,28.6,0.12,0.07,0.25,1,0,1,0,0,0,0,1,1,0.07,0,0,23,1934,89.7,19,1,3,8,0,0,0.1,0.4,3,2025,128,48,0,10,8,0,0,0,0,34,1.51,34,54,34,71,11,33.3,74,20,40,118,26,168,1,35,19,0,31,19,2,8,43,56.6,9,2,0.06,0.58,49,47,44.5,38.9,5.7,0.17,23,0.67,39,11961,116,15,1716,1571,5,2463,15.3,34171,0,0,0,0,0,0,0,0,0,0,0,0,0,0,0.234222511385817,0.439167208848406,0,3.39622641509434,1.14183474300586,0.0878334417696812,1.58100195185426,0.585556278464541,4.91867273910215,89.7,49.2435777075675,0.962196908636265,1.52123519062207,0.563420440971138,4.73273170415756,1.60216007977022,6.81738733575076,1,2.97578023263332
19725,"Cameron Burgess","Ipswich Town","Premier League","AUS","DF",28,1995,"2024-2025",18,1541,86,45.1,16,90,2,51,5,17.1,15,0.58,2,20,0.12,0,0,0,2,2,0,0,0,0,1.1,1.1,0.11,0,0,5,626,80.9,14,0,7,0,0,1.5,0.5,0.4,4,710,60,28,1,1,0,0,0,0,0,16,0.72,3,17,12,81.8,0,0,31,14,20,128,6,44,0,14,3,0,11,24,1,0,44,66.7,2,0,0,0.29,19,37,16.2,33.9,0,0,14,0.82,2,5485,42,4,573,430,0,982,9.6,11461,0,0,0,0,0,0,0,0,0,0,0,0,0,0,0,0.233614536015574,0,2.45295262816353,0.116807268007787,0.408825438027255,0.992861778066191,0.81765087605451,2.56975989617132,80.9,42.5226982067984,0.642632168810544,0.638044917767769,0.525448755808751,1.65141037539893,1.0125183123924,2.81490404897545,0.95,1.5203785396496
10851,"Carl Starfelt","Celta Vigo","La Liga","SWE","DF",29,1995,"2024-2025",28,2270,81,66.4,26,85,2,31,2,25.2,21,0.2,1,20,0.04,0.2,1,1,0,1,0,0,0,0,0.5,0.5,0.1,0.5,0.5,8,1539,93.7,16,0,6,0,0,0,0.2,0.2,1,1614,29,22,1,5,0,0,0,0,0,23,1.39,9,40,20,66.7,0,0,71,31,29,129,21,77,1,25,14,1,27,11,0,0,60,54.1,9,0,0,0,33,35,33.3,24.8,8.5,0.34,18,0.71,11,9742,66,1,1337,1104,1,1901,11.6,27778,0,0,0,0,0,0,0,0,0,0,0,0,0,0,0,0.039647577092511,0.039647577092511,2.61674008810573,0.436123348017621,0.237885462555066,1.58590308370044,1.22907488986784,3.05286343612335,93.7,47.9664585656311,0.898671872247565,1.42520649343226,1.10453503241,2.7435224998571,1.12979487970894,5.27326402569937,0.85,2.29759715959339
10244,"Carlos Dominguez","Celta Vigo","La Liga","ESP","DF",23,2001,"2024-2025",19,1181,62,34.5,13,82,6,19,18,13.1,11,0.23,1,33.3,0.08,0,0,0,0,0,0,0,0,1,0.2,0.2,0.07,0,0,5,856,88.5,6,0,2,0,0,0,0.1,0.2,0,936,28,26,0,6,2,0,0,0,0,10,1.68,5,23,11,71.4,1,33.3,36,13,16,80,8,45,0,14,9,0,21,7,0,0,28,65.1,6,3,0.23,0.27,22,19,16.9,15.6,1.3,0.1,6,0.46,15,5531,66,4,802,683,0,1116,8.5,15954,0,0,0,0,0,0,0,0,0,0,0,0,0,0,0,0.304826418289585,0,5.02963590177815,1.14309906858594,0.152413209144793,1.75275190516511,0.990685859441152,3.42929720575783,88.5,47.9664585656311,0.898671872247565,1.57514883620022,0.890301516113168,3.08181294039173,2.18665343590262,5.54726329270512,1,2.82734036217258
4928,"Castello Lukeba","RB Leipzig","Bundesliga","FRA","DF",20,2002,"2023-2024",32,2191,68,71.6,24,88,8,10,2,24.3,13,0.29,3,42.9,0.12,0.14,0.33,1,0,1,0,0,0,0,0.8,0.8,0.11,0.2,0.2,22,1726,91.6,12,0,4,5,2,0,0.1,0.8,8,1839,45,34,1,10,5,0,0,0,0,22,1.91,20,19,12,83.3,6,19.4,31,12,35,94,8,158,0,10,9,0,12,16,1,9,32,54.2,2,27,1.11,0,55,28,46.9,31,15.9,0.65,12,0.49,23,11113,107,9,1617,1446,1,2114,10.6,30847,0,0,0,0,0,0,7,0,0.1,0,0,0,0,2,0.205385668644455,0.369694203560018,0,4.39525330899133,0.944774075764491,0.164308534915564,0.780465540848927,0.492925604746691,6.49018712916476,91.6,63.6541220521949,1.59327582990726,1.24349688231009,0.785366451985322,10.3406582844734,1.90121008447518,12.3695216187688,1,4.76294051942072
9900,"Catena","Osasuna","La Liga","ESP","DF",29,1994,"2024-2025",35,3074,88,89.9,35,88,0,0,1,34.2,25,0.59,5,25,0.15,0.05,0.2,1,3,4,0,0,1,0,2.2,2.2,0.11,0,0,15,1274,83.8,23,3,10,2,1,0.7,2.3,1.9,5,1402,112,100,1,18,2,0,0,0,0,32,1.46,11,46,28,61.4,2,18.2,81,35,40,221,36,108,0,34,10,2,44,40,1,1,67,65.7,17,0,0,0.75,44,45,40.5,48.4,0,0,29,0.85,9,11023,89,4,1101,984,0,1905,10.9,27748,0,0,0,0,0,0,0,0,0,0,0,0,0,0,0.0585556278464541,0.117111255692908,0.0585556278464541,2.60572543916721,0.263500325309044,0.292778139232271,1.34677944046844,1.02472348731295,3.16200390370852,83.8,48.3368806667147,0.917035176798145,1.23504412229809,0.93970748435724,2.89966880887377,1.08184135398667,5.0744204155291,0.85,2.2088626662534
4929,"Cedric Zesiger","Wolfsburg","Bundesliga","SUI","DF",25,1998,"2023-2024",23,1634,71,53.4,18,84,5,24,10,18.2,21,0.88,2,12.5,0.11,0,0,0,0,0,0,0,1,0,1.3,1.3,0.08,0,0,11,943,84.3,11,1,1,5,2,0,0,0.3,4,1032,85,43,0,5,29,0,0,0,0,14,1.35,4,19,9,45.5,0,0,34,15,32,88,24,66,0,13,4,2,22,10,0,6,39,70.9,12,0,0,0,20,32,22.4,27.4,0,0,14,0.77,14,6554,81,3,857,729,0,1314,20.3,17299,0,0,0,0,0,0,0,0,0,0,0,0,0,0,0.275397796817625,0.165238678090575,0.11015911872705,4.46144430844553,0.771113831089351,0.0550795593635251,1.04651162790698,0.826193390452876,3.63525091799266,84.3,57.3135073641499,1.3502032247509,1.41300337473931,1.11552898005735,4.90832751225235,1.82993225396167,7.43685986704902,0.95,3.23733086169937
10664,"Cenk Özkacar","Valencia","La Liga","TUR","DF",22,2000,"2023-2024",23,1598,69,46.7,18,85,5,14,13,17.8,7,0.34,3,50,0.17,0,0,0,0,0,0,0,1,1,0.3,0.3,0.04,0,0,11,698,81.2,12,1,1,6,0,0,0.1,0.3,3,810,48,25,1,9,21,0,0,0,0,15,1.09,4,26,15,65.2,4,50,44,18,18,84,13,70,0,22,4,0,23,12,1,3,31,50,8,0,0,0,11,21,16.6,22.4,0,0,13,0.73,17,4662,56,5,617,532,0,1035,14.3,13108,0,0,0,0,0,0,0,0,0,0,0,0,0,0,0.337922403003755,0.281602002503129,0,3.15394242803504,0.957446808510638,0.0563204005006258,1.46433041301627,1.01376720901126,3.9424280350438,81.2,46.722445454336,0.837573711298087,1.2264846585967,0.849104763643868,3.30207408083726,1.44400311172857,5.37766350307783,1,2.47210029561478
10665,"Chadi Riad","Betis","La Liga","MAR","DF",20,2003,"2023-2024",26,2164,83,63.3,24,87,2,36,7,24,14,0.46,5,45.5,0.21,0,0,0,0,0,0,0,1,0,0.7,0.7,0.07,0,0,9,1074,89.6,9,1,2,0,0,0,0.2,0.2,0,1166,31,29,0,1,2,0,0,0,0,22,1.46,9,35,24,63,0,0,58,23,23,108,15,110,0,17,18,0,27,15,1,2,44,53.7,10,2,0.08,0.01,32,30,28.1,31.4,0,0,12,0.5,4,5584,34,1,937,831,0,1426,11.1,19044,0,0,0,0,0,0,0,0,0,0,0,0,0,0,0,0.0415896487985213,0,1.41404805914972,0.166358595194085,0.0831792975970425,1.45563770794824,0.956561922365989,4.57486136783734,89.6,51.2638455522005,1.06310829726839,1.54750052513652,1.01692891651828,4.86357307900049,0.572407369853006,7.4280025206553,1,2.74696370413779
15200,"Chancel Mbemba","Marseille","Ligue 1","COD","DF",28,1994,"2023-2024",25,2207,88,72.1,25,88,0,0,1,24.5,13,0.77,2,10.5,0.08,0.11,1,2,2,4,0,0,0,1,1.8,1.8,0.1,0.2,0.2,8,1222,87.4,17,0,7,15,3,1,1,1.5,11,1325,71,36,0,2,18,0,0,0,0,23,1.68,17,33,21,56.7,3,27.3,46,13,21,95,21,102,0,25,7,1,30,25,2,5,40,55.6,13,16,0.65,1.18,41,25,40.5,24.4,16.2,0.66,20,0.82,16,8626,131,10,1148,1221,2,1631,10.3,24175,0,0,0,0,0,0,0,0,0,0,0,0,0,0,0.611690077027639,0.407793384685093,0.0407793384685093,5.34209333937472,0.652469415496149,0.285455369279565,1.34571816946081,0.530131400090621,4.15949252378795,87.4,44.1906134514993,0.71743327561571,0.965462994371844,0.380333906873757,2.98415834624024,2.16221725131994,4.32995524748584,0.95,2.44127347477373
15621,"Charlie Cresswell","Toulouse","Ligue 1","ENG","DF",21,2002,"2024-2025",31,2592,84,84.7,29,89,2,12,1,28.8,28,1.11,13,40.6,0.45,0.09,0.23,3,1,4,0,0,0,1,3.3,3.3,0.1,0,0,16,1287,83,18,0,5,4,1,0,1.7,1.1,4,1466,81,33,0,8,12,0,0,0,0,26,1.29,20,35,23,60.9,7,63.6,63,28,44,191,28,103,0,19,15,1,46,56,3,3,98,69,18,2,0.07,0.26,38,36,42.6,31.7,11,0.38,24,0.83,8,8198,69,13,1193,1033,1,1920,9.5,23854,0,0,0,0,0,0,0,0,0,0,0,0,0,0,0.138888888888889,0.451388888888889,0.0347222222222222,2.39583333333333,0.277777777777778,0.173611111111111,1.21527777777778,0.972222222222222,3.57638888888889,83,48.7608592055531,0.938122116379821,1.14007896087825,0.912063168702604,3.35508951344172,0.978281604056803,5.40723164302258,1,2.2964821345295
5124,"Chrislain Matsima","Augsburg","Bundesliga","FRA","DF",22,2002,"2024-2025",30,2551,85,83.4,28,89,2,28,2,28.3,29,0.49,2,14.3,0.07,0.07,0.5,1,1,2,0,0,1,1,1.8,1.8,0.13,0,0,19,1139,86,17,0,5,3,0,0.7,0.3,0.7,7,1274,44,31,2,2,8,0,0,0,0,26,1.3,20,31,20,65.4,4,33.3,83,52,48,163,10,143,0,19,11,1,26,24,1,9,68,70.8,9,0,0,0.5,26,37,26.1,40.3,0,0,17,0.6,14,6622,84,13,989,910,2,1669,10.2,20152,0,0,0,0,0,0,0,0,0,0,0,0,0,0,0.105840846726774,0.458643669149353,0.0352802822422579,2.96354370834967,0.493923951391611,0.17640141121129,1.09368874951,1.83457467659741,5.04508036064288,86,55.908297855111,1.28711102872824,1.40769885149031,2.36130129927407,6.4935785730037,1.25139635916926,10.2625787237681,1,3.86533216079813
18700,"Christian Kabasele","Udinese","Serie A","BEL","DF",33,1991,"2024-2025",16,1161,73,33.9,12,82,4,45,22,12.9,8,1.16,4,26.7,0.31,0.13,0.5,2,0,2,0,0,2,0,1.5,1.5,0.1,0.5,0.5,6,481,85.3,7,0,6,2,0,0,0.4,0.5,1,536,28,16,0,5,6,0,0,0,0,6,1.25,9,17,9,78.6,0,0,31,14,14,75,20,33,1,10,7,0,14,23,0,3,35,63.6,3,0,0,0.01,16,21,10.7,19.9,0,0,12,0.93,9,3292,44,7,438,393,0,715,12.1,9338,0,0,0,0,0,0,0,0,0,0,0,0,0,0,0.155038759689922,0.542635658914729,0,3.41085271317829,0.697674418604651,0.465116279069767,1.31782945736434,1.08527131782946,2.55813953488372,85.3,47.4613109716214,0.873742920936103,1.15144415937316,0.948248131248484,2.23515630937143,1.56502116757978,4.33484859999307,0.7,2.15176304702983
15204,"Christian Mawissa","Monaco","Ligue 1","FRA","DF",19,2005,"2024-2025",22,1501,68,49.1,17,84,5,13,9,16.7,6,0.06,1,100,0.06,0,0,0,0,0,0,0,1,0,0.1,0.1,0.07,0,0,19,827,87.5,6,0,1,3,0,0,0,0.1,0,902,43,12,0,0,20,0,0,0,0,12,1.86,18,42,29,59.1,16,57.1,68,26,25,48,19,70,0,27,13,2,44,6,0,11,31,63.3,18,8,0.48,0,33,25,33.6,20.1,13.5,0.81,7,0.42,13,4378,44,10,768,718,1,1138,13.5,13430,0,0,0,0,0,0,6,0,0,0,0.1,0,2,4,0.179880079946702,0.599600266489007,0.119920053297801,2.63824117255163,0.77948034643571,0.0599600266489007,2.51832111925383,1.55896069287142,4.19720186542305,87.5,56.9888508786222,1.3358810709195,3.364177513708,2.08258607991448,5.60696252284667,1.20424421061204,11.0537261164691,1,4.08531551918556
4932,"Christoph Klarer","Darmstadt 98","Bundesliga","AUT","DF",23,2000,"2023-2024",30,2354,78,76.9,28,83,2,14,1,26.2,20,0.34,2,22.2,0.08,0.22,1,2,2,4,0,0,0,0,1.2,1.2,0.13,0.8,0.8,11,1044,87,19,1,12,8,1,1.1,0.9,1,4,1153,46,38,0,13,8,0,0,0,0,22,0.47,6,37,22,66.7,1,14.3,58,21,31,94,29,87,0,30,4,3,36,32,4,6,42,52.5,12,0,0,0.34,24,65,24.2,56.9,0,0,22,0.84,9,6575,64,11,988,786,2,1440,9.3,20473,0,0,0,0,0,0,0,0,0,0,0,0,0,0,0.305862361937128,0.420560747663551,0.114698385726423,2.44689889549703,0.344095157179269,0.458793542905692,1.41461342395922,0.802888700084962,3.32625318606627,87,49.2961191761009,0.964820482296835,1.36484800596791,0.774643462846652,3.20923720322184,1.10552809995093,5.3487286720364,1,2.33382984159129
4933,"Christoph Zimmermann","Darmstadt 98","Bundesliga","GER","DF",30,1993,"2023-2024",19,1220,64,39.9,12,81,7,35,5,13.6,14,0.3,1,25,0.07,0,0,0,0,0,0,0,0,1,0.3,0.3,0.07,0,0,7,455,82,8,0,3,0,0,0,0.1,0.3,2,532,21,16,0,7,5,0,0,0,0,8,0.42,7,33,21,48.7,1,33.3,54,21,21,66,13,53,0,26,7,0,39,9,1,2,29,58,20,0,0,0,8,34,10.7,29.2,0,0,9,0.67,7,3318,34,1,403,341,0,728,13.8,9024,0,0,0,0,0,0,0,0,0,0,0,0,0,0,0,0.0737704918032787,0,2.50819672131148,0.516393442622951,0.221311475409836,2.4344262295082,1.54918032786885,3.90983606557377,82,49.2961191761009,0.964820482296835,2.34878428887016,1.4946809110992,3.77228991848845,1.11551756695146,7.6157551184578,0.85,2.98293356231793
14353,"Christophe Hérelle","Metz","Ligue 1","MTQ","DF",30,1992,"2023-2024",19,1617,85,52.8,18,87,1,45,5,18,9,0.22,0,0,0,0,0,0,0,0,0,0,0,0,0.1,0.1,0.02,0,0,7,543,89.2,13,0,1,1,1,0,0,0.1,5,580,28,27,0,2,1,0,0,0,0,15,0.84,9,32,15,56.5,3,33.3,50,18,16,68,14,77,0,24,7,1,23,4,0,1,17,51.5,10,0,0,0.02,14,26,16.3,25.7,0,0,15,0.83,1,3571,41,1,436,504,0,776,21.5,12018,0,0,0,0,0,0,0,0,0,0,0,0,0,0,0.0556586270871985,0.0556586270871985,0.0556586270871985,2.28200371057514,0.0556586270871985,0.0556586270871985,1.78107606679035,1.00185528756957,4.28571428571429,89.2,53.7203748289513,1.18390242847146,2.10862028076549,1.18609890793059,5.07386755059197,0.82509523063138,8.36858673928806,0.85,3.09981411403897
3535,"Christopher Jullien","Montpellier","Ligue 1","FRA","DF",30,1993,"2023-2024",20,1233,62,40.3,13,87,7,15,8,13.7,20,0.51,1,14.3,0.07,0.14,1,1,0,1,0,0,0,0,1.1,1.1,0.16,0,0,5,441,86.1,8,0,2,1,1,0,0.1,0.1,1,477,34,18,0,0,1,0,0,0,0,11,1.4,7,16,12,35.3,0,0,28,12,25,106,13,47,1,11,5,0,17,10,0,0,45,64.3,11,0,0,0.25,18,18,16.1,22.2,0,0,10,0.74,1,2972,26,4,364,402,0,688,8,8894,0,0,0,0,0,0,0,0,0,0,0,0,0,0,0.072992700729927,0.291970802919708,0,1.8978102189781,0.072992700729927,0.145985401459854,1.16788321167883,0.875912408759124,3.43065693430657,86.1,47.8352609942264,0.892183752225619,1.04196642595693,0.781474819467695,3.06077637624847,0.725737399635027,4.8842176216731,0.85,2.01166024635594
15007,"Christopher Wooh","Rennes","Ligue 1","CMR","DF",22,2001,"2024-2025",20,1456,73,47.6,17,84,3,8,11,16.2,8,0.62,4,40,0.25,0,0,0,0,0,0,0,1,1,1.3,1.3,0.13,0,0,14,749,87.1,10,1,2,0,0,0,0.1,0.3,2,822,35,27,0,2,1,0,0,0,0,13,1.15,12,36,19,66.7,4,33.3,59,23,22,63,33,53,0,21,13,2,27,13,0,4,42,70,9,0,0,0,21,23,22.5,22.7,0,0,16,0.99,14,5490,59,2,695,558,0,1028,9.2,14386,0,0,0,0,0,0,0,0,0,0,0,0,0,0,0,0.123626373626374,0.123626373626374,3.64697802197802,0.865384615384615,0.123626373626374,2.22527472527473,1.4217032967033,3.2760989010989,87.1,48.6149533255604,0.930858163070457,2.07141514309635,1.32340411920044,3.04958340511407,1.60235797108826,6.44440266741086,1,2.86136398865856
9902,"Chumi","Almería","La Liga","ESP","DF",24,1999,"2023-2024",31,2434,79,71.2,26,88,5,30,6,27,23,0.18,0,0,0,0,0,0,1,1,0,0,1,0,1,1,0.19,0,0,15,1044,86.4,18,1,4,2,1,0,1.4,0.6,3,1139,64,21,0,4,25,0,0,0,0,24,0.58,14,34,22,61.5,1,16.7,48,14,38,107,23,93,1,22,12,0,26,11,0,4,43,58.1,10,0,0,0.23,34,55,36.5,44.5,0,0,21,0.78,11,6336,68,4,944,830,0,1462,13.8,18403,0,0,0,0,0,0,0,0,0,0,0,0,0,0,0.0739523418241578,0.147904683648316,0,2.51437962202136,0.406737880032868,0.147904683648316,1.25718981101068,0.517666392769104,3.43878389482334,86.4,49.5308893197284,0.97654876648846,1.22770715918434,0.505526477311199,3.35814017071011,1.0568605726169,5.09137380720565,1,2.23655637120846
9559,"Clément Lenglet","Atlético Madrid","La Liga","FRA","DF",29,1995,"2024-2025",23,1972,86,57.7,23,86,0,0,10,21.9,18,0.46,4,40,0.18,0.2,0.5,2,1,3,0,0,2,0,2.4,2.4,0.24,0,0,6,1193,87.5,16,0,5,4,0,0,1.1,0.7,0,1318,45,35,0,13,3,0,0,0,0,19,2.39,8,27,17,73.3,0,0,49,22,24,104,29,74,0,19,8,0,15,17,2,3,37,49.3,4,24,1.1,0.23,42,18,41.3,17.3,24,1.09,17,0.78,16,9766,79,1,1162,1065,0,1583,14.9,23967,0,0,0,0,0,0,7,0,0.3,0,0.1,1,1,8,0.182555780933063,0.0456389452332657,0,3.60547667342799,0.730223123732252,0.228194726166329,1.23225152129817,1.00405679513185,3.37728194726166,87.5,50.6934097653023,1.03465660313819,1.27495717323824,1.03885399300893,3.49432706739368,1.57207712817778,5.80813823364085,0.85,2.62877232136337
18263,"Conor Coady","Leicester City","Premier League","ENG","DF",31,1993,"2024-2025",22,1714,78,50.1,19,89,3,7,13,19,24,0.11,2,100,0.11,0.5,0.5,1,0,1,0,0,2,0,0.4,0.4,0.21,0.6,0.6,8,977,91.1,6,0,1,0,0,0,0.1,0.5,2,1010,58,29,2,3,1,0,0,0,0,16,0.73,4,13,9,50,1,50,26,13,32,71,8,62,0,6,6,1,6,8,1,3,13,37.1,3,0,0,0,16,42,15.1,38.2,0,0,6,0.32,3,6371,32,0,878,789,1,1210,6.9,17121,0,0,0,0,0,0,0,0,0,0,0,0,0,0,0,0,0.0525087514585764,1.68028004667445,0.157526254375729,0.0525087514585764,0.682613768961494,0.682613768961494,3.25554259043174,91.1,51.1580602447988,1.05783838729551,0.722095048503936,0.722095048503936,3.44383792363416,0.652033298520205,4.88802802064203,0.85,1.98832172560069
10667,"Copete","Mallorca","La Liga","ESP","DF",24,1999,"2024-2025",25,1528,61,44.7,16,88,9,13,9,17,16,0.35,2,33.3,0.12,0,0,0,0,0,0,0,0,0,0.5,0.5,0.08,0,0,8,639,83.3,9,1,0,7,0,0,0,0.1,4,717,49,28,2,0,0,0,0,0,0,15,1.2,7,29,17,91.7,0,0,46,17,24,123,27,46,0,18,10,1,12,12,0,2,27,62.8,1,0,0,0,14,21,16.2,21.8,0,0,10,0.59,10,4725,47,2,590,518,0,987,9.9,12173,0,0,0,0,0,0,0,0,0,0,0,0,0,0,0.412303664921466,0.117801047120419,0.0589005235602094,2.76832460732984,0.589005235602094,0,1.70811518324607,1.00130890052356,2.70942408376963,83.3,40.2272057487303,0.546863877179616,0.934106491779318,0.547579667594773,1.48168615937409,1.16403278855014,2.96337231874818,1,1.63792481104451
18167,"Craig Dawson","Wolves","Premier League","ENG","DF",34,1990,"2024-2025",15,971,65,28.4,10,89,5,17,6,10.8,11,0.46,1,20,0.09,0,0,0,0,0,0,0,0,2,0.5,0.5,0.1,0,0,5,484,86.6,6,0,2,0,0,0,0,0.1,1,528,30,20,1,11,0,0,0,0,0,9,0.87,2,15,3,80,2,40,24,9,16,52,6,35,0,8,6,1,15,14,2,0,21,65.6,3,0,0,0,16,25,10.6,18.7,0,0,7,0.65,6,3180,20,5,443,390,0,671,8.5,9745,0,0,0,0,0,0,0,0,0,0,0,0,0,0,0,0.463439752832132,0.0926879505664264,1.85375901132853,0.556127703398558,0.185375901132853,1.3903192584964,0.834191555097837,3.24407826982492,86.6,52.6623593899809,1.13233720228613,1.57431021945034,0.944586131670201,3.67339051205078,0.892454439344209,6.19228686317132,0.5,2.40126783468908
10467,"Cristhian Mosquera","Valencia","La Liga","ESP","DF",20,2004,"2024-2025",37,3319,90,97,37,90,0,0,0,36.9,24,0.14,2,40,0.05,0.2,0.5,1,0,1,0,0,3,0,0.4,0.4,0.08,0.6,0.6,13,1858,90.5,12,0,0,2,0,0,0,0.3,1,1931,117,57,0,6,49,0,0,0,0,36,1.24,18,56,36,77.5,4,44.4,91,35,37,128,14,190,2,41,13,2,40,7,0,10,41,44.6,9,0,0,5.24,43,47,41.4,47.2,0,0,14,0.38,35,11556,123,6,1583,1401,0,2367,10.5,32827,0,0,0,0,0,0,0,0,0,0,0,0,0,0,0.0542332027719193,0.162699608315758,0.0542332027719193,3.33534197047303,0.949081048508587,0,1.51852967761374,0.949081048508587,5.15215426333233,90.5,46.722445454336,0.837573711298087,1.27188053779523,0.794925336122017,4.31530896751952,1.48671637637475,6.38211484143676,1,2.79982100298093
19242,"Cristian Romero","Tottenham","Premier League","ARG","DF",26,1998,"2024-2025",18,1416,79,41.4,18,79,0,0,3,15.7,3,1.02,8,50,0.51,0.06,0.13,1,0,1,0,0,0,0,1.6,1.6,0.1,0,0,15,1094,89.5,16,0,7,3,1,0,0.6,0.8,8,1120,101,80,4,2,7,0,0,0,0,13,1.11,10,35,29,70,2,50,56,21,18,57,14,90,0,26,8,1,30,23,2,5,41,60.3,9,5,0.32,0.59,27,22,27,19.1,7.9,0.5,20,1.27,12,8197,71,3,936,896,0,1377,9.1,20402,0,0,0,0,0,0,0,0,0,0,0,0,0,0,0.190677966101695,0.190677966101695,0.0635593220338983,4.51271186440678,0.76271186440678,0.444915254237288,2.22457627118644,1.33474576271186,5.72033898305085,89.5,50.2756247983609,1.01378036752813,2.25523174979775,1.35313904987865,5.79916735662278,1.96260753935903,9.40753815629917,0.95,3.88680446263336
15626,"Cédric Kipré","Reims","Ligue 1","CIV","DF",27,1996,"2024-2025",28,2190,78,71.6,26,84,2,7,4,24.3,27,0.37,1,11.1,0.04,0,0,0,1,1,0,0,1,0,0.6,0.6,0.07,0,0,15,1148,88.9,27,1,10,12,4,0,1.3,1.4,10,1230,59,45,3,5,3,0,0,0,0,22,0.96,15,42,30,74.4,2,16.7,74,32,42,162,24,73,1,30,11,1,39,16,1,3,41,63.1,10,0,0,0,22,34,26.9,37.3,0,0,31,1.27,16,7534,77,3,1063,925,0,1596,16.9,21071,0,0,0,0,0,0,0,0,0,0,0,0,0,0,0.493150684931507,0.123287671232877,0.0410958904109589,3.16438356164384,0.657534246575342,0.410958904109589,1.72602739726027,1.31506849315068,3,88.9,48.0266187828725,0.901649897399207,1.55627242564795,1.18573137192224,2.70494969219762,1.4493328213862,5.44695348976781,0.95,2.49271917548482
8116,"César Azpilicueta","Atlético Madrid","La Liga","ESP","DF",33,1989,"2023-2024",25,1423,57,41.6,14,81,11,26,4,15.8,6,0.13,2,100,0.13,0,0,0,2,2,0,0,0,0,0.6,0.6,0.32,0,0,19,867,83.8,30,2,15,11,2,0,2.4,1.9,15,899,130,19,1,2,111,0,0,0,0,6,2.12,10,25,14,63.2,3,50,41,16,25,46,29,72,0,15,9,1,19,12,0,6,21,47.7,7,8,0.51,0,24,16,24.3,15.1,9.2,0.58,32,2.03,39,5238,77,39,752,624,3,1168,20.3,13049,0,0,0,0,0,0,6,0,0,0,0.1,0,1,3,0.695713281799016,2.46661981728742,0.0632466619817287,4.86999297259311,2.46661981728742,0.948699929725931,1.58116654954322,1.01194659170766,4.55375966268447,83.8,50.6934097653023,1.03465660313819,1.63596441114612,1.04701722313352,4.71157750410082,2.8381122470125,7.39455913838046,0.7,3.57741264031914
10671,"César Montes","Almería","La Liga","MEX","DF",26,1997,"2023-2024",21,1788,85,52.3,21,85,0,0,7,19.9,9,0.65,2,15.4,0.1,0,0,0,0,0,0,0,0,0,0.7,0.7,0.05,0,0,12,750,77.1,16,0,4,3,1,0,0.2,0.4,7,927,39,36,1,16,0,0,0,0,0,17,0.57,7,22,13,50,0,0,33,11,21,94,22,64,0,13,9,0,18,23,2,1,59,71.1,9,0,0,0,17,40,24.7,31.8,0,0,18,0.91,7,5775,52,2,730,593,1,1156,11,15594,0,0,0,0,0,0,0,0,0,0,0,0,0,0,0.151006711409396,0.100671140939597,0,2.61744966442953,0.352348993288591,0.201342281879195,1.10738255033557,0.553691275167785,3.22147651006711,77.1,49.5308893197284,0.97654876648846,1.08141306356105,0.540706531780523,3.14592891217759,1.08950465466603,4.76804850751916,0.95,2.13331641412216
10470,"César Tárrega","Valencia","La Liga","ESP","DF",22,2002,"2024-2025",34,3026,89,88.5,34,89,0,0,3,33.6,20,0.62,6,28.6,0.18,0.1,0.33,2,0,2,0,0,2,2,2,2,0.09,0,0,21,1428,84.4,9,0,3,1,0,0,0.1,0.2,1,1608,79,47,0,10,1,0,0,0,0,33,1.24,15,49,37,61.3,2,13.3,71,22,41,222,56,104,0,33,13,3,31,37,0,4,87,58.4,12,0,0,0.22,37,45,37.8,44.1,0,0,10,0.3,20,9416,79,1,1318,1134,0,2096,10.4,27168,0,0,0,0,0,0,0,0,0,0,0,0,0,0,0.0297422339722406,0.0297422339722406,0.0892267019167217,2.34963648380701,0.594844679444812,0.0892267019167217,1.45736946463979,0.654329147389293,3.09319233311302,84.4,46.722445454336,0.837573711298087,1.22065435123085,0.548048892389363,2.59077658220426,1.04837545281381,4.35947982582448,1,2.01159412887287
4771,"Daley Blind","Girona","La Liga","NED","DF",33,1990,"2023-2024",34,2972,87,86.9,33,90,1,3,1,33,19,0.51,6,35.3,0.18,0.06,0.17,1,2,3,0,0,1,0,1.7,1.7,0.1,0,0,18,2304,89.1,41,2,17,17,3,0.9,1.1,1.9,26,2465,97,69,0,18,21,2,0,1,0,32,2.29,18,47,21,61.7,9,34.6,68,21,37,113,19,147,1,33,13,1,47,27,0,3,39,54.9,18,41,1.24,1.64,78,37,63.3,45.7,17.6,0.53,48,1.45,48,15810,209,22,2186,1871,3,2869,16.6,39507,0,0,0,0,0,0,0,0,0,0,0,0,0,0,0.514804845222073,0.66621803499327,0.0302826379542396,6.32907133243607,1.4535666218035,0.514804845222073,1.42328398384926,0.635935397039031,4.45154777927322,89.1,40.3470931951425,0.55164032787385,0.785140843508205,0.350807610929198,2.45565327650439,2.8546190078514,3.59160173094179,0.7,2.4484281224231
18345,"Dan Burn","Newcastle Utd","Premier League","ENG","DF",32,1992,"2024-2025",37,3330,90,97.4,37,90,0,0,0,37,26,0.62,7,30.4,0.19,0.04,0.14,1,1,2,0,0,0,2,2,2,0.09,0,0,10,1774,88.4,21,1,9,3,0,0.1,0.9,1.1,9,1968,37,25,0,12,8,0,0,0,0,37,1.78,24,39,24,55.6,1,25,66,27,36,197,34,103,0,22,15,2,36,52,5,3,146,66.1,16,23,0.62,2.62,68,45,62.1,44.7,17.5,0.47,27,0.73,12,11375,75,14,1615,1346,1,2386,9.7,32347,0,0,0,0,0,0,0,0,0,0,0,0,0,0,0.0810810810810811,0.378378378378378,0.0540540540540541,2.02702702702703,0.324324324324324,0.243243243243243,1.05405405405405,0.72972972972973,2.78378378378378,88.4,51.340287980404,1.06691425991899,1.12458530099569,0.778559054535479,2.97005861545016,0.88826272285639,4.87320297098133,0.7,2.04566598043696
4020,"Dan-Axel Zagadou","Stuttgart","Bundesliga","FRA","DF",24,1999,"2023-2024",19,1453,76,47.5,16,88,3,13,0,16.1,18,0.68,2,18.2,0.12,0.09,0.5,1,0,1,0,0,0,1,1,1,0.09,0,0,5,1179,86.6,8,0,3,0,0,0,0.3,0.7,3,1320,40,20,1,4,2,0,0,0,0,14,1.95,5,21,14,50,1,25,41,20,23,78,17,109,0,16,5,0,8,19,1,1,60,82.2,4,15,0.93,0,37,22,34.7,16.7,18,1.12,10,0.62,2,8514,75,3,1089,968,0,1533,11,21604,0,0,0,0,0,0,0,0,0,0,0,0,0,0,0,0.18582243633861,0,4.64556090846524,0.12388162422574,0.18582243633861,1.30075705437027,1.2388162422574,6.75154852030282,86.6,52.7557338140257,1.13692129397637,1.47885839340354,1.40843656514623,7.67597928004693,1.70533310341853,10.5632742385967,1,4.13771551294642
9742,"Daniel Vivian","Athletic Club","La Liga","ESP","DF",25,1999,"2024-2025",32,2608,82,76.3,28,90,4,22,3,29,10,0.62,5,27.8,0.17,0.22,0.8,4,0,4,0,0,1,0,1.9,1.9,0.11,2.1,2.1,16,1526,87.1,32,0,10,8,3,0,0.4,0.7,10,1685,65,58,2,11,2,0,0,0,0,28,1.88,19,40,26,65.6,6,35.3,87,47,26,152,27,164,1,23,14,3,32,26,1,13,43,58.1,11,25,0.86,0.86,47,22,44.9,29.3,15.6,0.54,34,1.17,36,11850,185,6,1325,1169,1,2085,13.8,31626,0,0,0,0,0,0,0,0,0,0,0,0,0,0,0.276073619631902,0.207055214723926,0.103527607361963,6.38420245398773,1.24233128834356,0.345092024539877,1.38036809815951,1.62193251533742,5.65950920245399,87.1,49.7058615439474,0.985294137443295,1.36006859463032,1.59808059869062,5.57628123798429,2.74800066197118,8.53443043130523,0.95,3.93662939418004
24575,"Daniele Ghilardi","Hellas Verona","Serie A","ITA","DF",21,2003,"2024-2025",24,2029,85,59.3,21,90,3,49,11,22.5,15,0.53,4,33.3,0.18,0,0,0,0,0,0,0,0,0,0.6,0.6,0.05,0,0,14,633,78.4,11,0,6,10,3,0,0.2,0.4,3,756,48,19,1,10,28,0,0,0,0,19,1.04,9,44,29,61,2,22.2,74,30,29,106,33,55,1,27,17,0,41,18,0,2,41,50,16,0,0,0.33,18,34,21.6,26.2,0,0,16,0.71,16,4429,57,7,606,529,1,1070,13.4,12335,0,0,0,0,0,0,0,0,0,0,0,0,0,0,0.443568260226713,0.310497782158699,0,2.52833908329226,0.70970921636274,0.266140956136028,1.95170034499754,1.33070478068014,2.43962543124692,78.4,46.3165776805615,0.817883314852801,1.59626314776594,1.08836123711314,1.99532893470743,1.20407097077265,4.67995331958651,1,2.16401438418501
14826,"Daniele Rugani","Juventus","Serie A","ITA","DF",29,1994,"2023-2024",17,1187,70,34.7,13,87,4,14,21,13.2,4,0.61,2,25,0.15,0.25,1,2,0,2,0,0,0,0,1.6,1.6,0.3,0.4,0.4,7,564,88.7,9,0,3,1,0,0,0.4,0.1,1,611,24,8,0,4,1,0,0,0,0,10,2.18,3,11,9,80,0,0,20,9,11,42,15,44,1,7,3,1,5,12,0,2,25,51,1,9,0.68,0.12,19,10,19.4,9.2,10.2,0.77,12,0.91,2,3696,46,2,501,451,0,738,7.3,10905,0,0,0,0,0,0,0,0,0,0,0,0,0,0,0.075821398483572,0.151642796967144,0.075821398483572,3.48778433024431,0.151642796967144,0.227464195450716,0.834035383319292,0.682392586352148,3.33614153327717,88.7,43.470460765247,0.684648372987312,0.571020968203403,0.467198973984602,2.28408387281361,1.32756464449636,3.32230381500161,0.85,1.78641700229903
4775,"Danilho Doekhi","Union Berlin","Bundesliga","NED","DF",26,1998,"2024-2025",34,3060,90,100,34,90,0,0,0,34,16,0.94,4,12.5,0.12,0.03,0.25,1,1,2,0,0,1,0,2.6,2.6,0.08,0,0,19,995,78.3,21,0,13,10,3,0,1.4,0.9,6,1240,25,19,1,1,6,0,0,0,0,34,1.18,13,37,24,56.5,1,20,81,44,35,169,36,97,1,18,16,3,23,64,2,6,93,55.4,10,0,0,0,36,50,37,47.8,0,0,32,0.94,13,6058,96,14,1000,883,0,1654,10.5,17773,0,0,0,0,0,0,0,0,0,0,0,0,0,0,0.294117647058824,0.411764705882353,0.0882352941176471,2.82352941176471,0.382352941176471,0.382352941176471,1.08823529411765,1.29411764705882,2.85294117647059,78.3,59.562811216817,1.44475321249754,1.57223143712968,1.86968062793799,4.12179592977239,1.22603640521461,7.56370799484006,0.95,3.02782696053786
9400,"Danilo","Juventus","Serie A","BRA","DF",32,1991,"2023-2024",29,2452,85,71.7,27,90,2,11,1,27.2,15,0.62,2,11.8,0.07,0.06,0.5,1,1,2,0,0,0,0,1.3,1.3,0.08,0,0,19,1591,86,41,1,21,18,4,0.1,0.9,1,14,1635,205,49,2,23,89,0,0,0,0,27,1.83,13,60,36,66.7,1,8.3,97,37,34,94,26,142,3,38,18,4,48,20,1,3,37,57.8,16,19,0.7,0.33,41,22,36.5,22.2,14.3,0.53,48,1.76,18,11027,161,21,1345,1060,2,2118,19.1,31356,0,0,0,0,0,0,0,0,0,0,0,0,0,0,0.66068515497553,0.770799347471452,0.146818923327896,5.9094616639478,0.66068515497553,0.770799347471452,2.20228384991843,1.35807504078303,5.21207177814029,86,43.470460765247,0.684648372987312,1.50779005470289,0.929803867066782,3.56843646279684,2.50799629719925,6.00603038456651,0.7,3.03100763424965
22601,"Danilo D'Ambrosio","Monza","Serie A","ITA","DF",35,1988,"2024-2025",20,1095,55,32,12,81,8,16,6,12.2,8,0.74,4,44.4,0.33,0,0,0,1,1,0,0,0,0,0.5,0.5,0.06,0,0,4,566,86.8,8,0,5,9,2,0.6,0.4,0.3,6,552,96,37,1,2,34,0,0,0,0,4,0.45,15,28,15,60.9,5,71.4,43,15,12,36,18,46,0,17,10,1,23,19,3,1,16,41,9,0,0,0,10,24,11.1,20.2,0,0,8,0.66,10,3415,34,16,476,443,1,776,18,9736,0,0,0,0,0,0,0,0,0,0,0,0,0,0,0.73972602739726,1.31506849315068,0.0821917808219178,2.79452054794521,0.821917808219178,0.410958904109589,2.3013698630137,1.23287671232877,3.78082191780822,86.8,38.4359714548621,0.478643039099137,1.10153466532404,0.590107856423594,1.80966409303235,1.37935676830394,3.50130661477999,0.5,1.78893469175557
14827,"Danilo Pereira","Paris S-G","Ligue 1","POR","DF",31,1991,"2023-2024",26,1995,77,65.2,22,88,4,13,5,22.2,26,0.45,1,10,0.05,0,0,0,0,0,0,0,2,0,1.4,1.4,0.14,0,0,3,2089,94,14,0,0,1,0,0,0,0.9,4,2181,39,33,1,4,5,0,0,0,0,20,2.08,4,22,12,52.9,2,40,45,23,29,100,14,128,0,14,6,2,17,15,1,1,46,61.3,8,24,1.08,0,49,25,44.1,25.5,18.5,0.84,14,0.63,28,13453,148,2,1902,2016,0,2430,10.8,40180,0,0,1,0,0,0,3,0,0,0,0.2,1,0,2,0.0451127819548872,0.0902255639097744,0.0902255639097744,6.67669172932331,1.26315789473684,0,0.992481203007519,1.03759398496241,5.77443609022556,94,46.4233383370109,0.82304927687511,0.816860936447477,0.853990979013272,4.75264544842169,2.75203572310005,6.42349736388244,0.85,3.29186349840475
2789,"Dante","Nice","Ligue 1","BRA","DF",40,1983,"2024-2025",25,1964,79,64.2,21,88,4,28,1,21.8,14,0.41,2,22.2,0.09,0,0,0,0,0,0,0,0,0,0.5,0.5,0.05,0,0,15,1267,88.5,19,0,4,2,0,0,0.2,0.5,8,1336,93,63,5,8,4,0,0,0,0,17,1.8,16,32,15,51.7,7,46.7,66,34,29,74,19,112,1,17,13,2,29,19,0,5,41,66.1,14,22,1.01,0.76,45,23,40.3,23.4,17,0.78,21,0.96,18,9017,96,8,1138,949,1,1651,11.9,21977,0,0,0,0,0,0,0,0,0,0,0,0,0,0,0.0916496945010183,0.366598778004073,0.0916496945010183,4.39918533604888,0.824847250509165,0.183299389002037,1.46639511201629,1.55804480651731,5.13238289205703,88.5,52.8652354605567,1.14228965445974,1.67504796580654,1.77973846366945,5.8626678803229,1.86610803378881,9.3174543097989,0.5,3.73017950645519
19117,"Dara O'Shea","Ipswich Town","Premier League","IRL","DF",25,1999,"2024-2025",35,3122,89,91.3,35,89,0,0,1,34.7,50,0.63,2,9.1,0.06,0,0,0,2,2,0,0,0,0,1.3,1.3,0.06,0,0,12,1234,78.2,19,0,3,8,1,1.5,0.5,0.7,4,1473,100,30,0,14,63,0,0,0,0,34,0.6,12,49,31,64.7,1,50,82,33,62,225,21,110,1,33,13,3,34,51,3,4,114,57.3,12,0,0,0.33,34,75,32.6,65.3,0,0,24,0.69,3,10549,80,8,1162,897,0,2022,13.6,24503,0,0,0,0,0,0,0,0,0,0,0,0,0,0,0.230621396540679,0.230621396540679,0.0864830237027546,2.30621396540679,0.0864830237027546,0.0864830237027546,1.41255605381166,0.951313260730301,3.17104420243434,78.2,42.5226982067984,0.642632168810544,0.90775396042745,0.611344503961344,2.03781501320448,0.853633744960622,3.55691347759327,0.95,1.67672754126223
9568,"David García","Osasuna","La Liga","ESP","DF",29,1994,"2023-2024",27,2334,86,68.2,27,86,0,0,2,25.9,19,0.58,2,13.3,0.08,0,0,0,1,1,0,0,1,0,1,1,0.06,0,0,21,1109,82.8,16,0,5,2,0,0,1.3,1,5,1258,77,50,3,11,8,0,0,0,0,25,1.3,9,29,18,61.5,1,25,47,18,40,115,33,129,1,19,9,1,26,24,1,2,93,72.7,10,0,0,0.06,28,35,30.7,31.4,0,0,18,0.69,21,8473,133,4,914,796,0,1585,9.8,21953,0,0,0,0,0,0,0,0,0,0,0,0,0,0,0.077120822622108,0.154241645244216,0.038560411311054,5.12853470437018,0.809768637532134,0.19280205655527,1.11825192802057,0.694087403598972,4.97429305912596,82.8,48.3368806667147,0.917035176798145,1.02547635451721,0.636502564872748,4.56160171492136,2.11574277014406,6.22358063431132,0.85,2.96617129835102
8648,"David López","Girona","La Liga","ESP","DF",34,1989,"2024-2025",29,2429,84,71,27,88,2,30,9,27,12,0.44,3,25,0.11,0.08,0.33,1,1,2,0,0,1,0,0.9,0.9,0.07,0.1,0.1,10,1879,92.1,20,0,4,3,0,0.4,0.6,1.3,6,1946,92,64,0,16,9,0,0,0,0,23,1.24,11,32,24,58.1,2,22.2,46,14,22,111,12,95,0,22,7,3,31,17,1,7,30,50.8,13,0,0,1.07,34,37,31.7,33.9,0,0,24,0.89,17,12404,132,7,1698,1405,0,2263,15.9,35775,0,0,0,0,0,0,5,1,0.4,0,0,0,0,3,0.111156854672705,0.259365994236311,0.111156854672705,4.89090160559901,0.629888843145327,0.148209139563606,1.18567311650885,0.518731988472622,3.51996706463565,92.1,40.3470931951425,0.55164032787385,0.654065106742152,0.286153484199692,1.94175578564076,1.95682342053952,2.88197437658261,0.5,1.83942168119059
4619,"David Nemeth","St Pauli","Bundesliga","AUT","DF",23,2001,"2024-2025",24,2137,89,69.8,24,89,0,0,10,23.7,11,0.21,1,20,0.04,0,0,0,1,1,0,0,0,0,0.2,0.2,0.04,0,0,18,957,86.4,7,1,3,7,1,0.9,0.1,0.3,4,1040,64,36,0,3,1,0,0,0,0,19,1,12,43,29,58.1,5,55.6,61,18,29,94,21,87,0,25,16,2,43,10,0,3,37,54.4,18,0,0,0.15,21,29,26.6,31.6,0,0,8,0.34,14,5403,65,5,833,697,0,1338,18.4,17042,0,0,0,0,0,0,0,0,0,0,0,0,0,0,0.294805802526907,0.210575573233505,0.084230229293402,2.73748245203556,0.589611605053814,0.126345343940103,1.81094992980814,0.758072063640618,3.66401497426299,86.4,56.366312218201,1.30798309441547,2.36869189302193,0.991545443590576,4.79246964402112,1.1918027142664,8.15270698063363,1,3.20893317989665
10674,"David Torres","Valladolid","La Liga","ESP","DF",21,2003,"2024-2025",18,1387,77,40.6,15,84,3,41,15,15.4,17,0.19,1,33.3,0.06,0,0,0,0,0,0,0,0,1,0.3,0.3,0.09,0,0,2,589,82.5,3,0,1,3,1,0,0,0.1,1,649,63,17,0,3,11,0,0,0,0,13,0.61,2,13,8,63.6,1,50,23,10,19,74,13,27,0,12,1,0,11,5,0,3,20,48.8,4,0,0,0,11,37,12.3,28.8,0,0,3,0.19,11,4594,37,3,547,451,0,846,10.1,11231,0,0,0,0,0,0,0,0,0,0,0,0,0,0,0.194664744051911,0.194664744051911,0,2.40086517664023,0.713770728190339,0.0648882480173035,0.843547224224946,0.648882480173035,1.7519826964672,82.5,48.6044724586726,0.930336643908444,0.78478289356372,0.603679148895169,1.62993370201696,1.10057165048566,3.01839574447585,1,1.62824738353702
5134,"David Zec","Holstein Kiel","Bundesliga","SVN","DF",24,2000,"2024-2025",18,1541,86,50.4,18,86,0,0,0,17.1,18,0.64,5,45.5,0.29,0.18,0.4,2,0,2,0,0,0,0,1.2,1.2,0.11,0.8,0.8,14,733,87.7,13,0,8,1,0,0,0.5,0.3,1,795,41,38,0,3,2,0,0,0,0,14,0.94,11,23,10,65,4,44.4,40,17,32,93,21,76,0,17,6,0,20,24,3,5,35,42.7,7,0,0,0.54,28,39,22.2,30.2,0,0,13,0.76,3,5255,34,2,633,527,1,1049,14.3,13801,0,0,0,0,0,0,0,0,0,0,0,0,0,0,0.0584036340038936,0.116807268007787,0,1.98572355613238,0.175210902011681,0.467229072031149,1.34328358208955,0.992861778066191,4.43867618429591,87.7,47.6065806255158,0.880897052541697,1.18329454819034,0.874609013879816,3.9100167679333,0.889260510780163,5.96792033000345,1,2.4337803033131
3869,"Dayot Upamecano","Bayern Munich","Bundesliga","FRA","DF",25,1998,"2024-2025",20,1759,88,57.5,20,88,0,0,2,19.5,7,0.67,6,46.2,0.31,0.15,0.33,2,0,2,0,0,0,0,1.2,1.2,0.09,0.8,0.8,10,1805,93.9,20,0,7,6,1,0,0.5,1.2,3,1880,42,21,0,2,8,0,0,0,0,16,2.5,6,36,22,55.2,3,50,70,34,17,45,20,115,0,18,16,2,29,17,0,4,59,58.4,13,44,2.25,0.66,60,16,47.1,12.5,34.6,1.77,20,1.02,17,11145,137,4,1632,1440,0,2101,11.1,34017,0,0,1,0,0,0,11,0,0.9,0,0.4,6,1,16,0.30699260943718,0.204661739624787,0.102330869812393,7.00966458214895,0.869812393405344,0.358158044343377,1.84195565662308,1.73962478681069,5.88402501421262,93.9,52.4506416475989,1.12192250624528,2.06653150667124,1.95172420074506,6.60142009075534,2.83701733988705,10.6196757981716,0.95,4.60460967540631
19735,"Dean Huijsen","Bournemouth","Premier League","ESP","DF",19,2005,"2024-2025",32,2427,76,71,26,90,6,15,6,27,29,0.67,3,16.7,0.11,0.17,1,3,2,5,0,0,0,0,1.9,1.9,0.1,1.1,1.1,11,1355,83.4,40,1,15,12,2,0,2,1.6,7,1566,53,32,2,15,6,0,0,0,0,26,1.5,20,36,26,62.1,3,60,87,51,40,198,31,105,0,19,16,1,29,30,2,1,68,60.7,11,11,0.41,0.32,42,31,44.6,37.1,7.6,0.28,43,1.59,41,10928,132,10,1271,1118,0,2021,11.9,27219,0,0,0,0,0,0,0,0,0,0,0,0,0,0,0.444993819530284,0.370828182941904,0.0370828182941904,4.89493201483313,1.5203955500618,0.556242274412855,1.33498145859085,1.89122373300371,3.89369592088999,83.4,55.9734709745545,1.29009825933588,1.72225725597373,2.43986444596279,5.02325032992339,2.39502521381169,9.18537203185991,1,3.99702169508265
5135,"Denis Vavro","Wolfsburg","Bundesliga","SVK","DF",28,1996,"2024-2025",29,2461,85,80.4,27,89,2,33,2,27.3,32,0.91,6,24,0.22,0.08,0.33,2,0,2,0,0,0,0,1.4,1.4,0.05,0.6,0.6,16,1297,86.9,19,0,7,8,0,0,0.2,0.5,6,1427,61,44,0,24,8,0,0,0,0,25,1.34,8,21,13,47.8,3,50,58,37,48,234,7,89,1,16,5,0,23,20,0,1,80,70.2,12,3,0.11,0.26,45,42,38.4,40.3,0,0,27,0.99,9,9952,96,3,1142,1036,2,1901,21.7,29352,0,0,0,0,0,0,0,0,0,0,0,0,0,0,0.292563998374644,0.109711499390492,0,3.51076798049573,0.329134498171475,0.255993498577814,0.767980495733442,1.35310849248273,3.25477448191792,86.9,57.3135073641499,1.3502032247509,1.03692974188509,1.82697144998801,4.39460700132252,1.40660081518224,7.25850819319562,0.95,3.01709278403158
15629,"Derek Cornelius","Marseille","Ligue 1","CAN","DF",26,1997,"2024-2025",21,1420,68,46.4,17,79,4,18,7,15.8,10,0.57,1,11.1,0.06,0,0,0,0,0,0,0,1,0,0.9,0.9,0.1,0,0,6,1267,93.4,9,0,4,4,0,0,0.1,0.4,0,1311,43,23,1,1,3,0,0,0,0,10,2.14,8,24,17,77.3,2,100,38,14,16,51,25,67,0,15,8,1,22,14,0,2,32,71.1,5,20,1.27,0.88,38,18,29,16.9,12.1,0.77,9,0.57,10,6734,68,11,1163,1012,0,1493,11.8,20539,0,0,0,0,0,0,0,0,0,0,0,0,0,0,0.253521126760563,0.697183098591549,0.0633802816901408,4.30985915492958,0.633802816901408,0.253521126760563,1.52112676056338,0.887323943661972,4.24647887323944,93.4,44.1906134514993,0.71743327561571,1.0913069544577,0.636595723433658,3.04656524786108,1.78924327798659,4.77446792575244,0.95,2.43143768892037
10081,"Diego Carlos","Aston Villa","Premier League","BRA","DF",30,1993,"2023-2024",27,1816,67,53.1,20,86,7,15,5,20.2,19,0.5,1,10,0.05,0,0,0,0,0,0,0,0,0,1.9,1.9,0.19,0,0,5,1184,88.4,9,0,3,1,0,0,0.1,0.4,4,1293,47,41,0,6,0,0,0,0,0,18,1.56,8,27,16,61.9,2,50,40,13,24,78,26,78,0,22,4,1,21,23,1,4,21,44.7,8,0,0,0,35,36,31.4,33.8,0,0,9,0.45,4,9315,59,1,1118,1013,1,1517,9.1,23313,0,0,0,0,0,0,0,0,0,0,0,0,0,0,0.0495594713656388,0.0495594713656388,0.0495594713656388,2.92400881057269,0.198237885462555,0.148678414096916,1.33810572687225,0.644273127753304,3.86563876651982,88.4,42.059120511281,0.622583164424551,0.833082097770737,0.401113602630355,2.40668161578213,1.12528841525985,3.64087731618322,0.85,1.80077856095891
24036,"Diego Coppola","Hellas Verona","Serie A","ITA","DF",20,2003,"2024-2025",34,2927,86,85.6,33,89,1,2,1,32.5,24,0.31,4,40,0.12,0.2,0.5,2,0,2,0,0,0,0,0.7,0.7,0.07,1.3,1.3,20,920,81.1,9,0,3,0,0,0,0.1,0.2,0,1119,11,11,1,5,0,0,0,0,0,32,1.09,10,66,36,70,4,80,138,72,44,194,44,89,0,48,14,4,40,23,0,5,133,64.9,12,0,0,1.58,31,51,28.7,44.5,0,0,10,0.31,4,6486,48,3,793,749,0,1576,9.1,18186,0,0,0,0,0,0,0,0,0,0,0,0,0,0,0,0.0922446190638879,0.122992825418517,1.47591390502221,0.122992825418517,0.0922446190638879,2.02938161940553,2.21387085753331,2.73659036556201,81.1,46.3165776805615,0.817883314852801,1.65979736598074,1.81068803561536,2.23821159958009,0.581269060618683,5.7086970011762,1,2.22621672460033
8930,"Diego Llorente","Betis","La Liga","ESP","DF",30,1993,"2024-2025",30,2519,84,73.7,29,86,1,12,1,28,20,0.39,4,36.4,0.14,0.18,0.5,2,0,2,0,0,1,1,1.5,1.5,0.14,0.5,0.5,9,1383,86.7,12,0,6,1,0,0,0.3,0.4,3,1533,59,53,0,11,5,0,0,0,0,26,1.6,11,36,20,65.8,2,22.2,79,43,29,154,20,93,1,23,12,1,38,22,0,4,77,63.1,13,4,0.14,0,36,32,42.6,33.8,8.8,0.31,15,0.54,7,8921,81,3,1243,1127,1,1915,11.3,27425,0,0,0,0,0,0,0,0,0,0,0,0,0,0,0.0357284636760619,0.107185391028186,0.0357284636760619,2.89400555776102,0.250099245732434,0.214370782056372,1.28622469233823,1.53632393807066,3.32274712187376,86.7,51.2638455522005,1.06310829726839,1.36739614257625,1.63327872585497,3.53244003498866,1.15304040547006,6.53311490341988,0.85,2.67785063321399
4782,"Diogo Leite","Union Berlin","Bundesliga","POR","DF",25,1999,"2024-2025",30,2546,85,83.2,29,86,1,45,0,28.3,25,0.64,8,44.4,0.28,0.06,0.13,1,2,3,0,0,0,1,1.4,1.4,0.08,0,0,36,1099,78.6,25,2,13,10,3,1,1,2.4,11,1311,79,40,0,7,26,0,0,0,0,27,1.2,18,64,32,66,4,26.7,121,57,61,162,25,104,0,43,17,4,50,36,2,7,78,55.3,17,0,0,1.33,31,38,32.7,39.6,0,0,33,1.17,20,8856,116,16,959,853,0,1803,13.8,20381,0,0,0,0,0,0,0,0,0,0,0,0,0,0,0.353495679497251,0.565593087195601,0.1413982717989,4.10054988216811,0.706991358994501,0.459544383346426,2.2623723487824,2.01492537313433,3.67635506677141,78.6,59.562811216817,1.44475321249754,3.26856971876898,2.91106990577862,5.3114257929996,1.80497766967094,11.4910654175472,0.95,4.43791069313254
10082,"Domingos Duarte","Getafe","La Liga","POR","DF",29,1995,"2024-2025",22,1859,85,54.4,21,88,1,2,15,20.7,16,0.15,1,33.3,0.05,0.33,1,1,0,1,0,0,2,0,0.2,0.2,0.07,0.8,0.8,12,497,78.5,9,0,2,0,0,0,0.1,0.1,0,602,29,27,1,6,2,0,0,0,0,18,1.32,2,28,15,81,0,0,46,18,28,152,24,63,0,22,4,2,21,9,0,2,28,60.9,4,0,0,0,22,25,20.4,28.2,0,0,9,0.44,3,3730,47,3,394,373,0,878,13,11101,0,0,0,0,0,0,0,0,0,0,0,0,0,0,0,0.145239376008607,0.0968262506724045,2.27541689080151,0.145239376008607,0.0968262506724045,1.35556750941366,0.871436256051641,3.05002689618074,78.5,47.5943434118843,0.880293915445743,1.19329783051279,0.767120033901078,2.68492011865377,0.866796417660508,4.64533798306764,0.85,1.98881996198449
14517,"Duje Ćaleta-Car","Lyon","Ligue 1","CRO","DF",27,1996,"2024-2025",19,1584,83,51.8,17,89,2,39,12,17.6,25,0.62,1,9.1,0.06,0.09,1,1,0,1,0,0,0,0,2.1,2.1,0.19,0,0,8,896,91,5,0,2,1,0,0,0.1,0.9,0,939,45,28,1,3,3,0,0,0,0,14,1.58,7,20,12,52.6,1,50,37,17,33,97,27,65,0,11,9,0,19,21,2,2,39,76.5,9,5,0.28,0,29,24,31.5,23.7,7.8,0.45,5,0.28,4,5583,46,0,783,672,0,1178,9.8,16876,0,0,0,0,0,0,0,0,0,0,0,0,0,0,0.0568181818181818,0,0,2.61363636363636,0.227272727272727,0.113636363636364,1.13636363636364,0.965909090909091,3.69318181818182,91,43.1312184128781,0.669455803657891,0.760745231429422,0.646633446715008,2.47242200214562,1.01764093733661,3.87980068029005,0.95,1.85199657902166
15631,"Dylan Batubinsika","Saint-Étienne","Ligue 1","COD","DF",28,1996,"2024-2025",25,2016,81,65.9,22,87,3,33,5,22.4,14,0.31,2,28.6,0.09,0.14,0.5,1,0,1,0,0,3,1,0.8,0.8,0.12,0.2,0.2,9,1112,91.4,8,0,4,1,1,0,0.2,0.4,3,1179,34,28,1,0,6,0,0,0,0,20,0.76,6,26,13,59.1,2,22.2,65,39,23,140,24,76,0,19,6,1,22,9,0,2,45,72.6,9,0,0,0,25,54,23.8,50.9,0,0,9,0.4,11,6434,51,1,974,790,0,1476,10.5,20308,0,0,0,0,0,0,0,0,0,0,0,0,0,0,0.0446428571428571,0.0446428571428571,0.0446428571428571,2.27678571428571,0.491071428571429,0.178571428571429,1.16071428571429,1.74107142857143,3.39285714285714,91.4,50.3326181512475,1.0166293744339,1.18001623818221,1.77002435727331,3.44927823468645,1.01370166859072,6.39931883014196,0.95,2.60667631647887
4298,"Edmond Tapsoba","Leverkusen","Bundesliga","BFA","DF",25,1999,"2024-2025",29,2507,86,81.9,29,86,0,0,2,27.9,14,0.75,2,9.5,0.07,0,0,0,0,0,0,0,1,1,1.1,1.1,0.05,0,0,7,1703,86.4,29,1,4,8,2,0,0.2,1.3,9,1841,130,50,1,9,67,0,0,0,0,24,1.93,16,39,24,56.4,8,42.1,63,24,21,89,34,124,0,19,16,4,39,23,1,5,54,62.8,17,21,0.75,0,58,37,47.7,30,17.6,0.63,34,1.22,52,10275,164,17,1564,1326,1,2214,19.4,29215,0,0,0,0,0,0,9,0,0.3,0,0.3,3,1,14,0.287195851615477,0.610291184682888,0.143597925807738,5.88751495811727,1.8667730355006,0.143597925807738,1.40007977662545,0.86158755484643,4.45153570003989,86.4,45.2903100494354,0.768773842264032,1.07634470935251,0.662365974986162,3.42222420409517,2.73515298928417,5.16093488843385,0.95,2.91874166224382
23022,"Edoardo Goldaniga","Como","Serie A","ITA","DF",30,1993,"2024-2025",32,2532,79,74,28,89,4,12,3,28.1,10,0.43,5,41.7,0.18,0.08,0.2,1,0,1,0,0,0,0,2.5,2.5,0.21,0,0,11,1310,86.4,18,2,4,9,1,0,0.3,0.4,6,1366,145,63,0,13,58,0,0,0,0,27,1.41,10,34,21,72.2,4,57.1,67,33,21,102,44,74,0,21,8,5,18,25,4,8,52,59.8,5,0,0,0,34,38,32.6,33.7,0,0,25,0.89,20,9247,81,8,1189,1008,0,1757,9.3,24165,0,0,0,0,0,0,0,0,0,0,0,0,0,0,0.319905213270142,0.28436018957346,0.177725118483412,2.87914691943128,0.710900473933649,0.14218009478673,1.2085308056872,1.17298578199052,2.6303317535545,86.4,43.454044449978,0.683909376052766,0.826525549258082,0.802215974279903,1.79890854838524,1.28823673613913,3.42765007192322,0.85,1.79998971603262
4943,"El Chadaille Bitshiabu","RB Leipzig","Bundesliga","FRA","DF",19,2005,"2024-2025",21,1130,54,36.9,13,80,8,12,7,12.6,14,0.4,3,60,0.24,0,0,0,0,0,0,0,0,0,0.3,0.3,0.06,0,0,11,731,84.4,12,0,5,4,0,0,0.4,0.6,4,824,38,26,1,4,5,0,0,0,0,8,1.38,11,27,18,52.6,1,33.3,40,13,25,97,8,55,1,17,9,1,19,12,0,1,22,55,9,0,0,0,14,14,16.4,22.2,0,0,14,1.11,4,6501,69,2,674,516,1,1058,10.9,13891,0,0,0,0,0,0,4,0,0,0,0.1,1,0,4,0.31858407079646,0.15929203539823,0.079646017699115,5.49557522123894,0.31858407079646,0.398230088495575,2.15044247787611,1.0353982300885,4.38053097345133,84.4,63.6541220521949,1.59327582990726,3.42624802360588,1.64967497432876,6.97939412216012,2.13187008998312,12.0553171200948,1,4.75374317202168
15218,"Emmanuel Agbadou","Wolves","Premier League","CIV","DF",27,1997,"2024-2025",16,1410,88,41.2,16,88,0,0,0,15.7,13,0.45,2,28.6,0.13,0.14,0.5,1,0,1,0,0,0,0,0.8,0.8,0.12,0.2,0.2,6,855,85.4,15,2,4,2,0,0,0.2,0.3,1,955,43,28,1,11,0,0,0,0,0,15,1.44,6,30,19,65,2,15.4,42,12,19,90,7,83,0,21,9,0,20,7,1,4,26,56.5,7,0,0,0.45,20,22,19.1,22.8,0,0,17,1.09,6,6203,31,2,796,758,0,1172,27.6,17344,0,0,0,0,0,0,0,0,0,0,0,0,0,0,0.127659574468085,0.127659574468085,0,1.97872340425532,0.382978723404255,0.25531914893617,1.91489361702128,0.765957446808511,5.29787234042553,85.4,52.6623593899809,1.13233720228613,2.16830528097344,0.867322112389376,5.99897794402652,0.895863244589033,9.03460533738934,0.95,3.34412689905241
15633,"Emmanuel Biumla","Angers","Ligue 1","FRA","DF",19,2005,"2024-2025",17,1336,79,43.7,15,87,2,16,4,14.8,8,0.27,2,50,0.13,0.25,0.5,1,0,1,0,0,1,0,0.7,0.7,0.18,0.3,0.3,10,440,88.2,4,0,1,0,0,0,0,0.1,1,473,23,21,0,1,0,0,0,0,0,14,1.18,10,19,12,66.7,4,33.3,27,8,18,84,7,37,0,14,5,0,18,8,0,4,16,57.1,6,0,0,0.86,19,21,17.8,28.4,0,0,4,0.27,3,2637,16,0,420,380,0,654,13.7,8842,0,0,0,0,0,0,0,0,0,0,0,0,0,0,0,0,0,1.07784431137725,0.202095808383234,0.0673652694610778,1.27994011976048,0.538922155688623,2.49251497005988,88.2,46.8297973268996,0.842804205378057,1.07873891556623,0.454205859185779,2.10070209873423,0.464007094679083,3.63364687348623,1,1.5638968999175
23401,"Enrico Del Prato","Parma","Serie A","ITA","DF",24,1999,"2024-2025",34,2947,87,86.2,32,89,2,52,1,32.7,35,0.37,5,41.7,0.15,0.33,0.8,4,0,4,0,0,0,0,2,2,0.17,2,2,34,1288,84,28,2,14,16,2,0,1.2,0.9,9,1319,212,50,0,3,150,0,0,0,0,31,0.94,12,33,17,73.1,1,25,52,19,69,132,20,120,1,24,8,1,26,32,0,3,38,46.9,7,0,0,0.46,39,49,36.1,46.5,0,0,32,0.98,8,8120,81,31,1078,1006,3,1830,12,23028,0,0,0,0,0,0,0,0,0,0,0,0,0,0,0.488632507634883,0.946725483542586,0.0305395317271802,2.4737020699016,0.244316253817441,0.427553444180523,1.00780454699695,0.580251102816423,3.66474380726162,84,47.3202602501418,0.8668090973429,0.873574149680493,0.502966934664526,3.17663327156543,1.07022759780552,4.55317435591045,1,2.07804334589534
11047,"Enzo Boyomo","Osasuna","La Liga","CMR","DF",22,2001,"2024-2025",34,2987,88,87.3,33,89,1,45,0,33.2,19,0.36,3,25,0.09,0.17,0.67,2,0,2,0,0,0,0,1.5,1.5,0.12,0.5,0.5,15,1220,87,12,0,4,2,0,0,0.9,0.7,6,1326,74,50,4,6,18,0,0,0,0,32,1.38,19,68,43,76.9,6,37.5,112,44,34,137,43,121,0,46,18,4,39,21,0,10,29,45.3,9,1,0.03,1.07,45,44,40.3,45.4,0,0,13,0.39,16,9044,111,7,1064,965,1,1723,12.4,23483,0,0,0,0,0,0,0,0,0,0,0,0,0,0,0.0602611315701373,0.21091396049548,0.120522263140275,3.34449280214262,0.482089052561098,0.120522263140275,2.04887847338467,1.32574489454302,3.6457984599933,87,48.3368806667147,0.917035176798145,1.87889363307822,1.2157547037565,3.34332543533036,1.36198759317649,6.43797377216508,1,2.76318716892012
10481,"Eray Cömert","Nantes","Ligue 1","SUI","DF",25,1998,"2023-2024",25,1995,80,65.2,23,84,2,27,3,22.2,18,0.41,3,33.3,0.14,0.22,0.67,2,0,2,0,0,2,0,0.7,0.7,0.08,1.3,1.3,17,941,88.4,11,0,4,3,2,0,0.2,0.4,4,1007,57,37,1,19,3,0,0,0,0,18,1.04,5,42,28,73.7,1,50,78,36,35,77,26,99,2,28,13,1,38,9,1,1,14,34.1,10,0,0,0.69,21,32,26.2,31.9,0,0,16,0.72,7,6076,57,3,825,910,0,1280,17.1,18882,0,0,0,0,0,0,0,0,0,0,0,0,0,0,0.135338345864662,0.135338345864662,0.0451127819548872,2.57142857142857,0.315789473684211,0.180451127819549,1.89473684210526,1.62406015037594,4.46616541353383,88.4,48.9809087179497,0.949089489073238,1.79827482140192,1.54137841834451,4.23879065044739,1.05441438397705,7.57844389019382,0.95,2.97369892064897
4631,"Erhan Mašović","Bochum","Bundesliga","SRB","DF",25,1998,"2024-2025",16,910,57,29.7,10,83,6,14,13,10.1,11,0.69,4,57.1,0.4,0.14,0.25,1,1,2,0,0,0,0,0.6,0.6,0.09,0.4,0.4,6,349,82.7,7,0,3,0,0,0.1,0.9,0.5,0,406,13,10,1,2,0,0,0,0,0,9,0.81,5,14,10,46.4,1,100,26,12,17,55,12,32,0,10,4,0,28,11,0,3,22,59.5,15,0,0,0,8,25,13.6,25.2,0,0,7,0.69,1,2958,35,4,323,290,0,539,11,7445,0,0,0,0,0,0,0,0,0,0,0,0,0,0,0,0.395604395604396,0,3.46153846153846,0.0989010989010989,0.296703296703297,1.38461538461538,1.18681318681319,3.16483516483516,82.7,60.2049774932854,1.47013908732281,2.03557719783158,1.74478045528421,4.6527478807579,1.32087563992044,8.4331055338737,0.95,3.33098191613029
4947,"Eric Dier","Bayern Munich","Bundesliga","ENG","DF",30,1994,"2024-2025",21,1463,70,47.8,16,88,5,11,13,16.3,8,0.55,5,55.6,0.31,0.22,0.4,2,1,3,0,0,0,0,1.1,1.1,0.12,0.9,0.9,11,1324,93.8,11,0,3,2,0,0.9,0.1,1.2,5,1360,50,25,2,7,5,0,0,0,0,14,2.33,7,19,11,65,1,33.3,39,20,19,77,16,80,0,8,9,2,20,19,1,2,52,54.7,7,26,1.6,0,43,17,39,13.1,25.9,1.59,13,0.8,12,8112,73,1,1157,944,0,1591,6.3,23560,0,0,1,0,0,0,6,1,0.1,0,0,0,2,3,0.123034859876965,0.0615174299384826,0.123034859876965,4.49077238550923,0.738209159261791,0.184552289815448,1.16883116883117,1.23034859876965,4.92139439507861,93.8,52.4506416475989,1.12192250624528,1.31133799431266,1.38035578348702,5.52142313394806,1.86764992478218,8.21311691174774,0.85,3.47479504343719
10482,"Eric García","Girona","La Liga","ESP","DF",22,2001,"2023-2024",30,2637,88,77.1,30,88,0,0,1,29.3,18,0.55,6,37.5,0.2,0.31,0.83,5,0,5,0,0,0,0,2.8,2.8,0.18,2.2,2.2,18,2064,89.5,39,0,10,10,2,0,0.5,1.1,17,2123,175,71,7,18,95,0,0,0,0,26,2.03,17,55,37,69.4,4,44.4,85,30,36,79,24,128,0,34,18,3,49,23,3,9,49,57,15,30,1.02,0,70,40,60.3,43.9,16.4,0.56,42,1.43,45,14739,221,18,1900,1604,1,2567,9.4,37231,0,0,0,0,0,0,0,0,0,0,0,0,0,0,0.341296928327645,0.614334470989761,0.102389078498294,7.54266211604096,1.5358361774744,0.341296928327645,1.87713310580205,1.02389078498294,4.36860068259386,89.5,40.3470931951425,0.55164032787385,1.0355023219475,0.564819448335,2.409896312896,3.25051400327488,4.0102180831785,1,2.7927710262635
19255,"Ethan Pinnock","Brentford","Premier League","JAM","DF",31,1993,"2024-2025",22,1913,87,55.9,21,90,1,31,9,21.3,18,0.47,6,60,0.28,0.2,0.33,2,0,2,0,0,1,1,1.1,1.1,0.11,0.9,0.9,11,924,85.6,13,5,8,9,1,0,1.2,0.7,4,954,126,15,0,0,39,0,0,0,0,20,1.5,2,35,19,54.2,6,66.7,59,24,29,142,8,50,0,15,16,4,24,24,0,4,63,59.4,11,5,0.24,0,40,35,31.4,33.9,0,0,21,0.99,3,6094,41,9,760,633,0,1348,11.1,17045,0,0,0,0,0,0,0,0,0,0,0,0,0,0,0.423418714061683,0.423418714061683,0.188186095138526,1.92890747516989,0.141139571353894,0.376372190277052,1.6466283324621,1.12911657083116,2.35232618923157,85.6,51.1557842081538,1.05772496541608,1.74167989600661,1.19429478583311,2.48811413715231,0.830152519602795,5.42408881899203,0.85,2.21488765353873
15452,"Etienne Youte Kinkoue","Le Havre","Ligue 1","FRA","DF",22,2002,"2024-2025",28,2320,83,75.8,26,88,2,18,1,25.8,23,0.54,1,7.1,0.04,0,0,0,0,0,0,0,2,1,1.3,1.3,0.09,0,0,13,1124,89.1,12,0,3,2,1,0,0.2,0.3,3,1185,76,59,0,5,4,0,0,0,0,24,1.11,6,19,10,65,0,0,48,29,36,158,14,65,0,11,7,1,20,15,0,1,26,55.3,7,0,0,0.4,31,52,31.5,49.6,0,0,14,0.54,12,7156,63,4,1041,861,0,1544,16.9,23138,0,0,0,0,0,0,0,0,0,0,0,0,0,0,0.0775862068965517,0.155172413793103,0.0387931034482759,2.44396551724138,0.46551724137931,0.116379310344828,0.737068965517241,1.125,2.52155172413793,89.1,44.2680144923915,0.720998208030729,0.531425403332994,0.81112298403457,1.81803427456024,1.04367547110931,3.16058266192781,1,1.65474498702207
19004,"Ezri Konsa","Aston Villa","Premier League","ENG","DF",26,1997,"2024-2025",34,2936,86,85.8,33,88,1,45,1,32.6,11,0.34,5,45.5,0.15,0.18,0.4,2,0,2,0,0,0,0,1.3,1.3,0.12,0.7,0.7,9,1555,92.9,19,2,6,5,0,0,0.4,0.6,2,1538,134,84,6,0,34,0,0,0,0,32,1.76,17,34,18,80,7,38.9,58,24,20,114,9,97,0,20,10,4,25,22,1,10,31,57.4,5,3,0.09,0,48,45,46.5,43.4,3.1,0.1,24,0.74,24,8781,90,11,1338,1132,2,1915,8.8,26299,0,0,0,0,0,0,11,1,0.8,0,0.4,2,1,10,0.153269754768392,0.337193460490463,0.122615803814714,2.75885558583106,0.735694822888283,0.183923705722071,1.04223433242507,0.735694822888283,2.97343324250681,92.9,42.059120511281,0.622583164424551,0.648877548753108,0.458031210884547,1.85120947732504,1.26801535994869,2.9581182369627,0.95,1.67754161506828
3728,"Fabian Schär","Newcastle Utd","Premier League","SUI","DF",32,1991,"2024-2025",34,2934,86,85.8,33,88,1,45,0,32.6,25,1.23,11,27.5,0.34,0.1,0.36,4,0,4,0,0,0,0,3.7,3.7,0.09,0.3,0.3,13,1654,83.7,26,1,5,13,0,0,0.4,1,13,1890,79,65,4,31,14,0,0,0,0,29,1.65,12,36,21,40,3,23.1,81,45,38,138,35,134,4,16,18,2,35,42,4,6,56,44.1,21,16,0.49,0,58,42,55,36.9,18.1,0.56,37,1.13,18,12752,118,22,1609,1438,2,2319,19.8,33173,0,0,0,0,0,0,0,0,0,0,0,0,0,0,0.398773006134969,0.674846625766871,0.0613496932515337,3.61963190184049,0.552147239263804,0.153374233128834,1.10429447852761,1.38036809815951,4.11042944785276,83.7,51.340287980404,1.06691425991899,1.17818752629091,1.47273440786364,4.38547579230505,1.49166904158705,7.0363977264596,0.7,2.9312869345727
14843,"Facundo Medina","Lens","Ligue 1","ARG","DF",25,1999,"2024-2025",29,2543,88,83.1,29,88,0,0,0,28.3,10,0.96,3,11.1,0.11,0,0,0,1,1,0,0,1,0,1.8,1.8,0.07,0,0,20,1655,87.6,62,1,24,16,2,0,2,3.4,30,1744,136,70,3,5,66,0,0,0,0,24,1.69,27,44,29,57.1,17,63,76,32,30,70,29,165,1,22,18,4,42,31,0,14,30,55.6,18,9,0.32,1.36,39,30,45.6,33.5,12.1,0.43,68,2.41,46,9960,174,42,1514,1328,2,2176,18.3,27012,0,0,0,0,0,0,0,0,0,0,0,0,0,0,0.566260322453795,1.48643334644121,0.141565080613449,6.15808100668502,1.62799842705466,0.849390483680692,1.55721588674794,1.13252064490759,5.83955957530476,87.6,52.7892955860594,1.13856754291402,1.77299546596127,1.28945124797184,6.64873299735478,2.95811291503331,9.71117971128789,0.95,4.37419907939969
10268,"Fali","Cádiz","La Liga","ESP","DF",29,1993,"2023-2024",30,2547,85,74.5,30,85,0,0,4,28.3,24,0.39,3,27.3,0.11,0,0,0,0,0,0,0,0,0,0.8,0.8,0.07,0,0,14,799,76.1,15,1,4,10,1,0,0.1,0.3,5,989,54,49,5,21,0,0,0,0,0,25,0.9,6,41,26,58.3,1,20,68,27,38,120,23,127,1,29,11,1,36,18,0,2,39,50,15,0,0,0.36,20,39,25.4,39.9,0,0,17,0.6,16,6817,82,10,696,643,0,1307,15.6,17510,0,0,0,0,0,0,0,0,0,0,0,0,0,0,0.353356890459364,0.353356890459364,0.0353356890459364,2.89752650176678,0.565371024734982,0.141342756183746,1.44876325088339,0.954063604240283,4.48763250883392,76.1,53.5195079057596,1.17418112095848,1.70111045792571,1.12024347229254,5.26929336967233,1.24312020988153,8.09064729989059,0.85,3.17054227391979
15030,"Fali Candé","Venezia","Serie A","GNB","DF",26,1998,"2024-2025",17,1530,90,44.7,17,90,0,0,0,17,15,0.29,2,40,0.12,0.2,0.5,1,1,2,0,0,0,0,1.1,1.1,0.23,0,0,6,761,81,10,2,4,7,1,0.4,0.6,0.2,3,748,187,44,0,7,80,0,0,0,0,17,0.82,12,25,19,69.6,0,0,40,15,21,90,24,79,0,14,10,1,23,8,0,8,37,47.4,7,0,0,0.18,13,22,16.1,23.4,0,0,14,0.82,5,5240,47,3,572,557,0,1131,11.7,13092,0,0,0,0,0,0,0,0,0,0,0,0,0,0,0.411764705882353,0.176470588235294,0.0588235294117647,2.76470588235294,0.294117647058824,0.235294117647059,1.47058823529412,0.882352941176471,4.64705882352941,81,49.1146152010884,0.955759656513789,1.40552890663793,0.843317343982755,4.44147134497584,1.13017358891133,6.69031759559652,0.95,2.73016471424349
24244,"Federico Baschirotto","Lecce","Serie A","ITA","DF",27,1996,"2024-2025",38,3420,90,100,38,90,0,0,0,38,32,0.58,8,36.4,0.21,0.09,0.25,2,0,2,0,0,3,0,1.2,1.2,0.06,0.8,0.8,12,1409,86.2,13,2,4,5,0,0,0.2,0.5,5,1462,170,78,0,15,9,0,0,0,0,38,0.89,13,37,25,78.6,0,0,60,23,44,237,31,93,0,30,5,2,28,36,0,1,104,65.4,6,0,0,0,27,58,34.6,57.1,0,0,17,0.45,13,9707,71,5,1157,940,0,2043,11.8,28512,0,0,0,0,0,0,0,0,0,0,0,0,0,0,0.131578947368421,0.131578947368421,0.0526315789473684,1.86842105263158,0.342105263157895,0.105263157894737,0.973684210526316,0.605263157894737,2.44736842105263,86.2,48.2692117153732,0.913675973819032,0.889631869244847,0.553014405206256,2.23610172539921,0.797970297035529,3.67874799985031,0.95,1.69901251876931
8258,"Federico Fazio","Salernitana","Serie A","ARG","DF",36,1987,"2023-2024",17,1355,80,39.6,15,87,2,27,8,15.1,19,0.53,2,25,0.13,0.13,0.5,1,0,1,0,0,1,0,0.4,0.4,0.05,0.6,0.6,3,440,75,7,0,3,0,0,0,0.1,0.3,1,540,44,34,0,2,8,0,0,0,0,12,0.61,8,18,11,57.1,0,0,35,17,22,99,9,54,0,14,4,0,14,17,0,3,50,70.4,6,0,0,0.38,15,31,9.6,31.2,0,0,9,0.6,2,3494,27,2,370,325,0,773,11.5,8392,0,0,0,0,0,0,0,0,0,0,0,0,0,0,0,0.132841328413284,0,1.79335793357934,0.132841328413284,0.199261992619926,1.19557195571956,1.12915129151292,3.58671586715867,75,41.8777717068792,0.614834053249321,0.735078351486273,0.694240665292591,2.20523505445882,0.72681491789667,3.63455407123768,0.5,1.55609218852997
24246,"Federico Gatti","Juventus","Serie A","ITA","DF",26,1998,"2024-2025",30,2195,73,64.2,26,83,4,10,3,24.4,18,1.03,9,36,0.37,0.04,0.11,1,0,1,0,0,0,0,2.5,2.5,0.1,0,0,9,1387,95,17,0,6,1,0,0,0.5,0.3,3,1419,39,25,0,1,4,0,0,0,0,18,1.83,12,28,23,58.3,5,38.5,46,18,27,76,20,110,2,18,8,2,24,27,1,8,37,58.7,10,16,0.66,0.14,35,19,33.6,22.8,10.8,0.44,26,1.07,24,7810,73,6,1290,1165,1,1687,14.4,25073,0,0,0,0,0,0,9,0,0.2,1,0.1,2,1,6,0.041002277904328,0.246013667425968,0.082004555808656,2.99316628701595,0.984054669703872,0.246013667425968,1.14806378132118,0.738041002277904,4.51025056947608,95,43.470460765247,0.684648372987312,0.78601999996721,0.505298571407492,3.0879357141569,1.45517859997207,4.3792542855316,0.95,2.18084772564831
18582,"Fikayo Tomori","Milan","Serie A","ENG","DF",26,1997,"2024-2025",22,1593,72,46.6,19,83,3,5,15,17.7,12,0.11,0,0,0,0,0,0,1,1,0,0,0,0,0.1,0.1,0.04,0,0,5,1019,92.4,18,0,8,6,3,0.3,0.7,0.8,6,1025,76,39,2,4,26,0,0,0,0,15,1.77,9,40,25,68,0,0,60,20,17,61,10,60,4,21,16,3,25,7,0,2,28,48.3,8,6,0.34,0,28,22,27.8,20.1,7.7,0.43,22,1.24,8,6914,63,3,871,721,0,1260,12.5,18036,0,0,0,0,0,0,7,0,0.1,1,0.2,2,1,3,0.338983050847458,0.169491525423729,0.169491525423729,3.5593220338983,0.451977401129944,0.451977401129944,2.25988700564972,1.12994350282486,3.38983050847458,92.4,35.8263702870095,0.390150638784164,0.881696358834269,0.440848179417135,1.3225445382514,1.52589209567172,2.64508907650281,0.95,1.68628356121953
15032,"Florent Ogier","Clermont Foot","Ligue 1","FRA","DF",34,1989,"2023-2024",14,943,67,30.8,9,89,5,29,17,10.5,19,0.67,2,28.6,0.19,0.14,0.5,1,1,2,0,0,1,1,0.6,0.6,0.09,0.4,0.4,6,425,83,5,0,1,0,0,0.5,0.5,0.5,0,488,24,15,0,1,0,0,0,0,0,8,0.79,3,19,9,61.1,0,0,28,9,25,35,11,37,0,13,6,0,18,12,0,0,23,56.1,7,0,0,0.34,9,17,11.4,18.7,0,0,9,0.86,4,3241,17,0,388,413,0,616,12.2,7821,0,0,0,0,0,0,0,0,0,0,0,0,0,0,0,0,0,1.62248144220573,0.381760339342524,0.095440084835631,1.81336161187699,0.858960763520679,3.53128313891835,83,47.3489879269996,0.868220269005264,1.57439730646766,0.745767145168891,3.06593159680544,0.723956661928,5.38609604844199,0.5,2.0884114793038
8803,"Florian Lejeune","Rayo Vallecano","La Liga","FRA","DF",33,1991,"2024-2025",37,3325,90,97.2,37,90,0,0,0,36.9,32,1.57,17,29.3,0.46,0.03,0.12,2,3,5,0,0,3,0,3.6,3.6,0.06,0,0,6,1728,83.8,27,1,14,8,3,1.1,1.9,1.1,7,1955,105,85,0,35,6,0,0,0,0,36,1.32,17,46,28,53.5,1,16.7,87,41,38,181,50,156,0,30,14,2,43,38,0,4,92,60.5,20,0,0,0,39,45,44.8,47.4,0,0,37,1,21,15842,143,5,1612,1469,1,2486,23.9,37399,0,0,0,0,0,0,0,0,0,0,0,0,0,0,0.216541353383459,0.135338345864662,0.0541353383458647,3.87067669172932,0.568421052631579,0.378947368421053,1.24511278195489,1.10977443609023,4.22255639097744,83.8,51.7791737047213,1.08872476311476,1.35558511858499,1.20823891004315,4.59720170650563,1.6523878162819,7.16102573513377,0.7,3.03306284705289
22532,"Francesco Acerbi","Inter","Serie A","ITA","DF",36,1988,"2024-2025",23,1710,74,50,20,83,3,17,7,19,16,0.26,1,20,0.05,0,0,0,1,1,0,0,0,0,0.4,0.4,0.08,0,0,6,1200,92.5,20,0,9,10,5,0.4,0.6,1.4,8,1256,39,24,0,2,8,0,0,0,0,18,2.04,7,23,19,64.7,1,25,49,26,22,81,11,62,0,16,7,0,17,20,2,2,61,67,6,10,0.53,0,31,21,30.3,23,7.4,0.39,20,1.05,19,6158,62,22,1101,915,1,1484,11.5,22280,0,0,0,0,0,0,9,1,0.6,1,0.1,3,1,4,0.526315789473684,1.15789473684211,0,3.26315789473684,1,0.473684210526316,1.21052631578947,1.36842105263158,3.26315789473684,92.5,40.4912153821819,0.557416381074052,0.674767198142273,0.76278031094344,1.81893766455743,1.62296429771594,3.25648517364315,0.5,1.81863127117932
14213,"Gabriel Magalhães","Arsenal","Premier League","BRA","DF",26,1997,"2024-2025",28,2363,84,69.1,28,84,0,0,0,26.3,29,0.84,5,22.7,0.19,0.14,0.6,3,1,4,0,0,0,0,2.6,2.6,0.12,0.4,0.4,13,1480,90.2,31,0,13,9,0,0.1,0.9,1.2,8,1560,80,51,1,8,3,0,0,0,0,25,2.04,9,25,15,75,1,20,41,16,42,93,19,63,0,12,8,5,16,40,0,2,53,58.9,4,28,1.07,0.47,50,22,40.3,23.1,17.2,0.66,35,1.33,10,7938,126,11,1366,1116,0,1873,9.5,25788,0,0,0,0,0,0,9,1,1.3,0,1.1,0,3,10,0.34278459585273,0.418958950486669,0.19043588658485,4.79898434193821,0.3808717731697,0.495133305120609,0.952179432924249,0.609394837071519,2.39949217096911,90.2,44.5026870645132,0.731853506372784,0.696855856681661,0.445987748276263,1.75607675883778,1.94235552428234,2.89892036379571,0.95,1.92681831885165
15648,"Gabriel Osho","Auxerre","Ligue 1","NGA","DF",25,1998,"2024-2025",20,1654,83,54.1,20,83,0,0,7,18.4,19,0.38,3,42.9,0.16,0.14,0.33,1,0,1,0,0,0,0,1,1,0.14,0,0,13,669,88.8,2,0,1,3,0,0,0.1,0.2,0,716,36,18,0,6,4,0,0,0,0,16,1.4,7,23,15,65,2,28.6,35,12,32,87,11,52,1,17,3,3,20,11,0,3,19,67.9,7,2,0.11,0.43,26,24,24.6,28.9,0,0,3,0.16,12,4606,43,2,613,539,0,944,10.1,12927,0,0,0,0,0,0,0,0,0,0,0,0,0,0,0.163240628778718,0.108827085852479,0.163240628778718,2.33978234582829,0.652962515114873,0.0544135429262394,1.25151148730351,0.652962515114873,2.82950423216445,88.8,50.4222427030777,1.02110899899689,1.27792964203359,0.66674590019144,2.88923223416291,1.05489293012202,4.83390777638794,0.95,2.15092950496519
9066,"Gabriel Paulista","Valencia","La Liga","BRA","DF",32,1990,"2023-2024",18,1398,78,40.9,16,85,2,19,0,15.5,7,0.45,0,0,0,0,0,0,0,0,0,0,0,0,0.4,0.4,0.05,0,0,8,699,85.7,6,0,2,0,0,0,0.2,0.3,3,771,41,37,2,10,0,0,0,0,0,12,1.5,2,10,7,54.5,1,100,34,24,15,78,11,70,1,8,2,0,11,8,0,1,29,60.4,5,0,0,0,17,19,17.9,16.3,1.6,0.1,8,0.52,2,5224,33,2,615,563,0,963,13.3,14412,0,0,0,0,0,0,0,0,0,0,0,0,0,0,0,0.128755364806867,0,2.1244635193133,0.128755364806867,0.128755364806867,0.643776824034335,1.5450643776824,4.50643776824034,85.7,46.722445454336,0.837573711298087,0.539210543754133,1.29410530500992,3.77447380627893,0.818482629217796,5.60778965504299,0.7,2.23542994820001
24612,"Gaby Jean","Lecce","Serie A","FRA","DF",24,2000,"2024-2025",19,1388,73,40.6,16,83,3,18,11,15.4,10,0.06,1,100,0.06,0,0,0,0,0,0,0,1,0,0.1,0.1,0.09,0,0,3,727,84.3,4,0,1,1,1,0,0.1,0.1,1,773,87,29,0,4,12,0,0,0,0,13,0.95,5,14,7,54.5,1,33.3,23,9,13,71,15,55,0,8,5,1,11,3,0,5,41,63.1,5,0,0,0.28,15,25,12.5,25.3,0,0,4,0.26,8,5135,42,3,618,500,0,992,12.9,12291,0,0,0,0,0,0,0,0,0,0,0,0,0,0,0.0648414985590778,0.194524495677233,0.0648414985590778,2.72334293948127,0.518731988472622,0.0648414985590778,0.907780979827089,0.5835734870317,3.56628242074928,84.3,48.2692117153732,0.913675973819032,0.829417670757911,0.533197074058657,3.25842656369179,1.14336867124585,4.62104130850836,1,2.12795986105085
13889,"Gautier Lloris","Le Havre","Ligue 1","FRA","DF",29,1995,"2024-2025",31,2768,89,90.5,31,89,0,0,1,30.8,21,0.36,2,18.2,0.07,0.18,1,2,1,3,0,0,2,0,1.2,1.2,0.11,0.8,0.8,12,1317,87.2,17,0,5,3,1,0.1,0.9,0.5,5,1464,42,34,0,6,4,0,0,0,0,29,1,13,68,43,71.7,3,42.9,102,34,33,192,31,100,0,52,16,0,53,21,2,3,64,65.3,15,0,0,0.01,36,64,38.2,57.9,0,0,21,0.68,13,9345,99,7,1240,1028,0,1885,12.8,25779,0,0,0,0,0,0,0,0,0,0,0,0,0,0,0.0975433526011561,0.227601156069364,0,3.21893063583815,0.422687861271676,0.16257225433526,2.21098265895954,1.10549132947977,3.2514450867052,87.2,44.2680144923915,0.720998208030729,1.59411453509684,0.797057267548422,2.34428608102477,1.31040681131009,4.73545788367003,0.85,2.20200008962504
9424,"Germán Pezzella","Betis","La Liga","ARG","DF",32,1991,"2023-2024",32,2767,86,80.9,32,86,0,0,1,30.7,18,0.75,5,21.7,0.16,0.04,0.2,1,0,1,0,0,0,0,2,2,0.09,0,0,13,1277,86,13,0,4,2,1,0,0.3,0.3,4,1413,72,68,1,6,3,0,0,0,0,28,1.63,19,34,24,60.5,3,50,65,31,31,150,22,148,0,24,10,0,38,35,6,4,84,68.3,15,10,0.33,1.29,41,31,36.8,38.8,0,0,15,0.49,5,8483,64,1,1105,974,0,1779,11.2,23691,0,0,0,0,0,0,0,0,0,0,0,0,0,0,0.0650524033249006,0.0325262016624503,0,2.08167690639682,0.162631008312252,0.130104806649801,1.10589085652331,1.00831225153596,4.81387784604265,86,51.2638455522005,1.06310829726839,1.17568174544318,1.07194512084525,5.11767348016442,0.816025175607151,7.36530034645285,0.7,2.76200017417872
14378,"Gerzino Nyamsi","Strasbourg","Ligue 1","FRA","DF",26,1997,"2023-2024",13,1092,84,35.7,13,84,0,0,2,12.1,11,0.49,2,33.3,0.16,0,0,0,0,0,0,0,0,0,0.3,0.3,0.06,0,0,8,555,87.8,10,0,4,1,0,0,0.2,0.1,0,595,37,29,0,6,0,0,0,0,0,12,1,5,18,14,66.7,0,0,28,10,19,43,13,75,0,13,5,0,18,10,0,1,20,64.5,6,0,0,0,10,17,13.1,15.8,0,0,10,0.82,3,4040,25,3,489,552,0,739,11.4,11520,0,0,0,0,0,0,0,0,0,0,0,0,0,0,0.0824175824175824,0.247252747252747,0,2.06043956043956,0.247252747252747,0.32967032967033,1.48351648351648,0.824175824175824,6.18131868131868,87.8,51.7603346577471,1.08779014806011,1.61375461525401,0.896530341807783,6.72397756355837,0.898828561955282,9.23426252062016,0.95,3.40761018096816
23242,"Gian Marco Ferrari","Sassuolo","Serie A","ITA","DF",31,1992,"2023-2024",31,2272,73,66.4,25,88,6,11,6,25.2,17,0.63,6,37.5,0.24,0.06,0.17,1,0,1,0,0,3,0,1.6,1.6,0.1,0,0,11,1073,82.5,32,1,9,14,3,0,0.3,0.7,13,1193,104,69,0,10,7,0,0,0,0,24,0.77,14,22,10,66.7,1,20,47,25,28,76,26,95,1,11,11,0,18,27,0,1,39,50.6,6,0,0,0,24,47,26,39,0,0,35,1.39,32,9027,148,7,976,881,0,1499,12.2,22039,0,0,0,0,0,0,0,0,0,0,0,0,0,0,0.554577464788732,0.277288732394366,0,5.86267605633803,1.26760563380282,0.356514084507042,0.871478873239437,0.990316901408451,3.76320422535211,82.5,43.6626401630044,0.693327796319831,0.604220526722388,0.686614234911805,2.60913409266486,2.58010787863436,3.89996885429905,0.85,2.45453380774346
23548,"Giangiacomo Magnani","Hellas Verona","Serie A","ITA","DF",28,1995,"2024-2025",17,1065,63,31.1,11,87,6,18,4,11.8,9,0.93,2,18.2,0.17,0.09,0.5,1,0,1,0,0,0,0,1.1,1.1,0.1,0,0,7,317,80.7,2,1,1,2,0,0,0,0.1,0,373,19,14,0,2,5,0,0,0,0,10,0.94,4,20,15,100,3,75,37,17,16,73,8,38,0,14,6,0,7,14,0,1,29,61.7,0,0,0,0,14,35,9.9,21.1,0,0,4,0.34,4,2269,31,7,274,251,0,540,10.7,6348,0,0,0,0,0,0,0,0,0,0,0,0,0,0,0.169014084507042,0.591549295774648,0,2.61971830985915,0.338028169014085,0.0845070422535211,1.69014084507042,1.43661971830986,3.2112676056338,80.7,46.3165776805615,0.817883314852801,1.38233799693431,1.17498729739416,2.62644219417519,1.04990965067975,5.18376748850367,0.95,2.245794106823
23420,"Gianluca Mancini","Roma","Serie A","ITA","DF",27,1996,"2023-2024",36,2869,80,83.9,34,84,2,15,1,31.9,26,0.6,7,36.8,0.22,0.21,0.57,4,1,5,0,0,0,0,1.9,1.9,0.1,2.1,2.1,12,1744,86.7,23,0,10,24,4,0,1.1,1.1,19,1909,98,72,2,7,5,0,0,0,0,26,1.64,4,34,20,40.7,1,20,70,36,38,77,49,106,1,21,11,2,27,28,0,10,42,56,16,14,0.44,0,51,37,41.5,34.8,6.7,0.21,28,0.88,38,10905,139,13,1677,1397,0,2248,12.2,31178,0,0,0,0,0,0,0,0,0,0,0,0,0,0,0.752875566399442,0.407807598466365,0.0627396305332869,4.36040432206344,1.19205298013245,0.313698152666434,1.06657371906588,1.12931334959916,3.3252004182642,86.7,38.8264913565029,0.493006003155632,0.525827246307506,0.556758260796183,1.63934376789987,2.02137547867459,2.72192927500356,0.95,1.90182897397091
23881,"Giorgio Scalvini","Atalanta","Serie A","ITA","DF",19,2003,"2023-2024",33,2544,77,74.4,31,81,2,15,0,28.3,17,0.67,6,31.6,0.21,0.05,0.17,1,3,4,0,0,2,0,1.4,1.4,0.08,0,0,27,1272,81.3,36,0,11,5,2,1.9,1.1,1.5,14,1500,57,33,1,10,24,0,0,0,0,18,1.85,22,53,33,47.5,4,21.1,112,59,44,71,48,163,1,29,19,5,40,41,4,12,80,66.7,21,22,0.78,0,55,33,44.8,31.5,13.3,0.47,43,1.52,30,7854,116,33,1174,951,6,1864,14.6,20712,0,0,0,0,0,0,0,0,0,0,0,0,0,0,0.17688679245283,1.16745283018868,0.17688679245283,4.10377358490566,1.06132075471698,0.389150943396226,1.875,2.0872641509434,5.76650943396226,81.3,52.0701529523836,1.10313957039168,2.0683866944844,2.30254367876565,6.3612647396407,1.90949695144719,10.7321951128908,1,4.2647573144461
24616,"Giovanni Leoni","Parma","Serie A","ITA","DF",17,2006,"2024-2025",17,1199,71,35.1,14,74,3,53,17,13.3,11,0.15,1,50,0.08,0.5,1,1,0,1,0,0,0,0,0.1,0.1,0.07,0.9,0.9,9,562,87.7,3,0,1,3,0,0,0,0.1,0,592,48,27,0,3,18,0,0,0,0,6,0.88,6,14,6,50,0,0,29,15,20,63,11,34,0,10,4,0,10,5,0,2,17,63,5,0,0,0.1,15,19,12.9,14.8,0,0,3,0.23,0,3033,21,5,492,449,0,774,9.6,10423,0,0,0,0,0,0,0,0,0,0,0,0,0,0,0.225187656380317,0.375312760633862,0,1.57631359466222,0,0.0750625521267723,1.05087572977481,1.12593828190158,2.55212677231026,87.7,47.3202602501418,0.8668090973429,0.910908642745666,0.975973545798928,2.2122067038109,0.567486501215091,4.0990888923555,1,1.74442126819269
23555,"Gleison Bremer","Juventus","Serie A","BRA","DF",26,1997,"2023-2024",36,3233,90,94.5,36,90,0,0,1,35.9,27,0.5,4,22.2,0.11,0.17,0.75,3,0,3,0,0,1,0,1.4,1.4,0.08,1.6,1.6,18,1661,86.1,19,0,7,1,0,0,0.4,0.8,0,1854,71,25,0,8,2,0,0,0,0,35,1.86,18,58,42,72.4,3,23.1,98,40,45,147,60,196,2,32,21,5,29,35,2,8,102,64.6,8,21,0.58,0,50,29,51.9,28.4,23.5,0.65,24,0.67,7,12857,120,4,1432,1287,1,2304,13.4,34805,0,0,0,0,0,0,0,0,0,0,0,0,0,0,0.0278379214351995,0.111351685740798,0.139189607175998,3.34055057222394,0.194865450046397,0.194865450046397,1.61459944324157,1.11351685740798,5.4562326012991,86.1,43.470460765247,0.684648372987312,1.10543288184156,0.762367504718318,3.73560077311976,1.28203081995203,5.60340115967964,0.95,2.4699326758847
9779,"Guillermo Maripán","Torino","Serie A","CHI","DF",30,1994,"2024-2025",28,2340,84,68.4,27,86,1,13,6,26,13,0.46,5,41.7,0.19,0.08,0.2,1,1,2,0,0,0,0,0.9,0.9,0.08,0.1,0.1,14,1151,86.3,15,1,5,2,0,0,1,0.9,5,1286,42,37,2,6,4,0,0,0,0,25,1.11,19,40,23,63.6,6,75,81,41,27,138,29,90,0,25,14,1,33,23,1,5,72,60.5,12,0,0,0.13,27,30,23.1,32.4,0,0,19,0.73,14,8277,96,9,1044,962,2,1636,12.8,23605,0,0,0,0,0,0,0,0,0,0,0,0,0,0,0.0769230769230769,0.346153846153846,0.0384615384615385,3.69230769230769,0.538461538461538,0.192307692307692,1.53846153846154,1.57692307692308,3.46153846153846,86.3,35,0.364851047612713,0.561309304019558,0.575342036620047,1.26294593404401,1.52374607205986,2.39959727468361,0.85,1.58567761122903
18467,"Harry Maguire","Manchester Utd","Premier League","ENG","DF",31,1993,"2024-2025",27,1758,65,51.4,19,82,8,26,3,19.5,12,0.77,6,40,0.31,0.07,0.17,1,0,1,0,0,0,0,1.8,1.8,0.12,0,0,3,965,85.5,14,1,9,4,0,0,0.6,0.3,4,1083,41,26,0,9,1,0,0,0,0,13,1.07,10,30,15,73.9,3,60,70,40,15,78,18,68,0,23,6,1,23,44,2,2,64,71.9,6,0,0,0,20,27,26.4,26.6,0,0,20,1.02,7,6236,51,7,856,782,3,1328,8.2,17965,0,0,0,0,0,0,0,0,0,0,0,0,0,0,0.204778156996587,0.358361774744027,0.0511945392491468,2.61092150170648,0.358361774744027,0.460750853242321,1.5358361774744,2.04778156996587,3.48122866894198,85.5,50.5857290519287,1.02927808250729,1.58080251579618,2.10773668772824,3.58315236913801,1.16782797457926,7.27169157266242,0.85,2.90413866163043
3899,"Hauke Wahl","St Pauli","Bundesliga","GER","DF",30,1994,"2024-2025",33,2970,90,97.1,33,90,0,0,0,33,25,0.33,4,36.4,0.12,0,0,0,0,0,0,0,0,0,0.9,0.9,0.08,0,0,19,1520,86.6,22,0,9,8,1,0,0.5,1.6,8,1683,68,40,0,0,4,0,0,0,0,33,0.97,10,36,27,60.5,2,20,67,31,44,170,13,129,1,21,13,2,38,28,2,9,47,48.5,15,0,0,0.64,26,38,34.3,41.8,0,0,26,0.79,30,9297,142,10,1305,1040,1,2096,11.4,26509,0,0,0,0,0,0,0,0,0,0,0,0,0,0,0.242424242424242,0.303030303030303,0.0606060606060606,4.3030303030303,0.909090909090909,0.272727272727273,1.09090909090909,0.939393939393939,3.90909090909091,86.6,56.366312218201,1.30798309441547,1.42689064845324,1.22871139172362,5.11302482362411,1.88957302829982,7.76862686380097,0.85,3.34301727046022
4034,"Ibrahima Konaté","Liverpool","Premier League","FRA","DF",25,1999,"2024-2025",31,2560,83,74.9,30,84,1,45,1,28.4,15,0.67,3,15.8,0.11,0.05,0.33,1,2,3,0,0,0,0,1.7,1.7,0.09,0,0,14,1718,90.2,26,0,10,0,0,1,1,0.9,9,1856,46,41,1,5,5,0,0,0,0,24,2.26,8,40,26,71.4,2,33.3,57,17,29,133,27,98,1,25,13,2,35,23,0,2,74,71.8,10,31,1.09,0,59,28,58.6,26.9,31.7,1.11,31,1.09,25,10824,115,3,1576,1290,0,2185,10.5,31820,0,0,1,0,0,0,7,1,0.4,0,0.1,1,0,4,0,0.10546875,0.0703125,4.04296875,0.87890625,0.3515625,1.40625,0.59765625,3.4453125,90.2,53.1176943836457,1.154634204207,1.62370434966609,0.69007434860809,3.97807565668193,1.81291700329975,6.29185435495611,0.95,2.89292310780673
9783,"Ignasi Miquel","Granada","La Liga","ESP","DF",30,1992,"2023-2024",34,2992,88,87.5,33,89,1,67,1,33.2,16,0.66,8,36.4,0.24,0.05,0.13,1,1,2,0,0,0,0,1.4,1.4,0.06,0,0,16,1265,81.7,23,0,12,3,0,0,1.2,0.8,5,1462,82,68,2,7,4,0,0,0,0,32,0.59,21,47,30,57.5,7,43.8,92,45,32,132,32,136,0,39,6,2,40,37,0,4,56,50.5,17,0,0,0.21,32,67,34.1,53.2,0,0,28,0.84,8,9540,83,8,1146,1027,1,1889,12.7,25083,0,0,0,0,0,0,0,0,0,0,0,0,0,0,0.0902406417112299,0.240641711229947,0.0601604278074866,2.4966577540107,0.240641711229947,0.36096256684492,1.41377005347594,1.35360962566845,4.09090909090909,81.7,49.2593904755677,0.962986440589189,1.36144139160838,1.30350771536972,3.9394899842285,1.05672626589008,6.6044390912066,0.85,2.65572223371801
19595,"Igor","Brighton","Premier League","BRA","DF",26,1998,"2024-2025",13,961,74,28.1,10,84,3,39,10,10.7,14,0.09,0,0,0,0,0,0,0,0,0,0,0,0,0,0,0.05,0,0,10,671,91.9,12,0,2,4,1,0,0.2,0.3,2,680,48,12,3,4,11,0,0,0,0,8,1.54,1,5,5,40,1,16.7,9,4,24,39,9,42,0,2,2,1,10,1,0,0,8,57.1,6,0,0,0,17,17,14.9,17.4,0,0,14,1.31,9,3851,49,1,606,530,0,816,14.1,12145,0,0,0,0,0,0,0,0,0,0,0,0,0,0,0.374609781477627,0.0936524453694069,0.0936524453694069,4.58896982310094,0.842872008324662,0.187304890738814,0.468262226847034,0.374609781477627,3.93340270551509,91.9,51.1941051793327,1.05963441584314,0.496186771206465,0.396949416965172,4.16796887813431,1.93925344836513,5.06110506630595,0.95,2.57593289923783
9432,"Igor Zubeldia","Real Sociedad","La Liga","ESP","DF",27,1997,"2024-2025",28,2269,81,66.3,27,82,1,45,1,25.2,18,0.48,4,33.3,0.16,0,0,0,0,0,0,0,1,0,0.6,0.6,0.05,0,0,14,1281,86.4,16,0,4,1,0,0,0.4,0.6,6,1431,44,41,3,12,1,0,0,0,0,22,1.14,8,34,22,53.8,0,0,65,31,32,100,38,86,0,21,10,3,26,14,0,1,65,44.8,12,0,0,0.15,22,28,29.4,27.6,1.8,0.07,17,0.67,22,7655,101,3,1145,1036,1,1732,17.1,24957,0,0,0,0,0,0,0,0,0,0,0,0,0,0,0.0396650506831203,0.118995152049361,0.118995152049361,4.00617011899515,0.872631115028647,0.158660202732481,1.34861172322609,1.22961657117673,3.41119435874835,86.4,49.8018675524909,0.990093701694315,1.33525197319727,1.21743562262104,3.37740204985192,1.7396435733305,5.93008964567022,0.95,2.75128432303327
23722,"Ilario Monterisi","Frosinone","Serie A","ITA","DF",21,2001,"2023-2024",24,1469,61,43,16,84,8,16,10,16.3,18,0.31,3,60,0.18,0.4,0.67,2,2,4,0,0,1,0,1.1,1.1,0.22,0.9,0.9,4,802,80.4,11,1,5,5,1,1.6,0.4,0.3,7,911,85,22,2,0,55,0,0,0,0,13,0.92,4,23,13,46.2,4,44.4,31,8,22,63,10,77,1,14,7,2,26,12,1,3,41,59.4,14,0,0,0,19,36,18.8,25.9,0,0,14,0.86,4,6423,47,18,731,590,0,1136,8.7,13842,0,0,0,0,0,0,0,0,0,0,0,0,0,0,0.306330837304289,1.10279101429544,0.122532334921715,2.87950987066031,0.245064669843431,0.306330837304289,1.40912185159973,0.490129339686862,4.71749489448604,80.4,49.3854083806052,0.96928008809902,1.36583375246084,0.475072609551596,4.57257386693411,1.17407403561532,6.41348022894655,1,2.67407368293009
19412,"Illia Zabarnyi","Bournemouth","Premier League","UKR","DF",21,2002,"2024-2025",36,3109,86,90.9,35,88,1,45,0,34.5,20,0.35,1,8.3,0.03,0,0,0,1,1,0,0,0,0,1.3,1.3,0.11,0,0,13,1404,82.1,26,1,12,6,0,0.3,0.7,0.8,7,1677,31,27,6,7,1,0,0,0,0,30,1.53,14,52,36,68,2,22.2,93,41,33,182,20,157,2,31,20,1,50,16,0,3,77,63.6,16,12,0.35,0.35,53,41,57.2,42,15.2,0.44,29,0.84,27,10860,140,4,1306,1282,0,2062,9.8,29649,0,0,0,0,0,0,0,0,0,0,0,0,0,0,0.173689289160502,0.115792859440335,0.0289482148600836,4.05275008041171,0.781601801222258,0.347378578321004,1.50530717272435,1.18687680926343,4.54486973303313,82.1,55.9734709745545,1.29009825933588,1.9419941632975,1.53118770567687,5.86332853149437,1.78078817835563,9.33651040046874,1,3.79536839148287
24262,"Isak Hien","Atalanta","Serie A","SWE","DF",25,1999,"2024-2025",30,2327,78,68,27,83,3,33,2,25.9,18,0.31,2,25,0.08,0,0,0,0,0,0,0,1,0,1,1,0.12,0,0,13,1146,89.7,4,0,2,1,0,0,0.1,0.2,1,1241,36,31,0,1,5,0,0,0,0,22,2.1,23,48,28,61.4,3,27.3,79,31,31,82,36,141,0,27,21,0,44,15,0,9,68,54.8,17,37,1.43,1.1,58,21,43.3,26.2,17.1,0.66,5,0.19,7,7040,51,3,923,845,1,1546,7.9,22379,0,0,0,0,0,0,8,0,0.7,1,0.1,3,1,4,0.0386764073914912,0.116029222174474,0,1.97249677696605,0.270734851740438,0.0773528147829824,1.85646755479158,1.19896862913623,5.45337344220026,89.7,52.0701529523836,1.10313957039168,2.04794282083887,1.32262973845844,6.01583203621419,0.800380384726378,9.3864045955115,0.95,3.415773532544
13630,"Ismaël Traoré","Metz","Ligue 1","CIV","DF",36,1986,"2023-2024",26,2220,85,72.5,25,89,1,6,2,24.7,20,0.41,4,40,0.16,0.2,0.5,2,0,2,0,0,1,0,0.8,0.8,0.08,1.2,1.2,13,674,86.7,7,0,2,0,0,0,0.2,0.1,1,753,23,23,0,3,0,0,0,0,0,23,0.73,9,19,12,38.1,2,33.3,49,30,33,86,23,108,0,13,6,0,21,12,0,3,23,41.1,13,0,0,0,27,45,24,41.3,0,0,8,0.32,1,5850,32,1,577,667,0,986,11.9,14688,0,0,0,0,0,0,0,0,0,0,0,0,0,0,0,0.0405405405405405,0,1.2972972972973,0.0405405405405405,0.0810810810810811,0.77027027027027,1.21621621621622,4.37837837837838,86.7,53.7203748289513,1.18390242847146,0.911924843552341,1.43988133192475,5.18357279492909,0.487144622495329,7.53537897040618,0.5,2.64217154011999
14062,"Issa Diop","Fulham","Premier League","FRA","DF",27,1997,"2024-2025",21,1339,64,39.2,15,86,6,8,9,14.9,7,0.34,2,40,0.13,0,0,0,0,0,0,0,0,1,0.5,0.5,0.11,0,0,3,663,87.5,5,0,3,1,0,0,0.1,0.1,1,733,25,21,0,1,2,0,0,0,0,13,1.52,9,26,12,72.2,1,50,35,9,10,72,10,45,0,18,8,0,18,13,0,2,20,62.5,5,0,0,0,19,19,16.1,19.6,0,0,6,0.4,6,4179,25,3,617,533,0,903,10.7,12350,0,0,0,0,0,0,0,0,0,0,0,0,0,0,0.0672143390589992,0.201643017176998,0,1.68035847647498,0.403286034353996,0.201643017176998,1.74757281553398,0.604929051530993,3.02464525765497,87.5,49.2435777075675,0.962196908636265,1.68150916072357,0.58206086332739,2.91030431663695,0.783657939049847,5.17387434068791,0.95,2.14312547782631
4800,"Ivan Ordets","Bochum","Bundesliga","UKR","DF",32,1992,"2024-2025",22,1861,85,60.8,21,89,1,1,2,20.7,16,0.53,0,0,0,0,0,0,0,0,0,0,0,0,0.7,0.7,0.07,0,0,13,708,80,15,0,7,0,0,0,0.7,1.8,0,863,18,10,0,2,1,0,0,0,0,17,0.77,6,18,8,76.9,0,0,59,41,29,139,22,77,0,13,5,0,13,48,2,0,95,67.9,3,0,0,0,20,44,29,37.8,0,0,18,0.87,2,5555,48,4,578,510,0,1156,10,15122,0,0,0,0,0,0,0,0,0,0,0,0,0,0,0,0.193444384739387,0,2.32133261687265,0.0967221923696937,0.338527673293928,0.870499731327243,1.98280494357872,3.72380440623321,80,60.2049774932854,1.47013908732281,1.27975568052818,2.91499905009198,5.47451041114835,0.938698316811571,9.66926514176851,0.7,3.49625886925518
8822,"Iñigo Martínez","Barcelona","La Liga","ESP","DF",33,1991,"2024-2025",28,2490,89,72.8,28,89,0,0,6,27.7,7,0.47,2,15.4,0.07,0,0,0,4,4,0,0,0,0,0.5,0.5,0.04,0,0,11,2217,91,38,1,16,8,1,1.4,2.6,1.8,9,2316,116,94,3,34,7,0,0,0,0,25,2.32,11,25,14,72.7,0,0,43,18,18,108,18,126,0,20,5,0,22,26,0,3,58,63.7,6,44,1.59,0,75,31,70.2,32.8,37.4,1.35,45,1.63,70,14576,260,11,2003,1711,0,2652,13.5,41890,0,0,1,0,0,0,11,2,0.7,1,0.3,3,3,8,0.289156626506024,0.397590361445783,0,9.39759036144578,2.53012048192771,0.578313253012048,0.903614457831325,0.650602409638554,4.55421686746988,91,44.9600371012476,0.753203972933694,0.68060599963888,0.490036319739994,3.43025423817996,4.31319015776781,4.60089655755883,0.7,3.33654503037477
18010,"Jack Robinson","Sheffield Utd","Premier League","ENG","DF",29,1993,"2023-2024",34,2885,85,84.4,31,89,3,40,0,32.1,33,0.44,5,35.7,0.16,0.07,0.2,1,1,2,0,0,0,2,1.2,1.2,0.09,0,0,16,895,71.3,12,7,12,12,4,0,1.2,1,7,1045,205,32,1,7,173,0,0,0,0,27,0.47,18,43,28,64.1,3,27.3,76,33,49,132,19,135,1,29,14,0,39,31,1,5,69,60.5,14,0,0,1.04,30,83,30.9,62.4,0,0,23,0.72,8,7694,63,14,786,686,2,1567,12.7,17482,0,0,0,0,0,0,0,0,0,0,0,0,0,0,0.374350086655113,0.436741767764298,0,1.96533795493934,0.249566724436742,0.374350086655113,1.34142114384749,1.02946273830156,4.21143847487002,71.3,55.5629194189751,1.27118826767737,1.70519882007328,1.30864095493996,5.35353117929984,0.880289599160362,8.36737095431309,0.85,3.10362712595807
18471,"Jack Stephens","Southampton","Premier League","ENG","DF",30,1994,"2024-2025",19,1389,73,40.6,17,81,2,6,4,15.4,13,0.26,2,50,0.13,0.25,0.5,1,0,1,0,0,1,0,0.6,0.6,0.14,0.4,0.4,7,879,92,13,0,3,1,0,0,0.2,0.3,5,912,42,19,0,2,15,0,0,0,0,12,0.53,3,34,20,56.7,4,100,47,13,20,53,13,44,0,25,9,0,30,11,1,3,6,37.5,13,0,0,0.48,8,28,12.7,31.1,0,0,13,0.84,14,4366,63,2,783,631,1,1097,11,15471,0,0,0,0,0,0,0,0,0,0,0,0,0,0,0.0647948164146868,0.129589632829374,0,4.08207343412527,0.907127429805616,0.19438444924406,2.20302375809935,0.842332613390929,2.85097192224622,92,39.3879919426832,0.514160092089355,1.1327068983394,0.433093814070947,1.46585598608628,1.78882177897102,3.03165669849663,0.85,1.8870257211374
19763,"Jacob Greaves","Ipswich Town","Premier League","ENG","DF",23,2000,"2024-2025",25,2205,88,64.5,25,88,0,0,2,24.5,26,0.41,4,40,0.16,0.1,0.25,1,0,1,0,0,0,0,1.3,1.3,0.13,0,0,15,962,85.8,16,1,5,1,0,0,0.3,0.2,2,1041,78,30,0,0,23,0,0,0,0,24,0.4,10,40,21,62.9,1,16.7,61,21,41,148,16,61,1,20,17,3,35,22,1,2,83,67.5,13,0,0,0,19,53,20.1,44.2,0,0,20,0.82,11,6129,69,11,851,619,0,1404,9.7,15937,0,0,0,0,0,0,0,0,0,0,0,0,0,0,0.0408163265306122,0.448979591836735,0.122448979591837,2.81632653061224,0.448979591836735,0.204081632653061,1.63265306122449,0.857142857142857,2.48979591836735,85.8,42.5226982067984,0.642632168810544,1.04919537764987,0.55082757326618,1.60002295091605,1.19307276859,3.2000459018321,1,1.72304287798563
24266,"Jaka Bijol","Udinese","Serie A","SVN","DF",25,1999,"2024-2025",34,2963,87,86.6,34,87,0,0,0,32.9,18,0.58,6,31.6,0.18,0.05,0.17,1,0,1,0,0,1,1,2,2,0.1,0,0,20,1432,83.6,26,1,12,3,2,0,0.6,0.7,8,1642,66,41,2,12,4,0,0,0,0,32,1.18,17,43,25,52.5,1,33.3,81,38,38,182,49,101,0,32,10,1,40,49,2,2,109,67.7,19,0,0,0.91,37,46,34.2,41.9,0,0,30,0.91,22,10665,98,10,1339,1211,1,2083,11.8,30455,0,0,0,0,0,0,0,0,0,0,0,0,0,0,0.0911238609517381,0.30374620317246,0.030374620317246,2.97671279109011,0.668241646979413,0.364495443806952,1.30610867364158,1.15423557205535,3.06783665204185,83.6,47.4613109716214,0.873742920936103,1.14120320756757,1.00850516017599,2.68050055730988,1.37418717993158,4.83020892505345,0.95,2.27233754948867
15472,"Jake O'Brien","Lyon","Ligue 1","IRL","DF",22,2001,"2023-2024",27,2369,88,77.4,27,88,0,0,4,26.3,18,0.68,8,44.4,0.3,0.22,0.5,4,2,6,0,0,0,0,3.6,3.6,0.2,0.4,0.4,5,1270,88.2,8,1,5,1,0,0.9,1.1,0.2,3,1375,63,37,0,9,9,0,0,0,0,26,1.78,7,22,16,70,1,11.1,34,12,23,98,17,126,0,16,5,1,20,28,0,5,44,63.8,6,2,0.08,1.12,44,42,41.7,36.9,4.8,0.18,14,0.53,15,8108,68,2,1105,1197,0,1631,7.4,24904,0,0,0,0,0,0,0,0,0,0,0,0,0,0,0.0379907133811735,0.075981426762347,0.0379907133811735,2.5833685099198,0.569860700717602,0.189953566905867,0.835795694385817,0.455888560574082,4.78682988602786,88.2,43.1312184128781,0.669455803657891,0.559528278278862,0.305197242697561,3.20457104832439,1.1508289134981,4.06929656930082,1,1.96932053618948
5169,"Jakov Medić","Bochum","Bundesliga","CRO","DF",25,1998,"2024-2025",23,1603,70,52.4,17,88,6,17,10,17.8,21,0.79,3,21.4,0.17,0.07,0.33,1,0,1,0,0,1,0,0.9,0.9,0.06,0.1,0.1,11,667,87.4,9,0,3,1,1,0,0.2,0.5,4,747,13,7,2,2,0,0,0,0,0,13,0.83,7,13,11,44.4,1,33.3,35,22,32,111,10,73,0,9,3,1,18,22,2,3,30,52.6,10,0,0,0,14,35,16.8,34.1,0,0,10,0.56,2,4502,27,3,544,498,0,975,14.6,13727,0,0,0,0,0,0,0,0,0,0,0,0,0,0,0.0561447286338116,0.168434185901435,0.0561447286338116,1.51590767311291,0.112289457267623,0.168434185901435,0.729881472239551,1.23518402994386,4.09856519026825,87.4,60.2049774932854,1.47013908732281,1.07302728145208,1.81589232245737,6.025460888154,0.61436944089207,8.91438049206345,0.95,3.19746192397586
19418,"Jakub Kiwior","Arsenal","Premier League","POL","DF",24,2000,"2024-2025",17,1122,66,32.8,10,90,7,32,20,12.5,8,0.24,1,33.3,0.08,0.33,1,1,0,1,0,0,0,0,0.2,0.2,0.06,0.8,0.8,5,673,91.4,7,0,5,2,0,0,0.3,0.3,3,704,31,10,3,1,4,0,0,0,0,10,1.82,3,22,8,73.3,2,40,28,6,13,58,10,31,0,13,7,2,15,5,1,2,11,45.8,4,4,0.32,0,19,15,20.7,13.8,6.9,0.55,8,0.64,5,3392,48,1,615,492,1,846,18.5,11598,0,0,0,0,0,0,10,0,0.1,0,0.5,2,0,5,0.160427807486631,0.0802139037433155,0.160427807486631,3.85026737967914,0.401069518716578,0.401069518716578,1.76470588235294,0.481283422459893,2.48663101604278,91.4,44.5026870645132,0.731853506372784,1.29150618771668,0.352228960286367,1.81984962814623,1.59313049200157,3.46358477614927,1,1.96772762964541
18593,"Jamaal Lascelles","Newcastle Utd","Premier League","ENG","DF",29,1993,"2023-2024",16,1080,68,31.6,13,80,3,15,10,12,12,0.5,1,16.7,0.08,0.17,1,1,0,1,0,0,0,0,0.7,0.7,0.12,0.3,0.3,5,669,86.4,7,0,2,1,0,0,0.1,0.1,1,764,8,6,0,3,2,0,0,0,0,9,1.44,2,14,9,54.5,1,33.3,19,5,17,42,17,53,0,7,7,0,11,20,1,4,47,66.2,5,8,0.67,0.09,23,15,24.5,17.5,7.1,0.59,8,0.67,8,3694,31,3,634,519,0,872,9.3,11616,0,0,0,0,0,0,5,0,0.1,0,0.2,1,0,5,0.0833333333333333,0.25,0,2.58333333333333,0.666666666666667,0.166666666666667,1.16666666666667,0.416666666666667,4.41666666666667,86.4,51.340287980404,1.06691425991899,1.24473330323882,0.444547608299579,4.71220464797554,1.17784151879758,6.40148555951394,0.85,2.64798227537321
18726,"James Tarkowski","Everton","Premier League","ENG","DF",31,1992,"2024-2025",33,2922,89,85.4,33,89,0,0,0,32.5,42,0.46,4,26.7,0.12,0.07,0.25,1,1,2,0,0,1,0,1.3,1.3,0.09,0,0,15,1045,81,32,2,16,1,0,0,2.9,2.4,11,1204,77,46,2,13,3,0,0,0,0,31,1.15,13,64,40,61.5,2,28.6,105,41,57,213,35,98,0,39,22,3,39,57,2,7,102,75.6,15,0,0,0,34,38,35.5,39.5,0,0,38,1.17,9,8229,75,3,927,727,0,1706,8.4,22119,0,0,0,0,0,0,0,0,0,0,0,0,0,0,0.0308008213552361,0.0924024640657084,0.0924024640657084,2.31006160164271,0.277207392197125,0.492813141683778,1.97125256673511,1.26283367556468,3.01848049281314,81,46.6119399218961,0.832199082332483,1.64047457708251,1.05092902594348,2.5119766961576,1.04498691106711,5.20338029918359,0.85,2.23000885418192
18826,"Jan Bednarek","Southampton","Premier League","POL","DF",28,1996,"2024-2025",30,2531,84,74,30,84,0,0,0,28.1,36,0.18,2,40,0.07,0.4,1,2,0,2,0,0,1,0,0.7,0.7,0.13,1.3,1.3,11,1564,92.7,15,0,5,1,0,0,0.5,0.9,1,1606,79,33,0,7,1,0,0,0,0,26,0.37,9,36,19,51.6,0,0,92,56,47,190,31,106,0,23,13,0,31,15,0,3,71,65.7,15,0,0,0.88,19,57,23.8,56.5,0,0,16,0.57,5,8925,60,2,1307,1046,1,2049,16,27781,0,0,0,0,0,0,0,0,0,0,0,0,0,0,0.0355590675622284,0.0711181351244567,0,2.1335440537337,0.177795337811142,0.177795337811142,1.28012643224022,1.99130778348479,3.76926116159621,92.7,39.3879919426832,0.514160092089355,0.65818992428665,1.02385099333479,1.93800366595513,0.853712409484411,3.62004458357657,0.95,1.71019833886674
19424,"Jan Paul Van Hecke","Brighton","Premier League","NED","DF",24,2000,"2024-2025",34,2958,87,86.5,33,89,1,9,0,32.9,22,0.52,5,29.4,0.15,0.06,0.2,1,1,2,0,0,0,0,1.3,1.3,0.08,0,0,15,2016,88.2,46,2,15,11,4,0,1.5,1.4,17,2146,138,104,4,19,8,0,0,0,0,30,1.59,12,45,29,56.1,4,36.4,69,24,37,142,25,131,0,24,19,2,41,33,0,7,82,62.1,18,8,0.24,0.44,55,47,49.7,44.3,5.4,0.17,52,1.58,55,15217,228,5,1820,1715,0,2589,13.9,39486,0,0,0,0,0,0,0,0,0,0,0,0,0,0,0.334685598377282,0.152129817444219,0.0608519269776876,6.93711967545639,1.67342799188641,0.456389452332657,1.36916835699797,0.730223123732252,3.98580121703854,88.2,51.1941051793327,1.05963441584314,1.45081791215846,0.773769553151177,4.22349214428351,3.12446932761166,6.44807960959314,1,3.47241161392261
3085,"Jannik Vestergaard","Leicester City","Premier League","DEN","DF",31,1992,"2024-2025",18,1391,77,40.7,16,81,2,51,2,15.5,14,0.19,2,66.7,0.13,0,0,0,0,0,0,0,0,1,0.1,0.1,0.03,0,0,7,870,90.7,6,0,3,0,0,0,0.1,0.1,1,890,68,26,0,2,0,0,0,0,0,10,0.5,2,22,10,60,0,0,38,16,21,74,12,46,1,16,6,0,15,10,0,0,26,57.8,6,0,0,0,7,35,12,24.8,0,0,7,0.45,3,5807,32,2,757,672,0,1092,9.7,14697,0,0,0,0,0,0,0,0,0,0,0,0,0,0,0,0.1294033069734,0,2.07045291157441,0.194104960460101,0.194104960460101,1.4234363767074,1.0352264557872,2.97627606038821,90.7,51.1580602447988,1.05783838729551,1.50576564115393,1.09510228447558,3.1484190678673,0.842580709022237,5.7492869934968,0.85,2.32251838165794
19269,"Jarell Quansah","Liverpool","Premier League","ENG","DF",20,2003,"2023-2024",17,1190,70,34.8,13,87,4,16,17,13.2,8,0.45,4,66.7,0.3,0.33,0.5,2,0,2,0,0,1,0,1,1,0.17,1,1,8,1038,88.6,13,0,3,0,0,0,0.1,0.2,1,1147,22,16,1,5,4,0,0,0,0,10,2.35,3,25,22,70,3,42.9,42,17,16,39,10,72,0,17,7,1,20,8,0,2,45,67.2,6,16,1.21,0.04,31,15,32.5,13.9,18.6,1.4,13,0.98,13,6199,67,1,952,894,0,1284,10.6,18672,0,0,0,0,0,0,0,0,0,0,0,0,0,0,0,0.0756302521008403,0.0756302521008403,5.0672268907563,0.983193277310924,0.226890756302521,1.89075630252101,1.28571428571429,5.4453781512605,88.6,53.1176943836457,1.154634204207,2.18313189871071,1.48452969112329,6.28741986828686,2.16589762250022,9.95508145812086,1,4.14148348643635
19025,"Jarrad Branthwaite","Everton","Premier League","ENG","DF",22,2002,"2024-2025",30,2511,84,73.4,28,89,2,4,0,27.9,23,0.36,3,30,0.11,0,0,0,1,1,0,0,0,0,1.2,1.2,0.12,0,0,8,984,82.1,11,1,3,5,0,0.3,0.7,0.6,3,1141,51,38,1,17,3,0,0,0,0,27,1.33,8,36,20,71.4,2,33.3,63,27,31,191,12,93,0,26,10,0,28,28,1,4,61,59.2,8,6,0.22,1.01,34,28,31.1,30,1.1,0.04,13,0.47,10,7699,66,2,894,747,2,1520,8.2,19285,0,0,0,0,0,0,0,0,0,0,0,0,0,0,0.17921146953405,0.0716845878136201,0,2.36559139784946,0.3584229390681,0.10752688172043,1.29032258064516,0.967741935483871,3.33333333333333,82.1,46.6119399218961,0.832199082332483,1.07380526752578,0.805353950644338,2.77399694110828,0.976222285564024,4.6531561592784,1,2.06853576200913
10901,"Javi Rodríguez","Celta Vigo","La Liga","ESP","DF",21,2003,"2024-2025",36,2514,70,73.5,26,85,10,29,1,27.9,10,0.43,5,41.7,0.18,0.25,0.6,3,2,5,0,0,0,0,2.3,2.3,0.2,0.7,0.7,19,1488,86.7,29,0,13,4,1,1,1,1,10,1607,109,35,2,9,74,0,0,0,0,20,1.53,22,53,38,70.2,9,40.9,86,33,29,96,37,87,0,35,17,1,47,23,0,5,40,53.3,14,4,0.14,0.34,44,40,39.4,31.3,8.1,0.29,35,1.25,29,8180,114,51,1411,1187,1,1994,10.8,26876,0,0,0,0,0,0,0,0,0,0,0,0,0,0,0.143198090692124,1.82577565632458,0.035799522673031,4.08114558472554,1.0381861575179,0.465393794749403,1.89737470167064,1.18138424821002,3.1145584725537,86.7,47.9664585656311,0.898671872247565,1.70511727550552,1.06167679418268,2.79896609375435,1.91659618483009,5.56576016344256,1,2.7230665229648
9941,"Javi Sánchez","Valladolid","La Liga","ESP","DF",27,1997,"2024-2025",25,2026,81,59.2,25,81,0,0,1,22.5,28,0.49,5,45.5,0.22,0.18,0.4,2,0,2,0,0,2,0,0.5,0.5,0.04,1.5,1.5,11,1015,87.3,13,0,6,0,0,0,0.3,0.4,1,1095,60,34,0,11,6,0,0,0,0,19,0.6,8,26,16,65.4,0,0,48,22,39,111,19,57,0,19,6,1,26,11,0,1,34,52.3,9,0,0,0.43,18,52,19.8,40.2,0,0,14,0.62,4,7564,34,4,968,720,0,1387,23.5,20366,0,0,0,0,0,0,0,0,0,0,0,0,0,0,0,0.177690029615005,0.0444225074037512,1.51036525172754,0.177690029615005,0.266535044422507,1.15498519249753,0.977295162882527,2.53208292201382,87.3,48.6044724586726,0.930336643908444,1.0745250477521,0.909213501944086,2.35568952776422,0.665142612800842,4.33942807746041,0.95,1.84518546835846
24631,"Jay Idzes","Venezia","Serie A","IDN","DF",24,2000,"2024-2025",35,3127,89,91.4,35,89,0,0,0,34.7,32,0.43,3,20,0.09,0.07,0.33,1,0,1,0,0,3,0,1.8,1.8,0.12,0,0,20,1457,86,18,3,8,6,1,0,0.7,0.4,4,1483,211,80,1,3,105,0,0,0,0,34,0.74,31,45,29,51.5,5,71.4,77,32,52,156,50,113,0,24,17,4,33,33,3,7,57,41.3,16,0,0,0,26,48,31.7,52.3,0,0,24,0.69,15,9202,84,15,1166,1051,0,2078,12.3,26675,0,0,0,0,0,0,0,0,0,0,0,0,0,0,0.17268947873361,0.431723696834026,0.11512631915574,2.41765270227055,0.431723696834026,0.230252638311481,1.29517109050208,0.921010553245923,3.25231851614966,86,49.1146152010884,0.955759656513789,1.23787227658486,0.880264730015898,3.10843482786864,1.05713218104535,5.22657183446939,1,2.27682442275896
14710,"Jean-Charles Castelletto","Nantes","Ligue 1","CMR","DF",28,1995,"2023-2024",28,2464,88,80.5,28,88,0,0,0,27.4,10,0.37,6,60,0.22,0.2,0.33,2,0,2,0,0,2,0,0.6,0.6,0.06,1.4,1.4,9,1147,85.6,23,0,10,20,3,0,0.8,1.2,10,1267,71,24,1,2,47,0,0,0,0,26,1.04,15,34,26,62.1,6,42.9,66,32,19,81,33,138,0,22,10,2,29,22,2,7,51,61.4,11,0,0,0.02,25,45,29.4,45.7,0,0,25,0.91,24,7724,100,31,1004,1111,1,1560,12.1,20580,0,0,0,0,0,0,0,0,0,0,0,0,0,0,0.730519480519481,1.13230519480519,0.073051948051948,3.6525974025974,0.876623376623377,0.36525974025974,1.24188311688312,1.16883116883117,5.04058441558442,85.6,48.9809087179497,0.949089489073238,1.17865821289128,1.10932537683885,4.78396568761754,1.68134221954735,7.07194927734767,0.95,3.06972167102324
4323,"Jean-Clair Todibo","West Ham","Premier League","FRA","DF",24,1999,"2024-2025",27,1825,68,53.4,20,80,7,31,5,20.3,13,0.25,0,0,0,0,0,0,0,0,0,0,0,0,0.4,0.4,0.07,0,0,12,951,87.9,4,0,2,3,0,0,0,0.1,1,1046,33,28,0,4,5,0,0,0,0,9,1.37,14,47,28,72.2,7,43.8,73,26,25,83,16,79,1,30,15,2,36,11,0,11,28,51.9,10,0,0,0.59,30,33,26.6,29.4,0,0,5,0.25,9,5965,38,5,890,760,0,1297,12.8,16772,0,0,0,0,0,0,0,0,0,0,0,0,0,0,0.147945205479452,0.246575342465753,0.0986301369863014,1.87397260273973,0.443835616438356,0.0986301369863014,2.31780821917808,1.28219178082192,3.8958904109589,87.9,48.3751268376867,0.918934621657219,2.1299142189644,1.17825041900159,3.58006858081251,0.833684023122125,6.8882332187785,1,2.6878435748824
3753,"Jeffrey Gouweleeuw","Augsburg","Bundesliga","NED","DF",33,1991,"2024-2025",33,2944,89,96.2,33,89,0,0,0,32.7,15,0.52,4,23.5,0.12,0.06,0.25,1,4,5,0,1,1,0,1.7,0.9,0.05,0,0.1,19,1400,82.6,29,4,14,17,2,1.8,2.2,3,22,1582,106,89,3,2,0,0,0,0,0,32,1.3,19,50,28,67.5,5,41.7,85,35,34,183,22,141,1,25,21,4,40,42,2,6,62,63.9,13,0,0,2.74,34,46,33,46.6,0,0,34,1.04,24,12623,142,19,1234,1169,1,2061,19.8,29407,0,0,0,0,0,0,0,0,0,0,0,0,0,0,0.519701086956522,0.580842391304348,0.122282608695652,4.34103260869565,0.733695652173913,0.427989130434783,1.52853260869565,1.06997282608696,4.31046195652174,82.6,55.908297855111,1.28711102872824,1.96739117842292,1.37717382489604,5.54804312315264,1.8879431221008,8.8926081264716,0.7,3.6455596867818
24269,"Jhon Lucumí","Bologna","Serie A","COL","DF",26,1998,"2024-2025",32,2614,82,76.4,29,85,3,48,3,29,14,0.45,2,15.4,0.07,0,0,0,1,1,0,0,1,0,0.6,0.6,0.05,0,0,18,1859,91.1,31,0,8,4,0,0.6,0.4,0.7,0,1923,113,69,0,16,6,0,0,0,0,25,1.63,13,53,30,70.7,2,14.3,79,26,32,88,22,176,1,23,29,1,41,22,0,4,45,50,12,9,0.31,0.2,46,37,37.8,28.5,9.4,0.32,34,1.17,34,10917,108,7,1557,1464,0,2294,11,35721,0,0,0,0,0,0,7,1,0.6,0,0.1,0,0,8,0.137719969395562,0.241009946442234,0.0344299923488906,3.71843917368018,1.17061973986228,0.275439938791125,1.8247895944912,0.895179801071155,6.05967865340474,91.1,50.9361806800889,1.04677487640656,1.9101439022415,0.937051725627908,6.34311937348122,1.78039407959079,9.19031500135063,0.95,3.75035213224151
14714,"Joachim Andersen","Fulham","Premier League","DEN","DF",28,1996,"2024-2025",29,2583,89,75.5,29,89,0,0,2,28.7,28,0.66,4,21.1,0.14,0,0,0,0,0,0,0,1,1,1,1,0.05,0,0,9,1654,82.7,27,1,4,12,3,0,0.5,0.5,6,1891,102,81,0,35,9,0,0,0,0,28,1.45,6,27,18,62.5,0,0,61,34,37,188,18,122,0,20,6,1,24,22,0,3,70,64.2,9,1,0.03,0.14,43,42,39.5,35.8,3.7,0.13,35,1.23,16,14436,112,2,1621,1350,1,2336,15.1,36471,0,0,0,0,0,0,0,0,0,0,0,0,0,0,0.418118466898955,0.0696864111498258,0.0348432055749129,3.90243902439024,0.557491289198606,0.139372822299652,0.940766550522648,1.18466898954704,4.25087108013937,82.7,49.2435777075675,0.962196908636265,0.905202666661295,1.13988483949941,4.0901750123214,1.58705436140784,6.13526251848211,0.95,2.74810050010777
24088,"Johan Vásquez","Genoa","Serie A","MEX","DF",25,1998,"2024-2025",36,3041,84,88.9,34,88,2,23,0,33.8,31,1.07,8,22.2,0.24,0.08,0.38,3,0,3,0,0,1,0,2.4,2.4,0.07,0.6,0.6,28,1491,84.7,18,1,7,7,2,0,0.3,0.4,6,1661,96,70,0,4,7,0,0,0,0,32,1.08,24,56,31,59.1,2,28.6,106,50,59,150,31,122,1,24,27,5,44,46,1,5,93,55.4,18,0,0,0,29,43,32.4,41.5,0,0,25,0.74,37,8998,96,12,1387,1202,2,2190,16.4,28470,0,0,0,0,0,0,0,0,0,0,0,0,0,0,0.207168694508385,0.355146333442946,0.147977638934561,2.84117066754357,1.09503452811575,0.207168694508385,1.65734955606708,1.47977638934561,3.61065439000329,84.7,49.7736846045791,0.988684713186338,1.63859617048969,1.46303229508008,3.56979879999539,1.42995515238527,6.67142726556516,0.95,2.84811024062366
3451,"John Brooks","Hoffenheim","Bundesliga","USA","DF",30,1993,"2023-2024",21,1539,73,50.3,18,81,3,26,10,17.1,17,0.64,4,36.4,0.23,0.18,0.5,2,0,2,0,0,0,0,2.6,2.6,0.23,0,0,12,740,83,9,0,3,3,1,0,0.1,0.3,3,828,64,42,0,5,1,0,0,0,0,14,1.76,3,28,15,50,1,25,55,27,29,109,16,95,0,17,10,1,30,14,1,4,45,68.2,15,4,0.23,0.47,36,32,28.8,31.1,0,0,9,0.53,5,6266,61,1,615,564,0,1115,8,15150,0,0,0,0,0,0,0,0,0,0,0,0,0,0,0.175438596491228,0.0584795321637427,0.0584795321637427,3.5672514619883,0.292397660818713,0.175438596491228,1.6374269005848,1.57894736842105,5.55555555555556,83,54.0869850687588,1.20155152838576,1.96745279501762,1.89718662376699,6.67528626880978,1.38882773912737,10.5399256875944,0.85,3.97050880192926
10908,"Jon Martin","Real Sociedad","La Liga","ESP","DF",18,2006,"2024-2025",13,904,70,26.4,6,90,7,52,24,10,9,0.9,1,11.1,0.1,0,0,0,1,1,0,0,0,0,0.6,0.6,0.07,0,0,4,468,86.8,6,0,4,0,0,0.8,0.2,0.2,2,527,12,12,0,1,0,0,0,0,0,6,0.69,8,11,9,66.7,0,0,18,7,13,80,20,22,0,7,3,1,9,13,0,0,53,85.5,3,0,0,0,6,19,8.2,14.4,0,0,8,0.8,4,2975,34,0,432,375,0,677,10.2,9130,0,0,0,0,0,0,0,0,0,0,0,0,0,0,0,0,0.0995575221238938,3.38495575221239,0.398230088495575,0.398230088495575,1.09513274336283,0.696902654867257,2.19026548672566,86.8,49.8018675524909,0.990093701694315,1.08428403172276,0.689998929278118,2.16856806344551,1.4304582311374,3.94285102444639,1,2.04183859978887
10129,"Jon Pacheco","Real Sociedad","La Liga","ESP","DF",22,2001,"2023-2024",23,1526,66,44.6,16,87,7,20,13,17,6,0.35,3,50,0.18,0.17,0.33,1,1,2,0,0,0,0,1.1,1.1,0.18,0,0,11,1019,86.9,12,0,3,1,1,0.8,0.2,0.3,1,1113,54,44,1,13,2,0,0,0,0,14,1.7,8,25,15,63.6,0,0,35,10,17,53,29,49,0,21,4,0,22,10,1,2,57,63.3,8,3,0.18,0,19,16,17.6,19.1,0,0,14,0.83,9,5738,53,1,888,763,0,1311,8.2,20084,0,0,0,0,0,0,5,0,0.1,0,0,0,0,0,0.0589777195281782,0.0589777195281782,0,3.12581913499345,0.530799475753604,0.176933158584535,1.47444298820446,0.589777195281782,2.88990825688073,86.9,49.8018675524909,0.990093701694315,1.45983671612858,0.583934686451431,2.86127996361201,1.32061783025238,4.90505136619202,1,2.28666254195856
14552,"Jonathan Gradit","Lens","Ligue 1","FRA","DF",31,1992,"2024-2025",25,2112,84,69,24,87,1,15,4,23.5,12,0.68,4,25,0.17,0,0,0,0,0,0,0,0,0,0.8,0.8,0.05,0,0,15,1133,85.1,23,0,11,10,2,0,0.7,0.9,10,1290,38,37,2,7,1,0,0,0,0,19,1.52,11,44,23,57.5,5,55.6,69,25,27,122,29,73,0,22,19,3,40,22,0,3,64,59.3,17,0,0,0,27,29,34.1,32.4,1.7,0.07,25,1.07,18,8262,127,4,1086,865,0,1594,17.4,20473,0,0,0,0,0,0,0,0,0,0,0,0,0,0,0.426136363636364,0.170454545454545,0.127840909090909,5.41193181818182,0.767045454545455,0.46875,1.875,1.06534090909091,3.11079545454545,85.1,52.7892955860594,1.13856754291402,2.13481414296379,1.21296258122942,3.54185073718992,2.28211710135405,6.88962746138313,0.85,3.23483507895656
3452,"Jonathan Tah","Leverkusen","Bundesliga","GER","DF",28,1996,"2024-2025",33,2970,90,97.1,33,90,0,0,0,33,16,0.73,7,29.2,0.21,0.13,0.43,3,0,3,0,0,0,0,1.1,1.1,0.05,1.9,1.9,6,2145,92.9,25,0,4,6,3,0,0.4,1.9,6,2252,54,41,2,4,5,0,0,0,0,33,2,16,19,12,62.5,2,40,55,36,22,157,16,165,0,12,6,1,16,43,0,10,77,77,6,28,0.85,0,71,43,55.1,35.5,19.6,0.59,30,0.91,15,15060,169,9,1888,1551,0,2626,14,38573,0,0,0,0,0,0,10,0,0.2,0,0.6,2,0,2,0.181818181818182,0.272727272727273,0.0303030303030303,5.12121212121212,0.454545454545455,0.121212121212121,0.575757575757576,1.09090909090909,5,92.9,45.2903100494354,0.768773842264032,0.442627363727776,0.838662373378944,3.84386921132016,1.96654656374056,5.12515894842688,0.95,2.60706631002429
17845,"Jonny Evans","Manchester Utd","Premier League","NIR","DF",35,1988,"2023-2024",23,1392,61,40.7,15,85,8,15,3,15.5,18,0.06,0,0,0,0,0,0,1,1,0,0,0,0,0.1,0.1,0.06,0,0,7,729,87.6,11,0,6,0,0,0,1.2,0.3,3,778,51,18,1,0,3,0,0,0,0,9,1.65,5,22,14,57.1,2,28.6,45,23,25,76,17,70,0,20,2,0,21,8,0,3,36,66.7,9,0,0,0,21,24,18,27.4,0,0,11,0.71,7,3843,37,1,625,567,0,1005,5.4,11952,0,0,0,0,0,0,2,0,0,0,0,0,0,0,0,0.0646551724137931,0,2.39224137931034,0.452586206896552,0.387931034482759,1.42241379310345,1.48706896551724,4.52586206896552,87.6,50.5857290519287,1.02927808250729,1.46405934149744,1.53060749338369,4.6583706320373,1.10338498179242,7.65303746691843,0.5,2.9248652327925
4049,"Jordan Beyer","Burnley","Premier League","GER","DF",23,2000,"2023-2024",15,1234,82,36.1,15,82,0,0,0,13.7,15,0.36,0,0,0,0,0,0,1,1,0,0,0,0,0.5,0.5,0.1,0,0,7,766,89,10,0,3,0,0,0.7,0.3,0.2,1,840,19,14,1,5,4,0,0,0,0,10,0.73,5,35,20,58.3,2,28.6,51,16,22,68,11,57,0,22,12,1,24,8,0,1,28,51.9,10,0,0,0.5,14,23,10.7,20.5,0,0,10,0.73,9,3759,25,1,678,624,0,1022,8.2,14232,0,0,0,0,0,0,0,0,0,0,0,0,0,0,0,0.0729335494327391,0.0729335494327391,1.82333873581848,0.656401944894652,0.218800648298217,2.55267423014587,1.16693679092382,4.15721231766613,89,51.5330920349944,1.07650481482195,2.74796609942394,1.25621307402237,4.4752590762047,0.927339965489038,8.47943824965102,1,3.20376746109092
14554,"Jordan Lefort","Angers","Ligue 1","FRA","DF",30,1993,"2024-2025",34,3060,90,100,34,90,0,0,0,34,37,0.26,1,11.1,0.03,0,0,0,1,1,0,0,1,0,0.6,0.6,0.06,0,0,19,1446,82.7,23,0,10,12,4,0,1.1,1.2,11,1649,90,80,5,9,5,0,0,0,0,34,1.06,16,52,30,68.2,7,41.2,84,32,56,206,14,110,1,42,9,1,44,19,1,2,40,58.8,14,0,0,0,32,53,36,57.8,0,0,26,0.76,6,12926,89,13,1420,1196,0,2144,12.9,27893,0,0,0,0,0,0,0,0,0,0,0,0,0,0,0.352941176470588,0.382352941176471,0.0294117647058824,2.61764705882353,0.176470588235294,0.294117647058824,1.52941176470588,0.941176470588235,3.23529411764706,82.7,46.8297973268996,0.842804205378057,1.28899466704879,0.793227487414642,2.72671948798783,1.05573881866971,4.80894164245127,0.85,2.11767802020326
10713,"Jorge Herrando","Osasuna","La Liga","ESP","DF",23,2001,"2024-2025",18,1366,76,39.9,15,90,3,5,20,15.2,14,0.79,3,25,0.2,0.08,0.33,1,0,1,0,0,1,0,1.2,1.2,0.1,0,0,6,625,85.4,10,0,0,2,0,0,0,0.1,0,694,36,22,0,6,8,0,0,0,0,15,1.22,4,17,11,60,0,0,29,12,20,65,25,36,0,9,5,3,15,17,0,1,29,72.5,6,0,0,0,14,23,15.8,24.6,0,0,13,0.86,7,4279,38,1,585,505,0,871,11.2,11580,0,0,0,0,0,0,0,0,0,0,0,0,0,0,0.131771595900439,0.0658857979502196,0.197657393850659,2.50366032210835,0.461200585651537,0,1.12005856515373,0.790629575402635,2.37188872620791,85.4,48.3368806667147,0.917035176798145,1.02713310432003,0.725035132461198,2.17510539738359,1.02758586500324,3.92727363416482,1,1.87461643625074
10131,"Jorge Sáenz","Leganés","La Liga","ESP","DF",27,1996,"2024-2025",23,1690,73,49.4,19,83,4,30,12,18.8,17,0.43,3,37.5,0.16,0.13,0.33,1,0,1,0,0,1,1,1.3,1.3,0.16,0,0,9,752,83.7,8,0,2,0,0,0,0.1,0.3,1,863,33,28,0,7,2,0,0,0,0,14,1.22,6,37,23,55,2,28.6,62,25,26,161,30,58,1,18,18,1,20,12,1,1,41,51.9,9,0,0,0.36,14,19,15.5,24.3,0,0,10,0.53,5,5767,36,2,687,579,0,1181,8.9,14899,0,0,0,0,0,0,0,0,0,0,0,0,0,0,0,0.106508875739645,0.0532544378698225,1.91715976331361,0.266272189349112,0.106508875739645,1.97041420118343,1.33136094674556,3.0887573964497,83.7,46.8860532640288,0.845548702836152,1.66608117186058,1.12573052152742,2.61169480994362,0.78850395074972,5.40350650333162,0.95,2.21015353129937
15478,"Joseph Okumu","Reims","Ligue 1","KEN","DF",27,1997,"2024-2025",22,1695,77,55.4,20,83,2,21,2,18.8,21,0.64,2,16.7,0.11,0.08,0.5,1,0,1,0,0,2,0,1,1,0.08,0,0,12,883,81.5,24,1,4,5,1,0,0.1,0.4,4,1012,67,44,3,15,17,0,0,0,0,13,0.59,12,30,15,62.5,2,11.1,55,25,33,137,15,94,0,21,9,0,24,14,0,2,35,63.6,9,0,0,0,17,28,19.2,31.5,0,0,25,1.33,18,8117,116,1,819,710,0,1348,16.5,19248,0,0,0,0,0,0,0,0,0,0,0,0,0,0,0.265486725663717,0.0530973451327434,0,6.15929203539823,0.955752212389381,0.212389380530973,1.5929203539823,1.32743362831858,4.99115044247788,81.5,48.0266187828725,0.901649897399207,1.43625647373325,1.19688039477771,4.50027028436418,2.52927768278861,7.13340715287514,0.95,3.42323321897799
13908,"José Luis Palomino","Cagliari","Serie A","ARG","DF",34,1990,"2024-2025",18,1081,60,31.6,10,85,8,29,20,12,11,0.17,1,50,0.08,0.5,1,1,0,1,0,0,1,0,0.5,0.5,0.24,0.5,0.5,10,508,86.7,7,0,1,0,0,0,0,0.2,2,543,41,16,0,3,24,0,0,0,0,7,1.06,3,27,15,71.4,1,100,49,22,21,46,11,50,0,16,9,2,21,5,0,1,16,57.1,6,0,0,0.37,15,17,13.6,16.9,0,0,7,0.58,4,3667,35,1,422,384,0,707,4.6,9656,0,0,0,0,0,0,0,0,0,0,0,0,0,0,0,0.0832562442183164,0.166512488436633,2.91396854764107,0.333024976873265,0.0832562442183164,2.24791859389454,1.83163737280296,4.16281221091582,86.7,40.0690402440074,0.540601996795495,1.21522928049311,0.990186821142535,2.25042459350576,1.14946501088532,4.45584069514141,0.5,1.98323821289655
9101,"José María Giménez","Atlético Madrid","La Liga","URU","DF",29,1995,"2024-2025",27,1999,74,58.5,20,88,7,34,7,22.2,19,0.23,1,20,0.05,0,0,0,1,1,0,0,0,1,0.4,0.4,0.09,0,0,10,1250,91.8,7,0,2,0,0,0.8,0.2,0.3,0,1283,78,54,1,18,5,0,0,0,0,19,1.89,6,26,16,60.7,1,33.3,53,27,29,115,13,78,0,18,8,0,28,11,0,3,38,50.7,11,21,0.95,0,41,20,32.2,18.5,13.7,0.61,7,0.32,3,9603,64,1,1094,1006,0,1582,8.6,25411,0,0,0,0,0,0,8,1,0.4,0,0.1,1,0,1,0,0.0450225112556278,0,2.88144072036018,0.135067533766883,0.0900450225112556,1.17058529264632,1.21560780390195,3.51175587793897,91.8,50.6934097653023,1.03465660313819,1.21115380257297,1.25773664113347,3.63346140771891,1.07061061045599,6.10235185142534,0.85,2.52074979961
24637,"Joël Schingtienne","Venezia","Serie A","BEL","DF",21,2002,"2024-2025",16,1122,70,32.8,12,85,4,25,16,12.5,9,0,0,0,0,0,0,0,0,0,0,0,1,0,0,0,0,0,0,9,420,86.2,8,1,3,0,0,0,0.1,0.1,2,426,61,20,0,0,37,0,0,0,0,9,0.75,16,27,16,63.2,4,44.4,41,14,18,25,7,49,0,18,7,2,19,4,0,5,4,22.2,7,0,0,0,10,20,12.1,17.7,0,0,10,0.8,5,2235,28,4,320,299,0,611,0,6496,0,0,0,0,0,0,0,0,0,0,0,0,0,0,0,0.320855614973262,0.160427807486631,2.24598930481283,0.401069518716578,0.240641711229947,2.16577540106952,1.12299465240642,3.93048128342246,86.2,49.1146152010884,0.955759656513789,2.06996075341222,1.07331298325078,3.75659544137773,0.990158846233502,6.89986917804072,1,2.75222429190562
9958,"Juan Berrocal","Getafe","La Liga","ESP","DF",25,1999,"2024-2025",19,1063,56,31.1,11,80,8,23,14,11.8,3,0.34,0,0,0,0,0,0,0,0,0,0,1,0,0.4,0.4,0.09,0,0,3,287,76.1,4,1,1,0,0,0,0,0.1,2,358,19,17,0,3,0,0,0,0,0,6,0.95,3,14,7,71.4,0,0,29,15,6,59,17,35,1,10,4,0,14,8,0,0,30,63.8,4,0,0,0,7,12,10.5,14.9,0,0,6,0.51,1,2289,25,1,201,196,0,498,11,5950,0,0,0,0,0,0,0,0,0,0,0,0,0,0,0,0.0846660395108184,0,2.11665098777046,0.0846660395108184,0.0846660395108184,1.18532455315146,1.26999059266228,2.96331138287865,76.1,47.5943434118843,0.880293915445743,1.04343399196767,1.11796499139394,2.60858497991918,0.786930755182093,4.76998396328079,0.95,2.01186749105707
10322,"Juan Cruz Armada","Osasuna","La Liga","ESP","DF",32,1992,"2024-2025",25,1492,60,43.6,19,74,6,14,12,16.6,4,0.24,0,0,0,0,0,0,0,0,0,0,1,0,0.1,0.1,0.03,0,0,11,525,78,10,3,2,11,0,0,0,0.2,2,507,165,21,0,2,144,0,0,0,0,6,1.56,10,26,14,62.5,2,50,35,9,15,68,16,46,0,11,13,2,24,4,2,3,9,47.4,9,0,0,0.08,19,20,19.8,22.1,0,0,14,0.84,9,3966,53,12,391,337,2,819,16.3,8519,0,0,0,0,0,0,0,0,0,0,0,0,0,0,0.663538873994638,0.723860589812332,0.120643431635389,3.1970509383378,0.542895442359249,0.120643431635389,1.56836461126005,0.542895442359249,2.77479892761394,78,48.3368806667147,0.917035176798145,1.43824551857082,0.497854217966821,2.54458822516375,1.33246679803752,4.48068796170139,0.7,2.09519310772543
10912,"Juan Herzog","Las Palmas","La Liga","ESP","DF",21,2003,"2024-2025",19,1315,69,38.5,15,82,4,22,19,14.6,11,0.82,2,16.7,0.14,0,0,0,0,0,0,0,0,0,0.9,0.9,0.07,0,0,6,559,86.4,2,1,0,0,0,0,0,0,0,598,47,20,0,3,6,0,0,0,0,11,0.42,2,12,12,56.3,1,50,30,18,17,86,6,41,0,12,0,0,16,20,0,0,44,63.8,7,0,0,0,9,23,13.8,26.4,0,0,3,0.21,0,3151,27,1,472,376,0,812,10.7,10419,0,0,0,0,0,0,0,0,0,0,0,0,0,0,0,0.0684410646387833,0,1.84790874524715,0,0,0.821292775665399,1.2319391634981,2.80608365019011,86.4,51.2663047246138,1.06323076523608,0.873223746353587,1.30983561953038,2.98351446670809,0.638647009013981,5.16657383259205,1,2.09183095338321
22540,"Juan Jesus","Napoli","Serie A","BRA","DF",33,1991,"2024-2025",15,1074,72,31.4,12,87,3,8,18,11.9,3,0.25,0,0,0,0,0,0,1,1,0,0,0,0,0.3,0.3,0.11,0,0,12,764,89.6,9,0,1,0,0,1,0,0.1,2,800,51,40,1,0,3,0,0,0,0,10,2.13,4,25,14,60,0,0,34,9,15,42,14,30,0,16,9,0,20,3,0,1,24,60,8,9,0.75,0,21,12,15.4,9.9,5.5,0.46,9,0.75,3,4982,50,2,712,589,0,952,7.3,15673,0,0,1,0,0,0,0,0,0,0,0,0,0,0,0,0.167597765363128,0,4.18994413407821,0.251396648044693,0.0837988826815642,2.09497206703911,0.754189944134078,2.51396648044693,89.6,40.2772394326301,0.54885413670354,1.14983408527278,0.413940270698201,1.37980090232734,1.56188605049586,2.94357525829832,0.7,1.73742699768784
15253,"Jubal","Auxerre","Ligue 1","BRA","DF",30,1993,"2024-2025",30,2640,88,86.3,30,88,0,0,0,29.3,36,0.89,7,26.9,0.24,0.12,0.43,6,0,6,3,4,2,1,5.2,2,0.08,0.8,1,25,918,86.8,9,1,6,0,0,0,0.9,0.8,7,980,75,56,0,10,0,0,0,0,0,27,1.3,7,60,39,70,1,25,85,25,61,201,27,90,2,46,13,1,40,38,1,2,72,69.2,12,3,0.1,1.39,42,39,36.1,47.3,0,0,15,0.51,1,5601,33,3,797,698,0,1458,17.6,18586,0,0,0,0,0,0,0,0,0,0,0,0,0,0,0,0.102272727272727,0.0340909090909091,1.125,0.0340909090909091,0.204545454545455,2.04545454545455,0.852272727272727,3.06818181818182,86.8,50.4222427030777,1.02110899899689,2.08863204340273,0.870263351417804,3.13294806510409,0.462672318867616,6.09184345992463,0.85,2.26942196552443
4660,"Julian Chabot","Stuttgart","Bundesliga","GER","DF",26,1998,"2024-2025",31,2269,73,74.2,27,82,4,12,0,25.2,19,0.75,3,15.8,0.12,0.16,1,3,1,4,0,0,0,0,2,1.8,0.1,1,1.2,10,1749,89.9,21,1,6,2,0,0.5,0.5,0.8,5,1822,122,61,0,15,3,0,0,0,0,18,1.55,13,37,24,46.9,2,40,75,38,29,135,35,98,0,19,15,3,32,31,5,3,78,65,17,9,0.36,0.13,47,38,48.7,32.9,15.8,0.63,24,0.95,7,11888,108,5,1535,1354,2,2239,12,30560,0,0,0,0,0,0,8,0,0.4,0,0.3,2,1,12,0.0793301013662406,0.198325253415602,0.118995152049361,4.28382547377699,0.277655354781842,0.237990304098722,1.46760687527545,1.50727192595857,3.88717496694579,89.9,52.7557338140257,1.13692129397637,1.66855350768678,1.71364954843508,4.41941199333256,1.65021136986887,7.80161504945442,0.95,3.28046906278388
14862,"Julien Laporte","Lorient","Ligue 1","FRA","DF",29,1993,"2023-2024",23,1818,79,59.4,20,85,3,39,10,20.2,26,0.64,1,7.7,0.05,0,0,0,0,0,0,0,1,0,0.8,0.8,0.06,0,0,10,883,86.3,7,0,1,1,1,0,0,0.3,7,975,45,20,0,5,1,0,0,0,0,17,0.83,1,23,14,44.4,1,50,34,11,36,116,20,73,0,15,7,1,36,16,1,2,38,52.8,20,0,0,0,31,47,24.1,36.1,0,0,8,0.4,5,7085,56,3,819,876,1,1234,12.3,18687,0,0,0,0,0,0,0,0,0,0,0,0,0,0,0.0495049504950495,0.148514851485149,0.0495049504950495,2.77227722772277,0.247524752475248,0.0495049504950495,1.13861386138614,0.544554455445545,3.61386138613861,86.3,48.9205962711597,0.946082153688348,1.0772222541996,0.515193252008506,3.41900976332918,1.06019737317896,5.01142526953729,0.85,2.18380653013277
15254,"Julien Le Cardinal","Brest","Ligue 1","FRA","DF",26,1997,"2024-2025",16,1378,86,45,15,89,1,45,8,15.3,14,0.65,3,30,0.2,0,0,0,1,1,0,0,1,1,0.4,0.4,0.04,0,0,4,704,86.4,11,1,5,6,0,0.7,0.3,0.4,0,778,35,28,1,12,1,0,0,0,0,14,1.06,3,27,15,68.8,1,16.7,60,33,18,75,12,48,1,16,8,3,16,13,0,6,29,61.7,5,0,0,0,22,29,21.4,26.2,0,0,14,0.91,7,5467,39,1,658,539,0,994,11.6,14529,0,0,0,0,0,0,4,1,0.6,0,0,0,0,1,0.391872278664732,0.0653120464441219,0.195936139332366,2.54716981132075,0.457184325108853,0.32656023222061,1.76342525399129,2.15529753265602,3.13497822931785,86.4,50.7216457878015,1.03606663864949,1.82702607541238,2.23303186994847,3.24804635628868,1.13998439605113,7.30810430164952,0.95,2.92482504891531
5186,"Karol Mets","St Pauli","Bundesliga","EST","DF",31,1993,"2024-2025",10,900,90,29.4,10,90,0,0,0,10,3,0.3,0,0,0,0,0,0,0,0,0,0,1,0,0.1,0.1,0.04,0,0,6,526,83.4,8,0,3,3,1,0,0.2,0.4,3,589,41,15,0,5,4,0,0,0,0,10,0.8,4,13,8,57.1,1,100,25,12,9,60,7,35,0,6,7,0,7,8,0,0,24,70.6,3,0,0,0,7,12,8.2,13,0,0,9,0.9,5,3728,54,2,466,343,0,736,14.8,10181,0,0,0,0,0,0,0,0,0,0,0,0,0,0,0.3,0.2,0,5.4,0.5,0.3,1.3,1.2,3.5,83.4,56.366312218201,1.30798309441547,1.70037802274011,1.56957971329856,4.57794083045415,2.13297174181011,7.84789856649282,0.85,3.46095826667189
4206,"Keven Schlotterbeck","Augsburg","Bundesliga","GER","DF",27,1997,"2024-2025",18,1297,72,42.4,15,81,3,28,10,14.4,6,0.83,4,33.3,0.28,0.25,0.75,3,1,4,0,0,2,0,0.8,0.8,0.06,2.2,2.2,7,577,84.5,20,0,7,3,1,0.4,0.6,0.5,3,646,34,19,2,5,3,0,0,0,0,11,1.28,8,19,17,75,0,0,34,15,13,73,10,55,1,9,9,1,16,19,1,0,40,69,4,0,0,0.34,20,24,14.3,21,0,0,24,1.67,3,4463,59,2,510,424,0,845,12.7,11012,0,0,0,0,0,0,0,0,0,0,0,0,0,0,0.208172706245181,0.138781804163454,0.0693909020817271,4.0940632228219,0.208172706245181,0.485736314572089,1.31842713955281,1.04086353122591,3.81649961449499,84.5,55.908297855111,1.28711102872824,1.69696211189305,1.33970693044188,4.91225874495358,1.63511177199377,7.94892778728851,0.95,3.31322304498406
4060,"Kevin Akpoguma","Hoffenheim","Bundesliga","NGA","DF",28,1995,"2023-2024",17,1097,65,35.8,11,86,6,26,11,12.2,8,0.16,0,0,0,0,0,0,0,0,0,0,1,0,0.3,0.3,0.15,0,0,20,611,85.9,13,0,5,4,0,0,0.3,0.4,2,680,30,17,0,2,13,0,0,0,0,9,1.35,10,35,18,74.3,4,30.8,53,18,28,32,15,60,0,22,12,1,35,5,0,1,25,54.3,9,5,0.41,0.64,26,21,20.2,20.1,0.1,0.01,16,1.31,10,3879,55,9,564,483,2,861,6.8,10584,0,0,0,0,0,0,0,0,0,0,0,0,0,0,0.3281677301732,0.738377392889699,0.0820419325432999,4.5123062898815,0.820419325432999,0.4102096627165,2.8714676390155,1.4767547857794,4.92251595259799,85.9,54.0869850687588,1.20155152838576,3.45021633036932,1.77439696990422,5.91465656634741,1.97227860524754,11.1392698666209,0.95,4.4065924020853
3921,"Kevin Danso","Lens","Ligue 1","AUT","DF",25,1998,"2024-2025",12,1080,90,35.3,12,90,0,0,0,12,19,0.83,2,20,0.17,0,0,0,0,0,0,0,1,0,0.5,0.5,0.05,0,0,6,659,85.6,12,0,6,0,0,0,1,0.4,4,732,35,17,1,1,2,0,0,0,0,12,1.83,12,19,7,75,3,50,39,20,25,62,27,59,0,12,5,2,16,17,1,6,41,66.1,4,5,0.42,0.51,17,12,21.5,15.3,6.2,0.52,12,1,9,4233,52,1,551,489,0,946,13.4,12021,0,0,0,0,0,0,0,0,0,0,0,0,0,0,0,0.0833333333333333,0.166666666666667,4.33333333333333,0.75,0.5,1.58333333333333,1.66666666666667,4.91666666666667,85.6,52.7892955860594,1.13856754291402,1.8027319429472,1.89761257152337,5.59795708599393,1.91280127143177,9.2983016004645,0.95,3.83021098871206
2815,"Kevin Vogt","Union Berlin","Bundesliga","GER","DF",32,1991,"2024-2025",18,1367,76,44.7,16,82,2,29,5,15.2,8,0,0,0,0,0,0,1,0,1,1,1,1,0,0.8,0,0,0.2,0,8,790,88.1,15,2,2,0,0,0,0,0.3,8,828,67,38,0,3,2,0,0,0,0,10,1,5,12,8,61.5,1,20,21,9,16,75,10,90,0,7,5,0,13,2,0,2,14,51.9,5,0,0,0.02,12,19,14.6,18.8,0,0,17,1.12,11,7116,70,2,619,560,1,1030,0,16194,0,0,0,0,0,0,0,0,0,0,0,0,0,0,0,0.131675201170446,0,4.60863204096562,0.724213606437454,0.131675201170446,0.790051207022677,0.592538405267008,5.92538405267008,88.1,59.562811216817,1.44475321249754,1.14142901938357,0.856071764537679,8.56071764537679,1.887463709261,10.558218429298,0.7,4.15055101249381
24639,"Kialonda","Lecce","Serie A","ANG","DF",26,1997,"2024-2025",24,2144,89,62.7,24,89,0,0,5,23.8,28,0.67,0,0,0,0,0,0,1,1,0,0,1,0,1.1,1.1,0.07,0,0,16,801,86.5,12,0,6,3,0,0.6,0.4,0.7,0,883,41,35,0,5,4,0,0,0,0,23,0.92,14,34,12,70.6,2,20,66,32,44,132,9,58,0,24,10,0,17,32,0,1,90,67.2,5,0,0,0,14,36,23.2,34.7,0,0,15,0.63,4,5538,34,5,719,572,1,1229,10.7,17161,0,0,0,0,0,0,0,0,0,0,0,0,0,0,0.125932835820896,0.209888059701493,0,1.42723880597015,0.167910447761194,0.251865671641791,1.42723880597015,1.34328358208955,2.43470149253731,86.5,48.2692117153732,0.913675973819032,1.30403380591709,1.22732593498079,2.22452825715268,0.628534950342587,4.75588799805056,0.95,1.9546803795522
10541,"Kike Salas","Sevilla","La Liga","ESP","DF",21,2002,"2023-2024",23,1605,70,46.9,19,81,4,17,6,17.8,14,0.9,5,31.3,0.28,0.19,0.6,3,0,3,0,0,0,0,0.8,0.8,0.05,2.2,2.2,11,794,78.7,9,1,5,7,2,0,0.5,0.8,6,951,54,23,2,4,31,0,0,0,0,13,0.96,10,41,23,61.1,7,87.5,67,26,25,91,32,81,1,26,12,3,36,33,1,8,66,62.3,14,0,0,0,24,28,19.4,26.3,0,0,13,0.73,11,4857,61,16,751,584,1,1237,12,13465,0,0,0,0,0,0,2,0,0,0,0,1,1,4,0.392523364485981,0.897196261682243,0.168224299065421,3.42056074766355,0.616822429906542,0.280373831775701,2.29906542056075,1.45794392523364,4.54205607476636,78.7,46.3747108567725,0.820695050478459,1.88683161138038,1.19652736331439,3.72764293955637,1.48404340009643,6.81100191425114,1,2.91561793431391
4992,"Kim Min-Jae","Bayern Munich","Bundesliga","KOR","DF",27,1996,"2024-2025",27,2283,85,74.6,27,85,0,0,3,25.4,10,0.28,5,71.4,0.2,0.29,0.4,2,0,2,0,0,0,0,1.6,1.6,0.23,0.4,0.4,13,2340,92.5,24,0,6,0,0,0,0.3,0.9,2,2474,53,25,1,5,3,0,0,0,0,20,2.52,14,35,20,52.4,2,40,72,37,23,91,25,153,1,18,13,4,21,14,0,5,82,65.6,10,49,1.93,0,73,24,61.5,17.8,43.6,1.72,26,1.03,16,15291,181,5,2098,1644,1,2764,6,39041,0,0,1,0,0,0,13,1,0.6,0,0.4,3,1,12,0,0.197109067017083,0.157687253613666,7.1353482260184,0.630749014454665,0.236530880420499,1.37976346911958,1.45860709592641,6.03153745072273,92.5,52.4506416475989,1.12192250624528,1.54798768930032,1.63644412868891,6.76691761322712,2.75953344821885,9.95134943121635,0.95,4.37171820865244
4833,"Ko Itakura","Gladbach","Bundesliga","JPN","DF",27,1997,"2024-2025",31,2790,90,91.2,31,90,0,0,0,31,22,0.68,7,33.3,0.23,0.14,0.43,3,0,3,0,0,1,0,1.6,1.6,0.08,1.4,1.4,19,1617,89,17,0,7,9,4,0,0.8,1.5,8,1759,53,28,1,3,2,0,0,0,0,31,1.35,9,40,29,61.8,10,43.5,68,28,41,171,28,95,1,23,16,1,34,32,1,8,65,65,13,0,0,0.3,51,52,45.4,58.8,0,0,25,0.81,23,9848,69,5,1513,1326,0,2170,13.4,29287,0,0,0,0,0,0,0,0,0,0,0,0,0,0,0.290322580645161,0.161290322580645,0.032258064516129,2.2258064516129,0.741935483870968,0.225806451612903,1.29032258064516,0.903225806451613,3.06451612903226,89,53.5507807164667,1.17569690803522,1.51702826843254,1.06191978790278,3.60294213752729,1.09865530302157,6.18189019386261,0.95,2.57302917936741
24096,"Koni De Winter","Genoa","Serie A","BEL","DF",22,2002,"2024-2025",25,2135,85,62.4,23,90,2,33,2,23.7,7,0.55,7,53.8,0.3,0.23,0.43,3,0,3,0,0,2,0,2.1,2.1,0.16,0.9,0.9,4,1116,86.6,11,2,3,4,2,0,0.2,0.2,3,1182,104,52,0,3,50,0,0,0,0,23,1.2,17,33,19,68,11,64.7,58,25,11,118,43,114,1,21,8,4,25,34,1,8,74,68.5,8,0,0,0,23,33,24,29.6,0,0,15,0.63,10,6901,56,10,938,807,0,1551,8.8,20309,0,0,0,0,0,0,0,0,0,0,0,0,0,0,0.168618266978923,0.421545667447307,0.168618266978923,2.36065573770492,0.421545667447307,0.126463700234192,1.39110070257611,1.05386416861827,4.8056206088993,86.6,49.7736846045791,0.988684713186338,1.37535999913978,1.04193939328771,4.75124363339196,1.0024587410157,7.16854302581944,1,2.83814640415211
5189,"Konstantinos Koulierakis","Wolfsburg","Bundesliga","GRE","DF",20,2003,"2024-2025",30,2468,82,80.7,28,86,2,26,1,27.4,14,0.8,3,13.6,0.11,0,0,0,2,2,0,0,0,0,1,1,0.04,0,0,20,1292,83,24,2,10,13,4,1,1,0.8,12,1434,118,34,1,30,17,0,0,0,0,24,1.33,18,40,20,62.5,5,41.7,73,33,34,147,24,93,1,25,13,2,40,30,2,2,59,60.2,15,4,0.15,0.45,44,40,35.8,42.4,0,0,31,1.13,20,9632,104,8,1205,1049,0,1886,16.4,26360,0,0,0,0,0,0,0,0,0,0,0,0,0,0,0.474068071312804,0.291734197730956,0.0729335494327391,3.79254457050243,0.729335494327391,0.364667747163695,1.45867098865478,1.20340356564019,3.39141004862237,83,57.3135073641499,1.3502032247509,1.96950227273227,1.62483937500412,4.57909278410253,1.67769546666267,8.17343443183892,1,3.40610851621674
4508,"Konstantinos Mavropanos","West Ham","Premier League","GRE","DF",26,1997,"2024-2025",33,2045,62,59.8,21,85,12,22,3,22.7,18,0.79,5,27.8,0.22,0,0,0,0,0,0,0,0,0,1.5,1.5,0.09,0,0,7,1092,86.3,12,0,5,2,1,0,0.5,0.4,4,1203,58,39,1,24,15,0,0,0,0,17,1.15,12,35,24,59.3,5,29.4,75,40,25,126,17,77,1,24,10,1,27,24,3,0,57,69.5,11,0,0,0,22,38,25.9,36.7,0,0,16,0.7,17,7277,61,2,1008,864,1,1532,14.8,21548,0,0,0,0,0,0,0,0,0,0,0,0,0,0,0.0880195599022005,0.0880195599022005,0.0440097799511002,2.68459657701711,0.748166259168704,0.220048899755501,1.54034229828851,1.76039119804401,3.38875305623472,86.3,48.3751268376867,0.918934621657219,1.41547386710036,1.61768441954327,3.1140425076208,1.25766686122554,6.14720079426443,0.95,2.62352698276954
13531,"Kurt Zouma","West Ham","Premier League","FRA","DF",28,1994,"2023-2024",33,2838,86,83,32,88,1,31,1,31.5,28,0.51,7,43.8,0.22,0.19,0.43,3,0,3,0,0,1,0,1.8,1.8,0.12,1.2,1.2,10,962,83.8,11,0,4,0,0,0,0.2,0.1,1,1096,50,39,1,28,3,0,0,0,0,29,1.39,13,23,17,62.5,1,33.3,52,29,38,160,24,95,0,14,9,0,16,28,0,3,58,57.4,6,0,0,0.3,53,63,43.4,59.2,0,0,13,0.41,7,6791,53,1,873,794,1,1455,9.1,18843,0,0,0,0,0,0,0,0,0,0,0,0,0,0,0,0.0317124735729387,0,1.68076109936575,0.221987315010571,0.126849894291755,0.72938689217759,0.919661733615222,3.01268498942918,83.8,48.3751268376867,0.918934621657219,0.670258867804948,0.845109007232326,2.76846054093348,0.697370964496522,4.28382841597076,0.95,1.83789691058984
11097,"Ladislav Krejčí","Girona","La Liga","CZE","DF",25,1999,"2024-2025",28,2440,87,71.3,27,90,1,10,6,27.1,19,0.66,5,27.8,0.18,0.11,0.4,2,0,2,0,0,0,1,1.7,1.7,0.09,0.3,0.3,5,1924,90.1,25,1,8,11,2,0,0.3,0.8,12,2041,92,57,3,8,12,0,0,0,0,27,0.89,15,23,16,53.8,4,33.3,57,34,24,93,24,101,0,19,4,0,26,28,0,8,55,69.6,12,0,0,0,28,45,27.6,39.2,0,0,29,1.07,29,12417,144,6,1805,1523,1,2351,14.8,35129,0,0,0,0,0,0,7,0,0.1,0,0.1,0,2,4,0.405737704918033,0.221311475409836,0,5.31147540983607,1.06967213114754,0.295081967213115,0.848360655737705,1.25409836065574,3.72540983606557,90.1,40.3470931951425,0.55164032787385,0.467989950286422,0.691811230858189,2.05508630343168,2.30137103202676,3.21488748457629,0.95,2.16511465818359
23906,"Lautaro Valenti","Parma","Serie A","ARG","DF",25,1999,"2024-2025",20,1556,78,45.5,18,83,2,27,10,17.3,13,0.4,2,28.6,0.12,0.14,0.5,1,0,1,0,0,0,0,0.2,0.2,0.04,0.8,0.8,13,701,84.5,8,1,4,2,1,0,0.2,0.2,3,752,76,36,0,1,4,0,0,0,0,15,1,9,17,12,77.8,1,100,30,13,26,94,24,48,2,13,3,1,9,12,0,0,24,53.3,2,0,0,0.36,18,21,19.6,22.2,0,0,11,0.64,3,4181,28,3,629,556,1,1011,22.1,13631,0,0,0,0,0,0,0,0,0,0,0,0,0,0,0.115681233933162,0.173521850899743,0.057840616966581,1.61953727506427,0.173521850899743,0.231362467866324,0.983290488431877,0.751928020565553,2.77634961439589,84.5,47.3202602501418,0.8668090973429,0.852325140703494,0.65177804877326,2.40656510316281,0.690767489556548,3.91066829263956,0.95,1.72400748361449
8566,"Leandro Cabrera","Espanyol","La Liga","URU","DF",33,1991,"2024-2025",33,2869,87,83.9,32,88,1,45,0,31.9,25,0.6,6,31.6,0.19,0.21,0.67,4,2,6,0,0,1,0,1.1,1.1,0.06,2.9,2.9,10,1084,75.2,17,0,9,17,3,1.1,0.9,0.7,15,1274,157,58,1,16,12,0,0,0,0,30,1.06,9,40,23,57.6,1,50,70,30,35,199,24,83,1,29,8,3,33,33,0,1,77,64.7,14,0,0,0.82,36,41,29.7,43.5,0,0,21,0.66,9,10095,69,6,1009,833,0,1796,12.2,22270,0,0,0,0,0,0,0,0,0,0,0,0,0,0,0.533286859532938,0.188218891599861,0.0941094457999303,2.1645172533984,0.282328337399791,0.282328337399791,1.25479261066574,0.941094457999303,2.6036946671314,75.2,46.8958238241146,0.846025612852359,1.06158668744109,0.796190015580819,2.20279237644027,0.932822754233674,4.06056907946218,0.7,1.80649982553212
15083,"Leny Yoro","Manchester Utd","Premier League","FRA","DF",18,2005,"2024-2025",21,1165,55,34.1,12,78,9,26,0,12.9,3,0.39,1,20,0.08,0,0,0,0,0,0,0,0,0,0.7,0.7,0.15,0,0,2,708,92.4,6,0,2,1,1,0,0.1,0.2,5,745,20,9,2,1,7,0,0,0,0,5,0.81,3,29,11,68.4,2,50,47,18,5,43,9,46,1,19,9,1,19,13,1,4,16,50,6,0,0,0,17,24,18.1,19.4,0,0,9,0.7,19,3678,52,4,656,614,1,894,8.6,11513,0,0,0,0,0,0,0,0,0,0,0,0,0,0,0.0772532188841202,0.309012875536481,0.0772532188841202,4.01716738197425,1.46781115879828,0.15450643776824,2.24034334763948,1.39055793991416,3.55364806866953,92.4,50.5857290519287,1.02927808250729,2.30593630501633,1.43127081001014,3.65769207002591,1.95164616142444,7.39489918505237,1,3.29152822008549
5195,"Leo Skiri Østigård","Hoffenheim","Bundesliga","NOR","DF",24,1999,"2024-2025",11,927,84,30.3,11,84,0,0,0,10.3,9,0.49,0,0,0,0,0,0,0,0,0,0,1,1,0.3,0.3,0.06,0,0,8,484,83.9,9,0,3,2,1,0,0.1,0.3,3,549,27,12,0,1,0,0,0,0,0,10,0.91,1,9,7,66.7,1,33.3,18,9,17,111,19,44,0,5,4,0,6,12,1,1,60,65.2,2,0,0,0,15,22,11,15.4,0,0,9,0.87,0,3676,51,1,379,344,0,747,9.4,8829,0,0,0,0,0,0,0,0,0,0,0,0,0,0,0.194174757281553,0.0970873786407767,0,4.95145631067961,0,0.29126213592233,0.87378640776699,0.87378640776699,4.27184466019417,83.9,54.0869850687588,1.20155152838576,1.04989939373513,1.04989939373513,5.13284148048286,1.79934762512557,7.23264026795312,1,3.17343113043616
4212,"Leonardo Balerdi","Marseille","Ligue 1","ARG","DF",24,1999,"2023-2024",27,2271,84,74.2,26,87,1,21,3,25.2,15,0.55,4,28.6,0.16,0.14,0.5,2,0,2,0,0,0,0,0.9,0.9,0.06,1.1,1.1,23,1402,86.1,24,1,5,2,0,0,0.2,0.5,3,1560,64,51,0,14,4,1,0,0,0,21,1.44,17,79,50,73.1,6,33.3,130,51,38,91,25,167,0,55,23,1,67,18,1,10,57,61.3,18,9,0.36,0.13,39,30,39.4,25.8,13.6,0.54,27,1.07,19,9543,122,6,1271,1412,0,1936,17.4,26569,0,0,0,0,0,0,0,0,0,0,0,0,0,0,0.0792602377807133,0.23778071334214,0.0396301188903567,4.83487450462351,0.752972258916777,0.198150594451783,3.13077939233818,2.02113606340819,6.61822985468956,86.1,44.1906134514993,0.71743327561571,2.24612531467534,1.45003026643598,4.74813832342762,1.99588201048792,8.44429390453894,1,3.61774097555685
5196,"Leopold Querfeld","Union Berlin","Bundesliga","AUT","DF",20,2003,"2024-2025",27,1747,65,57.1,17,87,10,26,6,19.4,10,0.82,4,25,0.21,0.13,0.5,2,2,4,0,0,1,0,1.1,1.1,0.07,0.9,0.9,15,648,80.8,24,0,10,0,0,1,1,1.2,5,749,48,30,1,12,1,0,0,0,0,14,1.19,5,25,12,72.2,5,55.6,44,19,25,144,20,66,0,21,4,0,18,34,0,2,65,54.6,5,0,0,0,22,35,19.8,28.4,0,0,26,1.34,3,5754,49,5,574,531,0,1066,14.1,13517,0,0,0,0,0,0,0,0,0,0,0,0,0,0,0,0.257584430452204,0,2.5243274184316,0.154550658271322,0.515168860904408,1.28792215226102,0.978820835718374,3.40011448196909,80.8,59.562811216817,1.44475321249754,1.86072966692585,1.41415454686365,4.91232632068425,1.08263437903414,8.18721053447375,1,3.17001691195578
19452,"Levi Colwill","Chelsea","Premier League","ENG","DF",21,2003,"2024-2025",35,3149,90,92.1,35,90,0,0,2,35,25,0.49,4,23.5,0.11,0.12,0.5,2,1,3,0,0,1,0,1.9,1.9,0.11,0.1,0.1,12,2338,89.3,34,2,14,13,3,0,1.1,1.2,7,2418,197,91,3,7,7,0,0,0,0,34,1.77,14,47,34,66.7,5,41.7,80,33,37,118,45,121,1,25,19,3,27,36,5,8,82,60.7,9,15,0.43,0,56,41,57.8,43.6,14.2,0.41,38,1.09,14,14955,131,12,2092,1621,1,2904,9.5,42476,0,0,0,0,0,0,0,0,0,0,0,0,0,0,0.371546522705621,0.342966020959035,0.0857415052397587,3.74404572880279,0.400127024452207,0.400127024452207,1.34328358208955,0.943156557637345,3.45824071133693,89.3,44.9903988818818,0.754630131001595,1.01368226552453,0.711734356644883,2.60969264103124,1.55580296592506,4.33510926320065,1,2.21215396533022
18847,"Lewis Dunk","Brighton","Premier League","ENG","DF",32,1991,"2024-2025",25,2083,83,60.9,23,89,2,24,2,23.1,18,0.52,3,25,0.13,0,0,0,0,0,0,0,0,1,0.8,0.8,0.07,0,0,10,1778,91,17,0,6,5,0,0,0.5,1,6,1818,131,67,2,10,10,0,0,0,0,21,1.24,9,17,10,57.9,1,100,30,13,28,79,7,104,0,8,7,2,19,21,2,3,51,62.2,8,0,0,0,33,42,32.1,35.4,0,0,19,0.82,20,10612,142,3,1556,1341,0,2127,12.1,32940,0,0,0,0,0,0,0,0,0,0,0,0,0,0,0.216034565530485,0.129620739318291,0.086413826212194,6.13538166106577,0.86413826212194,0.259241478636582,0.734517522803649,0.561689870379261,4.49351896303409,91,51.1941051793327,1.05963441584314,0.778320046202595,0.595185917684337,4.7614873414747,2.5029443423357,6.13499330536163,0.7,3.07267572854277
14873,"Lilian Brassier","Rennes","Ligue 1","FRA","DF",24,1999,"2024-2025",14,1234,88,40.3,14,88,0,0,0,13.7,10,1.02,1,7.1,0.07,0.07,1,1,1,2,0,0,1,0,1.5,1.5,0.11,0,0,7,787,85.6,16,1,6,9,1,0.7,0.3,0.4,6,882,34,27,1,8,3,0,0,0,0,12,1.71,6,15,12,81.8,0,0,37,22,17,62,9,59,0,11,4,0,11,16,0,1,30,78.9,2,4,0.29,0.44,23,19,23.5,20.6,3,0.22,22,1.6,21,5588,75,11,778,630,1,1058,12.6,14802,0,0,0,0,0,0,0,0,0,0,0,0,0,0,0.656401944894652,0.80226904376013,0,5.47001620745543,1.53160453808752,0.437601296596434,1.09400324149109,1.60453808752026,4.3030794165316,85.6,48.6149533255604,0.930858163070457,1.01836184776752,1.49359737672569,4.0055566012189,2.56183666070463,6.51751582571211,1,3.26558941199549
19458,"Lisandro Martínez","Manchester Utd","Premier League","ARG","DF",26,1998,"2024-2025",20,1751,88,51.2,20,88,0,0,2,19.5,8,0.87,6,35.3,0.31,0.12,0.33,2,1,3,0,0,0,0,1.3,1.3,0.08,0.7,0.7,14,1200,89.4,23,0,9,9,2,0,1.1,1.3,18,1285,54,15,5,3,16,0,0,0,0,17,1.35,1,40,24,58.3,1,14.3,72,32,22,57,22,81,1,25,12,3,36,18,0,3,16,55.2,15,0,0,0.33,25,27,29.7,29.7,0,0,26,1.34,23,7055,117,7,1069,1017,2,1524,15.9,20292,0,0,0,0,0,0,0,0,0,0,0,0,0,0,0.462592804111936,0.359794403198172,0.154197601370645,6.01370645345517,1.18218161050828,0.462592804111936,2.05596801827527,1.64477441462022,4.16333523700742,89.4,50.5857290519287,1.02927808250729,2.11616281954668,1.69293025563735,4.28522970958204,2.63432768334301,8.09432278476607,0.95,3.76142790876702
11103,"Logan Costa","Villarreal","La Liga","CPV","DF",23,2001,"2024-2025",32,2587,81,75.6,28,87,4,36,3,28.7,14,0.42,5,41.7,0.17,0.17,0.4,2,1,3,0,0,2,0,0.7,0.7,0.05,1.3,1.3,11,1354,87.7,20,0,4,5,0,0.4,0.6,0.5,6,1450,94,43,1,18,8,0,0,0,0,25,1.94,7,38,21,82.8,2,100,59,21,25,115,19,104,0,25,12,1,29,12,2,0,46,55.4,5,12,0.42,0,52,40,50.1,34.9,15.2,0.53,22,0.76,25,9795,116,10,1209,1037,0,1785,15.9,26242,0,0,0,0,0,0,0,0,0,0,0,0,0,0,0.173946656358717,0.347893312717433,0.0347893312717433,4.03556242752223,0.869733281793583,0.139157325086973,1.32199458832625,0.73057595670661,3.61809045226131,87.7,46.3846793582683,0.821177494131129,1.08559220329666,0.599932533400786,2.9710944511277,1.74288284707643,4.65661918782515,1,2.38183889517812
23748,"Lorenzo Pirola","Salernitana","Serie A","ITA","DF",21,2002,"2023-2024",27,1987,74,58.1,24,79,3,27,1,22.1,30,0.68,4,26.7,0.18,0.07,0.25,1,0,1,0,0,2,0,0.9,0.9,0.06,0.1,0.1,16,868,83.5,5,0,1,2,0,0,0,0.1,1,980,59,36,0,3,10,0,0,0,0,16,0.44,5,39,23,53.6,4,66.7,64,25,46,93,33,81,2,25,14,0,28,21,1,5,58,62.4,13,0,0,0,17,49,18.5,42.3,0,0,9,0.41,13,5563,57,7,786,644,0,1280,13.8,14823,0,0,0,0,0,0,0,0,0,0,0,0,0,0,0.0905888273779567,0.317060895822849,0,2.58178158027177,0.588827377956719,0.0452944136889784,1.76648213387016,1.13236034222446,3.66884750880725,83.5,41.8777717068792,0.614834053249321,1.0860933703599,0.696213698948652,2.25573238459363,1.11320016668658,4.03803945390218,1,1.94019190284529
10725,"Loïc Bade","Sevilla","La Liga","FRA","DF",24,2000,"2024-2025",32,2686,84,78.5,31,86,1,21,1,29.8,13,0.44,4,30.8,0.13,0.08,0.25,1,1,2,0,0,1,0,0.6,0.6,0.05,0.4,0.4,9,1562,85.7,20,0,4,8,0,0.3,0.7,0.2,3,1752,62,48,1,18,6,0,0,0,0,29,1.06,17,47,27,74.2,2,9.1,76,29,22,162,26,138,0,37,10,0,31,20,0,8,65,68.4,8,0,0,0.19,31,40,32.6,37.5,0,0,23,0.77,11,11821,62,6,1463,1173,1,2135,15,31207,0,0,0,0,0,0,0,0,0,0,0,0,0,0,0.268056589724497,0.201042442293373,0,2.07743857036485,0.368577810871184,0.134028294862249,1.57483246463142,0.971705137751303,4.62397617274758,85.7,46.3747108567725,0.820695050478459,1.2924572090558,0.797473597076984,3.79487435850427,0.888224789858487,5.88480516463705,1,2.40643146533451
3468,"Luca Caldirola","Monza","Serie A","ITA","DF",32,1991,"2023-2024",29,2141,74,62.6,23,87,6,22,7,23.8,17,0.38,2,22.2,0.08,0.11,0.5,1,1,2,0,0,1,0,0.5,0.5,0.05,0.5,0.5,9,1247,90.8,13,0,5,4,1,0.4,0.6,0.2,1,1294,78,43,0,7,12,0,0,0,0,19,1.1,6,25,14,59.1,0,0,54,29,26,53,24,58,1,19,4,2,22,16,1,1,30,56.6,9,0,0,0,25,37,24.8,37.5,0,0,14,0.59,10,7803,56,9,1146,966,0,1546,10.8,23794,0,0,0,0,0,0,0,0,0,0,0,0,0,0,0.168145726296123,0.378327884166277,0.0840728631480617,2.35404016814573,0.420364315740308,0.210182157870154,1.05091078935077,1.21905651564689,2.43811303129379,90.8,38.4359714548621,0.478643039099137,0.503011134036926,0.583492915482834,1.16698583096567,1.02507898395835,2.25348988048543,0.7,1.31687855772897
24448,"Luca Marianucci","Empoli","Serie A","ITA","DF",20,2004,"2024-2025",18,1069,59,31.3,12,84,6,10,17,11.9,8,0.67,2,25,0.17,0,0,0,0,0,0,0,0,0,0.6,0.6,0.08,0,0,8,354,76.8,6,2,3,7,1,0,0.2,0.2,2,414,43,18,0,9,17,0,0,0,0,9,0.94,7,28,12,57.9,3,30,47,19,16,63,11,43,0,17,11,0,19,5,0,3,28,45.9,8,0,0,0,7,16,10,15.3,0,0,12,1.01,12,3116,28,3,311,299,0,609,18.6,7473,0,0,0,0,0,0,0,0,0,0,0,0,0,0,0.58933582787652,0.252572497661366,0,2.35734331150608,1.01028999064546,0.252572497661366,2.35734331150608,1.59962581852198,3.62020579981291,76.8,47.5695106977302,0.8790702543181,2.07227038436072,1.40618347510192,3.18241523312539,1.24665152341817,6.66086909258803,1,2.77372133714368
23439,"Luca Ranieri","Fiorentina","Serie A","ITA","DF",25,1999,"2024-2025",36,3071,85,89.8,35,86,1,45,0,34.1,32,0.32,5,45.5,0.15,0.09,0.2,1,3,4,0,0,1,0,1.1,1.1,0.11,0,0,15,1538,85.4,24,0,16,9,5,1.3,1.7,1.4,11,1669,116,77,0,8,8,0,0,0,0,28,1.78,10,42,24,80,9,47.4,70,28,47,154,25,95,0,28,12,2,25,16,1,3,48,46.2,5,22,0.64,1.42,58,36,45.8,37,8.8,0.26,28,0.82,25,10523,80,11,1404,1234,2,2124,16.2,28999,0,0,0,0,0,0,0,0,0,0,0,0,0,0,0.263757733637252,0.322370563334419,0.058612829697167,2.34451318788668,0.732660371214588,0.468902637577336,1.23086942364051,0.820579615760339,2.78410941061543,85.4,45.0621038720797,0.758002477888911,0.933002073077201,0.622001382051467,2.11036183196033,1.20994626889179,3.665365287089,0.95,1.85898809368342
15499,"Lucas Beraldo","Paris S-G","Ligue 1","BRA","DF",20,2003,"2024-2025",25,2011,80,65.7,22,88,3,27,8,22.3,8,0.54,4,33.3,0.18,0.08,0.25,1,0,1,0,0,1,0,0.9,0.9,0.07,0.1,0.1,8,2013,94.4,22,0,8,3,2,0,0.4,0.9,13,2072,55,29,1,9,25,0,0,0,0,19,2.52,10,38,31,62.2,0,0,59,21,16,63,22,115,0,30,8,0,37,15,1,2,45,68.2,14,36,1.61,0,61,25,58.6,22.1,36.5,1.63,22,0.98,9,12625,131,0,1847,1395,0,2314,14.2,35552,0,0,1,1,0,0,4,0,0.1,0,0,0,0,1,0.134261561412233,0,0,5.86275484833416,0.402784684236698,0.358030830432621,1.70064644455495,0.939830929885629,5.14669318746892,94.4,46.4233383370109,0.82304927687511,1.39971582641118,0.773527167227229,4.23598210624435,2.27624244997326,6.40922509988276,1,3.12766450995413
23916,"Lucas Martínez Quarta","Fiorentina","Serie A","ARG","DF",27,1996,"2023-2024",29,2291,79,67,26,86,3,19,5,25.5,14,0.94,7,29.2,0.27,0.21,0.71,5,1,6,0,0,0,0,2.7,2.7,0.11,2.3,2.3,24,1362,81.7,31,3,15,5,2,0,1.8,1.1,18,1609,50,47,2,28,3,0,0,0,0,21,1.69,21,75,47,66.7,13,46.4,105,30,38,69,41,141,0,43,28,4,54,41,1,7,49,47.1,18,12,0.47,0.23,42,30,35.1,31.6,3.5,0.14,39,1.53,23,11563,177,16,1294,1184,3,1966,10.2,27951,0,0,0,0,0,0,0,0,0,0,0,0,0,0,0.196420776953296,0.628546486250546,0.157136621562636,6.95329550414666,0.903535573985159,0.589262330859887,2.94631165429943,1.17852466171977,5.53906591008293,81.7,45.0621038720797,0.758002477888911,2.23331153459195,0.893324613836779,4.19862568503286,2.89930612535527,7.32526183346158,0.95,3.62900100018058
14576,"Lucas Perrin","Strasbourg","Ligue 1","FRA","DF",24,1998,"2023-2024",31,2723,88,89,30,90,1,24,3,30.3,32,0.4,3,25,0.1,0,0,0,1,1,0,0,2,1,0.6,0.6,0.05,0,0,13,1608,87.4,12,0,6,5,2,0.2,0.8,1.1,11,1693,143,84,4,9,14,0,0,0,0,29,1.06,15,47,30,60.9,4,40,75,28,45,113,34,134,0,33,14,0,46,24,1,4,48,58.5,18,0,0,0,33,44,38.7,39.7,0,0,14,0.46,17,12865,115,8,1445,1552,2,2122,18.2,33227,0,0,0,0,0,0,0,0,0,0,0,0,0,0,0.165258905618803,0.264414248990084,0,3.80095482923246,0.561880279103929,0.198310686742563,1.55343371281675,0.925449871465296,4.42893867058392,87.4,51.7603346577471,1.08779014806011,1.68980988846649,1.00669525270344,4.81775585222362,1.57135244627475,7.51426099339356,1,3.17021927652797
3927,"Lukas Klostermann","RB Leipzig","Bundesliga","GER","DF",28,1996,"2024-2025",28,1838,66,60.1,20,85,8,17,3,20.4,17,0.2,2,50,0.1,0.25,0.5,1,0,1,0,0,0,0,0.3,0.3,0.08,0.7,0.7,14,1071,88.4,14,2,2,11,1,0,0.1,0.7,7,1162,46,19,0,1,26,0,0,0,0,15,1.64,9,27,14,58.3,1,20,51,24,31,143,13,74,0,18,7,2,24,13,0,0,20,40,10,2,0.1,0,26,24,26.5,32.7,0,0,17,0.83,16,6021,83,26,988,752,1,1472,14.5,18474,0,0,0,0,0,0,3,0,0,0,0,0,0,0,0.538628944504897,1.27312295973885,0.0979325353645267,4.06420021762786,0.783460282916213,0.0979325353645267,1.32208922742111,1.17519042437432,3.62350380848749,88.4,63.6541220521949,1.59327582990726,2.10645281103082,1.87240249869406,5.77324103764002,1.70994937795442,9.75209634736489,0.95,3.88800865539124
19789,"Luke Woolfenden","Ipswich Town","Premier League","ENG","DF",25,1998,"2024-2025",15,1187,79,34.7,12,90,3,36,13,13.2,14,0.08,0,0,0,0,0,0,0,0,0,0,0,0,0,0,0.03,0,0,7,496,88.3,2,0,0,0,0,0,0,0,0,547,13,9,0,2,1,0,0,0,0,11,0.47,4,9,6,40,0,0,28,19,21,76,5,38,0,5,4,0,5,3,1,0,15,50,3,0,0,0,12,28,9.2,25.7,0,0,2,0.15,7,3071,15,0,442,368,0,694,12.9,9196,0,0,0,0,0,0,0,0,0,0,0,0,0,0,0,0,0,1.13732097725358,0.530749789385004,0,0.682392586352148,1.44060657118787,2.88121314237574,88.3,42.5226982067984,0.642632168810544,0.438527427747717,0.925780125245181,1.85156025049036,0.57984782943061,3.21586780348326,0.95,1.47499947281722
5201,"Lutsharel Geertruida","RB Leipzig","Bundesliga","NED","DF",24,2000,"2024-2025",24,1557,65,50.9,17,82,7,22,7,17.3,4,0.46,1,12.5,0.06,0.13,1,1,0,1,0,0,1,0,1.1,1.1,0.14,0,0,11,961,86.7,22,1,10,13,4,0,1,1.6,17,974,132,22,1,3,110,0,0,0,0,11,1.5,14,35,24,48.4,7,50,51,16,15,59,17,83,2,24,11,0,31,19,1,4,12,66.7,16,0,0,0,26,27,24.1,27.1,0,0,25,1.45,21,5823,93,34,839,642,3,1266,15.2,16254,0,0,0,0,0,0,8,0,0.1,0,0.7,6,0,8,0.751445086705202,1.96531791907514,0,5.3757225433526,1.21387283236994,0.578034682080925,2.02312138728324,0.92485549132948,4.79768786127168,86.7,63.6541220521949,1.59327582990726,3.22339040732683,1.47354990049226,7.64404010880362,2.45990775147787,12.3409804166227,1,4.97295722557796
14264,"Malang Sarr","Lens","Ligue 1","FRA","DF",25,1999,"2024-2025",21,1385,66,45.3,15,86,6,17,13,15.4,9,0.39,1,16.7,0.06,0,0,0,0,0,0,0,3,0,0.3,0.3,0.04,0,0,9,854,89.4,20,1,5,1,0,0,0.3,0.6,2,909,45,31,1,8,5,0,0,0,0,13,1.33,4,21,13,59.3,2,50,43,22,18,63,13,69,0,12,6,3,27,9,1,4,18,78.3,11,0,0,0,16,24,23.4,24.4,0,0,21,1.36,4,5632,54,1,754,665,1,1105,16.8,17516,0,0,0,0,0,0,0,0,0,0,0,0,0,0,0.0649819494584837,0.0649819494584837,0.194945848375451,3.50902527075812,0.259927797833935,0.324909747292419,1.36462093862816,1.42960288808664,4.48375451263538,89.4,52.7892955860594,1.13856754291402,1.55371310910289,1.6276994476316,5.10505735848091,1.40248814527569,8.2864699152154,0.95,3.32633623267489
4365,"Malick Thiaw","Milan","Serie A","GER","DF",22,2001,"2024-2025",22,1806,82,52.8,19,89,3,40,12,20.1,12,0.35,0,0,0,0,0,0,0,0,0,0,0,3,0.6,0.6,0.08,0,0,2,1181,93.1,19,0,4,3,0,0,0.1,0.2,1,1213,51,34,2,6,2,0,0,0,0,18,1.68,8,24,17,60,1,25,39,15,14,76,24,65,0,15,6,3,10,15,1,2,49,64.5,4,6,0.3,0,29,23,35.8,20.6,15.2,0.76,21,1.05,12,7754,89,1,1044,905,0,1432,9.4,23117,0,0,0,0,0,0,5,1,0.6,1,0.6,1,1,5,0.149501661129568,0.0498338870431894,0.149501661129568,4.43521594684385,0.598006644518272,0.199335548172757,1.19601328903654,0.747508305647841,3.23920265780731,93.1,35.8263702870095,0.390150638784164,0.466625348711957,0.291640842944973,1.26377698609488,1.80358016690025,2.02204317775181,1,1.62114502008564
15279,"Mamadou Sarr","Strasbourg","Ligue 1","FRA","DF",18,2005,"2024-2025",27,2365,88,77.3,27,88,0,0,2,26.3,20,0.19,0,0,0,0,0,0,1,1,0,0,1,0,0.8,0.8,0.16,0,0,6,1593,93.8,10,0,5,1,1,0.7,0.3,0.3,1,1612,86,57,0,2,4,0,0,0,0,24,1.85,16,37,21,66.7,9,47.4,62,25,26,117,29,98,0,24,11,2,24,12,0,10,30,50.8,8,15,0.57,0.96,43,28,39,40.8,0,0,12,0.46,7,9910,52,1,1464,1241,1,1953,6.7,29195,0,0,0,0,0,0,0,0,0,0,0,0,0,0,0.0380549682875264,0.0380549682875264,0.0761099365750529,1.97885835095137,0.266384778012685,0.190274841437632,1.40803382663848,0.951374207188161,3.72938689217759,93.8,51.7603346577471,1.08779014806011,1.53164532475271,1.03489548969778,4.05679031961529,0.835203665469771,6.62333113406579,1,2.61488080640764
4073,"Manuel Akanji","Manchester City","Premier League","SUI","DF",29,1995,"2024-2025",26,2014,77,58.9,23,86,3,12,2,22.4,8,0.67,2,13.3,0.09,0,0,0,0,0,0,0,0,0,1.6,1.6,0.1,0,0,3,1632,93.6,37,0,9,11,2,0,0.4,1.3,11,1707,36,18,4,10,10,0,0,0,0,20,2.04,5,19,12,64.7,0,0,28,9,11,64,17,103,0,12,4,3,17,19,0,5,30,47.6,6,18,0.8,0.16,46,28,43.7,29.1,14.6,0.65,37,1.65,46,7578,158,7,1483,1254,0,1881,14.7,27046,0,0,0,0,0,0,8,0,0.3,1,1,4,2,13,0.491559086395233,0.312810327706058,0.134061569016882,7.06057596822244,2.05561072492552,0.402184707050645,0.849056603773585,0.402184707050645,4.60278053624628,93.6,43.7763532889529,0.698487670245319,0.593055569076214,0.280921059036101,3.21498545341316,3.28524049322744,4.08896208152548,0.85,2.80438482174862
2972,"Manuel Gulde","Freiburg","Bundesliga","GER","DF",32,1991,"2023-2024",27,2047,76,66.9,23,85,4,25,5,22.7,14,0.53,1,8.3,0.04,0.08,1,1,0,1,0,0,0,0,1.1,1.1,0.09,0,0,10,942,86,11,1,3,3,1,0,0.1,0.5,6,1031,62,39,0,6,4,0,0,0,0,18,1.26,13,37,23,73.9,2,50,62,25,24,82,17,78,0,23,13,1,23,17,1,2,49,59.8,6,0,0,0.23,33,40,33.7,32.6,1,0.04,13,0.57,10,5437,74,3,818,616,0,1304,11.3,17496,0,0,0,0,0,0,0,0,0,0,0,0,0,0,0.13190034196385,0.13190034196385,0.0439667806546165,3.25354176844162,0.439667806546165,0.13190034196385,1.62677088422081,1.09916951636541,3.42940889106009,86,53.4829516230885,1.17240819852069,1.90723952177523,1.28867535255083,4.02066709995859,1.31906690602709,7.21658197428466,0.7,2.91860135469623
11113,"Marash Kumbulla","Espanyol","La Liga","ALB","DF",24,2000,"2024-2025",35,2972,85,86.9,34,87,1,27,0,33,35,0.48,5,31.3,0.15,0.19,0.6,3,0,3,0,0,0,1,1.8,1.8,0.11,1.2,1.2,13,1189,84.5,11,0,1,6,2,0,0,0.3,4,1350,52,34,0,7,2,0,0,0,0,29,1.11,14,51,26,58.5,2,25,85,34,48,224,37,74,0,35,14,2,41,24,0,1,71,61.7,17,0,0,0,35,45,29.9,48,0,0,16,0.48,11,8594,71,3,1155,998,0,1845,11.4,23425,0,0,0,0,0,0,0,0,0,0,0,0,0,0,0.181695827725437,0.0908479138627187,0.0605652759084791,2.15006729475101,0.333109017496635,0.0302826379542396,1.54441453566622,1.02960969044415,2.24091520861373,84.5,46.8958238241146,0.846025612852359,1.3066142540351,0.871076169356736,1.8958716627176,0.869463330741893,4.07356208610944,1,1.85435395812959
3931,"Marc Bartra","Betis","La Liga","ESP","DF",33,1991,"2024-2025",25,2099,84,61.4,23,89,2,29,6,23.3,25,0.77,5,27.8,0.21,0.11,0.4,2,1,3,0,0,1,0,1.2,1.2,0.07,0.8,0.8,16,945,81.3,10,0,4,1,1,0.8,0.2,0.3,5,1093,63,50,3,19,5,0,0,0,0,19,1.72,12,33,19,57.7,8,53.3,66,33,41,148,15,88,0,20,13,0,26,18,2,5,50,54.3,11,12,0.51,0.86,41,29,34,30.7,3.3,0.14,13,0.56,7,6573,68,1,903,804,1,1483,20.8,19271,0,0,0,0,0,0,0,0,0,0,0,0,0,0,0.0428775607432111,0.0428775607432111,0,2.91567413053835,0.300142925202477,0.171510242972844,1.41495950452596,1.41495950452596,3.77322534540257,81.3,51.2638455522005,1.06310829726839,1.50425518956032,1.50425518956032,4.01134717216086,1.16517671163184,7.01985755128151,0.7,2.79332795003719
18934,"Marc Guéhi","Crystal Palace","Premier League","ENG","DF",24,2000,"2024-2025",34,3059,90,89.4,34,90,0,0,0,34,23,0.44,7,46.7,0.21,0.2,0.43,3,2,5,0,0,0,3,2,2,0.13,1,1,32,1473,83.5,36,0,16,13,3,0.2,1.8,2,11,1664,95,76,7,14,6,0,0,0,0,33,1.35,16,61,34,66,2,13.3,89,28,55,163,24,146,2,36,23,2,47,39,1,18,68,54,16,0,0,0,42,42,53.2,40.6,12.5,0.37,44,1.29,22,11512,134,10,1330,1142,1,2131,10.7,28093,0,0,0,0,0,0,0,0,0,0,0,0,0,0,0.382477933965348,0.29421379535796,0.058842759071592,3.94246485779667,0.647270349787512,0.470742072572736,1.79470415168356,0.823798627002288,4.29552141222622,83.5,55.994995941782,1.29108362583444,2.31711314345573,1.06359291830755,5.5458773597465,1.73271235320292,8.92658342150978,1,3.6545599677341
3353,"Marc-Oliver Kempf","Como","Serie A","GER","DF",29,1995,"2024-2025",31,2615,84,76.5,30,86,1,22,1,29.1,26,0.69,4,20,0.14,0,0,0,0,0,0,0,0,0,1.6,1.6,0.08,0,0,9,1498,87.2,29,0,10,4,1,0,1.2,1.2,9,1582,127,59,3,14,12,0,0,0,0,26,1.52,12,30,20,54.2,1,20,63,33,35,136,21,106,0,15,14,1,24,26,0,5,108,73.5,11,9,0.31,1.65,44,35,36.9,31.9,5,0.17,34,1.17,17,9892,85,4,1313,1136,1,2010,10.8,26411,0,0,0,0,0,0,0,0,0,0,0,0,0,0,0.137667304015296,0.137667304015296,0.0344168260038241,2.92543021032505,0.58508604206501,0.344168260038241,1.03250478011472,1.13575525812619,3.64818355640535,87.2,43.454044449978,0.683909376052766,0.706139699939758,0.776753669933734,2.49502693978715,1.32105080513596,3.97792030966064,0.85,1.97899641495258
3935,"Marco Friedl","Werder Bremen","Bundesliga","AUT","DF",26,1998,"2024-2025",26,2161,83,70.6,25,86,1,9,0,24,24,0.17,3,75,0.12,0,0,0,0,0,0,0,0,2,0.5,0.5,0.11,0,0,17,1324,90.2,9,2,3,2,1,0,0.2,0.4,5,1397,68,57,0,4,4,0,0,0,0,20,1.69,12,62,42,57.6,2,25,96,34,41,130,26,141,0,35,26,1,66,5,3,7,46,51.7,28,12,0.5,2,38,26,34.7,27.6,7.1,0.3,13,0.54,4,9623,69,1,1101,1069,0,1769,14.1,27567,0,0,0,0,0,0,0,0,0,0,0,0,0,0,0.0832947709393799,0.04164738546969,0.04164738546969,2.87366959740861,0.16658954187876,0.12494215640907,2.58213789912078,1.41601110596946,5.87228135122628,90.2,54.8739265390465,1.23898403234418,3.19922762632139,1.75441514991818,7.27566282760187,1.08957358125619,12.2293056038414,0.95,4.38482111365491
4372,"Marin Pongračić","Fiorentina","Serie A","CRO","DF",26,1997,"2024-2025",20,1367,68,40,14,84,6,31,8,15.2,6,0.13,1,50,0.07,0,0,0,0,0,0,0,0,1,0.2,0.2,0.09,0,0,8,691,89.2,10,2,5,1,0,0,0.2,0.3,3,717,58,49,1,5,6,1,0,0,0,8,1.8,10,18,13,63.6,4,28.6,30,12,14,69,26,73,0,13,4,1,11,6,0,7,25,69.4,4,8,0.53,0.04,25,17,15.6,19.4,0,0,12,0.79,7,4692,34,5,585,560,1,922,17.7,13999,0,0,0,0,0,0,0,0,0,0,0,0,0,0,0.0658376005852231,0.329188002926116,0.0658376005852231,2.23847841989759,0.460863204096562,0.329188002926116,1.18507681053402,0.790051207022677,4.80614484272129,89.2,45.0621038720797,0.758002477888911,0.898291158873472,0.598860772582314,3.64306969987575,1.03538853274842,5.14022163133153,0.95,2.23542190249883
24658,"Marin Šverko","Venezia","Serie A","CRO","DF",26,1998,"2024-2025",16,1117,70,32.7,12,85,4,24,11,12.4,5,0.24,1,33.3,0.08,0.33,1,1,0,1,0,0,1,0,0.3,0.3,0.11,0.7,0.7,5,495,82.2,9,2,2,2,0,0,0.3,0.3,5,471,128,35,2,2,63,0,0,0,0,7,0.81,8,20,9,83.3,2,20,36,16,10,45,9,44,1,14,6,0,12,3,0,4,20,50,2,0,0,0.1,12,19,11.8,23.6,0,0,13,1.05,8,3962,38,1,388,356,0,711,17.2,8857,0,0,0,0,0,0,0,0,0,0,0,0,0,0,0.161145926589078,0.0805729632945389,0,3.06177260519248,0.644583706356312,0.161145926589078,1.61145926589078,1.28916741271262,3.54521038495971,82.2,49.1146152010884,0.955759656513789,1.54016775445373,1.23213420356299,3.38836905979821,1.333751265165,6.16067101781493,0.95,2.65390181141048
10564,"Mario Gila","Lazio","Serie A","ESP","DF",23,2000,"2024-2025",32,2741,86,80.1,31,88,1,21,2,30.5,13,0.49,4,26.7,0.13,0.07,0.25,1,0,1,0,0,0,1,1.1,1.1,0.07,0,0,7,1877,91.6,34,1,15,6,1,0,0.6,1,9,1956,89,55,4,20,7,0,0,0,0,28,1.81,17,55,37,66.1,8,53.3,83,28,20,115,32,153,1,35,18,2,56,28,0,7,66,51.6,19,14,0.46,0.72,49,35,46.4,29.7,16.7,0.55,38,1.25,48,12033,157,12,1673,1477,0,2339,16.7,36948,0,0,0,0,0,0,0,0,0,0,0,0,0,0,0.197008391098139,0.394016782196279,0.0656694636993798,5.15505290040131,1.57606712878511,0.492520977745348,1.80591025173294,0.919372491791317,5.02371397300255,91.6,44.714770051927,0.741722883753554,1.33948495971547,0.681919615855146,3.72620361520848,2.4852427269018,5.74760819077909,1,3.00997954799445
15713,"Mark Mckenzie","Toulouse","Ligue 1","USA","DF",25,1999,"2024-2025",30,2496,83,81.6,29,85,1,21,1,27.7,18,0.29,2,25,0.07,0.13,0.5,1,1,2,0,0,1,0,1.4,1.4,0.17,0,0,13,1167,86.1,12,0,4,1,0,0.5,0.5,0.2,0,1243,113,29,0,6,70,0,0,0,0,26,1.23,13,52,31,73.3,5,55.6,74,22,31,141,30,128,0,31,20,1,45,15,1,7,44,56.4,12,3,0.11,0.43,39,36,40.8,29.3,11.6,0.42,14,0.5,10,8135,97,5,969,878,1,1648,11.2,21104,0,0,0,0,0,0,0,0,0,0,0,0,0,0,0.0360576923076923,0.180288461538462,0.0360576923076923,3.49759615384615,0.360576923076923,0.144230769230769,1.875,0.793269230769231,4.61538461538461,86.1,48.7608592055531,0.938122116379821,1.75897896821216,0.744183409628223,4.32979438329148,1.37930898276879,6.83295676113187,0.95,2.87771062144708
5213,"Marko Ivezić","Holstein Kiel","Bundesliga","SRB","DF",22,2001,"2024-2025",23,1657,72,54.2,18,85,5,25,10,18.4,13,0.38,0,0,0,0,0,0,0,0,0,0,0,0,0.6,0.6,0.08,0,0,12,803,86,10,0,4,1,0,0,0.2,0.3,2,906,27,22,1,2,3,0,0,0,0,15,0.7,17,29,19,35.7,2,28.6,56,27,25,103,27,71,1,20,6,3,42,14,1,7,34,53.1,27,0,0,0.33,26,40,21,31.2,0,0,12,0.65,3,5455,40,9,746,596,0,1176,13.4,15522,0,0,0,0,0,0,0,0,0,0,0,0,0,0,0.0543150271575136,0.488835244417622,0.162945081472541,2.17260108630054,0.162945081472541,0.217260108630054,1.57513578756789,1.46650573325287,3.85636692818346,86,47.6065806255158,0.880897052541697,1.3875324726215,1.29184057795795,3.39706226055609,0.87392149072376,6.07643531113554,1,2.45849918963017
13780,"Marquinhos","Paris S-G","Ligue 1","BRA","DF",29,1994,"2023-2024",21,1537,73,50.2,18,83,3,16,3,17.1,19,0.23,0,0,0,0,0,0,1,1,0,0,0,0,0.4,0.4,0.11,0,0,10,1706,94.4,13,0,9,0,0,0.5,0.5,0.7,5,1757,47,22,4,3,21,0,0,0,0,12,2.33,8,19,11,64.7,0,0,36,17,29,58,3,96,0,10,7,2,17,9,2,2,24,52.2,6,28,1.64,0.46,42,14,37.3,19,18.3,1.07,13,0.76,18,9264,114,3,1590,1658,0,1957,6.5,31879,0,0,1,0,0,0,10,0,0.4,2,0.5,5,1,6,0,0.175666883539362,0.117111255692908,6.67534157449577,1.05400130123617,0.527000650618087,1.11255692908263,0.99544567338972,5.6213402732596,94.4,46.4233383370109,0.82304927687511,0.91568917596385,0.819300841651866,4.62664004697524,2.83736399114893,6.36163006459096,0.85,3.30783461583686
22926,"Martin Erlic","Sassuolo","Serie A","CRO","DF",25,1998,"2023-2024",32,2618,82,76.5,31,83,1,45,3,29.1,16,0.28,3,37.5,0.1,0.13,0.33,1,0,1,0,0,2,0,1,1,0.12,0,0,15,972,80.1,8,1,0,5,0,0,0,0.4,6,1144,68,53,0,13,7,0,0,0,0,22,0.91,10,37,22,66.7,2,33.3,65,28,31,128,30,110,0,26,8,3,30,15,0,0,55,53.4,10,0,0,2.27,38,47,32.6,41.5,0,0,12,0.41,19,7045,78,11,824,690,1,1476,10.2,19654,0,0,0,0,0,0,0,0,0,0,0,0,0,0,0.171886936592819,0.378151260504202,0.103132161955691,2.68143621084798,0.653170359052712,0,1.27196333078686,0.962566844919786,3.78151260504202,80.1,43.6626401630044,0.693327796319831,0.881887533134086,0.667374349398768,2.62182780120944,1.15658496089697,4.1710896837423,0.95,1.98406088948148
10164,"Martin Valjent","Mallorca","La Liga","SVK","DF",28,1995,"2024-2025",31,2763,89,80.8,31,89,0,0,6,30.7,21,0.39,5,41.7,0.16,0.25,0.6,3,0,3,0,0,0,0,0.8,0.8,0.07,2.2,2.2,11,1195,85.9,20,0,4,11,0,0,0.1,0.5,4,1294,92,42,1,4,49,0,0,0,0,29,1.32,13,30,21,60,1,10,48,18,32,195,15,102,0,22,7,1,25,16,0,1,49,54.4,10,0,0,0,30,38,30.7,39.4,0,0,26,0.85,23,8493,91,17,1049,948,1,1723,13.1,22418,0,0,0,0,0,0,0,0,0,0,0,0,0,0,0.358306188925081,0.553745928338762,0.0325732899022801,2.96416938110749,0.749185667752443,0.130293159609121,0.977198697068404,0.586319218241042,3.32247557003257,85.9,40.2272057487303,0.546863877179616,0.534394668253696,0.320636800952218,1.81694187206257,1.32749898657718,2.67197334126848,0.95,1.60849159701142
3607,"Marvin Friedrich","Gladbach","Bundesliga","GER","DF",28,1995,"2024-2025",22,989,45,32.3,9,90,13,14,9,11,12,0.64,2,28.6,0.18,0,0,0,1,1,0,0,0,0,0.4,0.4,0.06,0,0,4,624,88.4,8,0,3,0,0,0.4,0.6,0.5,1,686,19,10,0,0,1,0,0,0,0,9,1.73,5,15,9,56.3,0,0,20,5,16,57,5,42,0,12,3,0,16,17,0,3,34,64.2,7,3,0.27,0.49,18,15,18.3,17.9,0.4,0.04,9,0.82,11,3760,36,3,583,502,0,822,9.9,10906,0,0,0,0,0,0,0,0,0,0,0,0,0,0,0,0.273003033367037,0,3.27603640040445,1.0010111223458,0.273003033367037,1.36501516683519,0.455005055611729,3.82204246713852,88.4,53.5507807164667,1.17569690803522,1.60484411106931,0.534948037023103,4.49356351099407,1.56707087675595,6.63335565908648,0.95,2.89523504842832
4690,"Matej Maglica","Darmstadt 98","Bundesliga","CRO","DF",24,1998,"2023-2024",26,1698,65,55.5,21,78,5,13,1,18.9,11,0.53,2,20,0.11,0.1,0.5,1,0,1,0,0,1,0,0.6,0.6,0.06,0.4,0.4,18,759,76,18,1,9,7,0,0,0.7,1,5,955,41,37,1,8,4,0,0,0,0,13,0.58,8,35,21,61.1,3,75,57,22,29,92,31,85,1,25,10,0,36,13,1,6,51,68,14,0,0,0.72,16,41,19.8,35,0,0,21,1.11,11,5811,62,5,739,626,1,1220,20.8,15428,0,0,0,0,0,0,0,0,0,0,0,0,0,0,0.371024734982332,0.265017667844523,0,3.28621908127208,0.583038869257951,0.477031802120141,1.85512367491166,1.1660777385159,4.50530035335689,76,49.2961191761009,0.964820482296835,1.78986131874855,1.12505568607051,4.3468060598179,1.48520819612818,7.26172306463696,1,3.04860019784236
15281,"Mateusz Wieteska","Cagliari","Serie A","POL","DF",26,1997,"2023-2024",19,965,51,28.2,10,84,9,14,16,10.7,5,0.37,0,0,0,0,0,0,1,1,0,0,0,0,0.3,0.3,0.08,0,0,5,374,81,8,0,5,4,1,0.4,0.6,0.3,5,432,30,11,1,1,19,0,0,0,0,7,0.84,5,14,11,30,2,40,28,14,10,48,12,47,1,9,3,2,10,7,0,3,27,60,7,0,0,0,8,20,10.4,17.9,0,0,9,0.84,16,3331,33,1,340,300,0,561,9.8,7391,0,0,0,0,0,0,0,0,0,0,0,0,0,0,0.373056994818653,0.0932642487046632,0.186528497409326,3.07772020725389,1.49222797927461,0.466321243523316,1.30569948186528,1.30569948186528,4.38341968911917,81,40.0690402440074,0.540601996795495,0.705863747111216,0.705863747111216,2.36968543673051,1.72987591776787,3.78141293095294,0.95,2.09737424639303
4376,"Mathias Jørgensen","Brentford","Premier League","DEN","DF",33,1990,"2023-2024",14,1087,78,31.8,12,90,2,4,23,12.1,5,0.66,2,25,0.17,0.13,0.5,1,0,1,0,0,0,0,0.7,0.7,0.09,0.3,0.3,4,446,75.2,11,0,7,8,1,0,0.9,0.5,9,526,64,3,1,0,61,0,0,0,0,11,0.57,4,17,12,57.9,0,0,29,12,9,40,11,67,0,15,1,1,19,24,3,1,26,53.1,8,0,0,0,16,24,14.8,19.7,0,0,12,0.99,5,3528,50,4,372,275,0,704,14.2,7338,0,0,0,0,0,0,0,0,0,0,0,0,0,0,0.662373505059798,0.331186752529899,0.0827966881324747,4.13983440662374,0.413983440662374,0.579576816927323,1.40754369825207,0.993560257589696,5.54737810487581,75.2,51.1557842081538,1.05772496541608,1.48879410955529,1.05091348909785,5.86760031412968,1.75174429991592,8.40730791278283,0.7,3.43809009380122
3612,"Matija Nastasić","Leganés","La Liga","SRB","DF",31,1993,"2024-2025",26,2110,81,61.7,24,85,2,39,4,23.4,30,0.09,1,50,0.04,0.5,1,1,0,1,0,0,2,0,0.1,0.1,0.03,0.9,0.9,9,704,82.6,5,0,2,0,0,0,0.1,0.4,1,814,35,31,0,2,2,0,0,0,0,20,0.96,5,25,11,68,0,0,46,21,39,165,15,50,0,21,4,0,25,7,2,0,39,69.6,8,0,0,0,25,41,22.8,40.7,0,0,6,0.26,1,4820,59,0,626,499,0,1128,11.7,14179,0,0,0,0,0,0,0,0,0,0,0,0,0,0,0,0,0,2.51658767772512,0.042654028436019,0.0853080568720379,1.06635071090047,0.895734597156398,2.13270142180095,82.6,46.8860532640288,0.845548702836152,0.901651460370304,0.757387226711056,1.80330292074061,0.910560132129391,3.46234160782197,0.85,1.65552653519835
2554,"Mats Hummels","Roma","Serie A","GER","DF",35,1988,"2024-2025",14,915,65,26.8,11,77,3,23,19,10.2,4,0.79,1,12.5,0.1,0,0,0,0,0,0,0,0,1,0.5,0.5,0.06,0,0,8,389,89,6,0,2,2,0,0,0.1,0.1,0,421,16,13,1,0,1,0,0,0,0,5,1.93,0,30,15,61.1,2,33.3,56,26,12,43,9,41,0,16,14,0,18,10,0,1,23,60.5,7,12,1.18,0.86,21,9,17.4,8.5,9,0.88,8,0.79,4,2611,26,1,324,279,0,560,15.3,7200,0,0,0,0,0,0,0,0,0,0,0,0,0,0,0.19672131147541,0.0983606557377049,0,2.55737704918033,0.39344262295082,0.19672131147541,2.95081967213115,2.55737704918033,4.0327868852459,89,38.8264913565029,0.493006003155632,1.45477181259039,1.26080223757834,1.98818814387353,1.08180737789696,4.70376219404226,0.5,2.03285160937146
10927,"Matteo Gabbia","Milan","Serie A","ITA","DF",24,1999,"2024-2025",26,2152,83,62.9,24,88,2,15,8,23.9,19,0.59,4,28.6,0.17,0.14,0.5,2,0,2,0,0,0,0,1.1,1.1,0.08,0.9,0.9,6,1316,91.2,16,3,2,2,1,0,0.2,0.2,3,1397,42,35,0,11,4,0,0,0,0,20,1.88,5,21,15,80,0,0,36,15,25,103,20,69,1,13,7,1,10,21,1,1,47,56.6,2,20,0.84,0.98,42,22,38.2,23.3,14.9,0.62,22,0.92,13,7732,74,2,1214,1023,0,1635,11.3,26811,0,0,0,0,0,0,6,0,0.4,0,0.1,0,0,5,0.0836431226765799,0.0836431226765799,0.04182156133829,3.09479553903346,0.543680297397769,0.0836431226765799,0.878252788104089,0.627323420074349,2.88568773234201,91.2,35.8263702870095,0.390150638784164,0.342650886292783,0.244750633066274,1.12585291210486,1.28621149970726,1.71325443146392,1,1.31966092932208
23763,"Matteo Lovato","Salernitana","Serie A","ITA","DF",23,2000,"2023-2024",13,947,73,27.7,11,80,2,32,9,10.5,7,0.1,0,0,0,0,0,0,0,0,0,0,2,0,0,0,0.03,0,0,7,323,80.8,10,0,3,1,1,0,0.2,0.2,2,366,30,28,0,1,1,0,0,0,0,7,0.46,6,27,14,66.7,1,100,45,18,14,41,7,47,0,17,8,2,24,4,0,3,15,45.5,8,0,0,0.07,8,21,7.6,18.7,0,0,10,0.95,1,2412,29,1,258,222,0,523,10.9,5859,0,0,0,0,0,0,0,0,0,0,0,0,0,0,0.0950369588173178,0.0950369588173178,0.190073917634636,2.75607180570222,0.0950369588173178,0.285110876451954,2.56599788806758,1.71066525871172,4.46673706441394,80.8,41.8777717068792,0.614834053249321,1.57766288214979,1.05177525476653,2.7463020541126,1.07219639296511,5.37574019102891,1,2.32240061449472
3229,"Matthias Ginter","Freiburg","Bundesliga","GER","DF",30,1994,"2024-2025",32,2561,80,83.7,28,87,4,28,1,28.5,23,0.84,4,16.7,0.14,0.08,0.5,2,1,3,0,0,0,0,2.8,2.8,0.12,0,0,12,1256,82.6,20,2,9,13,1,0.3,0.7,1.5,8,1460,52,46,2,9,4,0,0,0,0,27,1.63,10,30,17,53.6,2,33.3,49,19,35,146,13,93,0,15,11,4,28,56,1,0,98,61.6,13,1,0.04,0.94,43,42,36.7,36.1,0.5,0.02,27,0.95,11,9697,113,16,1205,991,1,1816,11.1,24307,0,0,0,0,0,0,0,0,0,0,0,0,0,0,0.456852791878173,0.562280359234674,0.140570089808669,3.97110503709488,0.386567746973838,0.316282702069504,1.05427567356501,0.667707926591175,3.26825458805154,82.6,53.4829516230885,1.17240819852069,1.23604144318854,0.782826247352745,3.83172847388449,1.60414358712909,5.85059616442578,0.85,2.64943628417937
4853,"Matthijs De Ligt","Manchester Utd","Premier League","NED","DF",24,1999,"2024-2025",29,2123,73,62.1,25,82,4,19,1,23.6,21,0.76,9,50,0.38,0.11,0.22,2,0,2,0,0,2,0,2.5,2.5,0.14,0,0,8,1241,89.9,12,0,6,6,1,0,0.3,0.3,2,1350,27,19,0,9,1,0,0,0,0,16,1.28,5,30,22,71.9,2,50,63,33,29,96,16,68,0,17,12,1,32,29,2,3,58,66.7,9,0,0,0.25,32,36,30.2,37.4,0,0,14,0.59,7,5955,55,6,1158,1078,0,1608,7.9,21810,0,0,0,0,0,0,0,0,0,0,0,0,0,0,0.254357041921809,0.254357041921809,0.0423928403203015,2.33160621761658,0.29674988224211,0.254357041921809,1.27178520960904,1.39896373056995,2.8827131417805,89.9,50.5857290519287,1.02927808250729,1.30902064190753,1.43992270609828,2.9671134549904,0.987184380227969,5.71605680299621,1,2.39959079299005
23451,"Mattia Bani","Genoa","Serie A","ITA","DF",30,1993,"2024-2025",20,1507,75,44.1,19,78,1,22,4,16.7,8,0.48,3,37.5,0.18,0,0,0,0,0,0,0,0,0,1.2,1.2,0.15,0,0,5,768,87.4,6,0,2,4,1,0,0.2,0.2,2,844,32,30,0,3,1,0,0,0,0,13,1.25,4,19,10,63.6,0,0,41,22,13,85,7,60,0,11,6,2,11,10,1,3,22,48.9,4,0,0,0.46,18,19,17.1,22.1,0,0,7,0.42,6,5490,25,3,699,558,0,1048,9.2,15516,0,0,0,0,0,0,0,0,0,0,0,0,0,0,0.238885202388852,0.179163901791639,0.119442601194426,1.49303251493033,0.358327803583278,0.119442601194426,1.13470471134705,1.31386861313869,3.58327803583278,87.4,49.7736846045791,0.988684713186338,1.12186520208934,1.29900181294555,3.54273221712424,0.67823200669847,5.96359923215913,0.85,2.31777257232713
15283,"Mattia Viti","Empoli","Serie A","ITA","DF",22,2002,"2024-2025",30,2572,86,75.2,30,86,0,0,0,28.6,18,0.38,2,18.2,0.07,0.09,0.5,1,0,1,0,0,0,0,0.8,0.8,0.07,0.2,0.2,23,933,80.2,14,2,5,0,0,0,0.2,0.2,3,977,185,76,1,5,2,0,0,0,0,25,1,20,65,45,65.4,3,27.3,113,48,41,128,30,97,3,42,20,3,52,12,1,17,61,54,18,0,0,1.49,27,36,22.2,34.1,0,0,23,0.8,17,5753,86,10,752,633,0,1506,14.3,17070,0,0,0,0,0,0,0,0,0,0,0,0,0,0,0,0.349922239502333,0.1049766718507,3.00933125972006,0.594867807153966,0.174961119751166,2.27449455676516,1.6796267496112,3.39424572317263,80.2,47.5695106977302,0.8790702543181,1.99944050846069,1.4765099139402,2.98378045108749,1.30230971954241,6.45973087348837,1,2.73904314986347
4529,"Max Geschwill","Holstein Kiel","Bundesliga","GER","DF",23,2001,"2024-2025",19,1282,67,41.9,13,84,6,31,10,14.2,9,0.63,2,22.2,0.14,0.11,0.5,1,2,3,0,0,0,1,0.9,0.9,0.1,0.1,0.1,5,496,74.3,18,2,10,10,2,1.2,0.8,0.9,7,595,73,16,0,2,54,0,0,0,0,8,0.74,5,26,21,73.7,3,60,56,30,14,53,13,53,2,13,12,1,19,13,1,2,14,40,5,0,0,0,17,33,14.8,24.9,0,0,24,1.68,6,4117,58,16,478,379,0,827,12.8,9477,0,0,0,0,0,0,0,0,0,0,0,0,0,0,0.702028081123245,1.12324492979719,0.0702028081123245,4.07176287051482,0.421216848673947,0.702028081123245,1.82527301092044,2.10608424336973,3.7207488299532,74.3,47.6065806255158,0.880897052541697,1.60787761540372,1.85524340238891,3.27759667755374,1.76780192627365,6.74071769534637,1,3.00363607911337
18938,"Max Kilman","West Ham","Premier League","ENG","DF",27,1997,"2024-2025",38,3348,88,97.9,38,88,0,0,0,37.2,40,0.35,2,15.4,0.05,0,0,0,1,1,0,0,0,0,1.6,1.6,0.13,0,0,18,1697,86.7,28,0,16,4,0,0,1.2,1.2,4,1916,37,25,0,12,1,0,0,0,0,37,1.13,17,39,24,85.2,2,9.1,77,38,58,212,23,146,2,16,20,3,27,32,2,4,113,67.3,4,0,0,0,45,62,45.8,58.9,0,0,32,0.86,31,10820,113,6,1581,1270,2,2374,8.9,32592,0,0,0,0,0,0,0,0,0,0,0,0,0,0,0.10752688172043,0.161290322580645,0.0806451612903226,3.03763440860215,0.833333333333333,0.43010752688172,1.04838709677419,1.02150537634409,3.9247311827957,86.7,48.3751268376867,0.918934621657219,0.963399200124504,0.938696656531568,3.60657136456866,1.4731874942835,5.50866722122473,0.95,2.51857516408082
5020,"Max Rosenfelder","Freiburg","Bundesliga","GER","DF",21,2003,"2024-2025",25,1249,50,40.8,13,80,12,18,2,13.9,9,0.36,1,20,0.07,0.2,1,1,0,1,0,0,2,0,0.4,0.4,0.08,0.6,0.6,8,576,85.3,10,0,5,9,0,0,0.7,0.2,4,622,51,11,0,0,30,0,0,0,0,7,1.6,5,27,17,73.7,10,40,34,7,17,65,9,60,1,17,10,0,19,11,1,2,12,35.3,5,0,0,0,20,28,18.6,16.2,2.3,0.17,15,1.08,24,2723,29,18,515,445,4,826,12.3,9763,0,0,0,0,0,0,0,0,0,0,0,0,0,0,0.648518815052042,1.29703763010408,0,2.08967173738991,1.72938350680544,0.360288230584468,1.94555644515612,0.504403522818255,4.32345876701361,85.3,53.4829516230885,1.17240819852069,2.28098632698581,0.59136682551484,5.06885850441291,1.43979006719096,7.94121165691356,1,3.24357952395045
4530,"Maxence Lacroix","Crystal Palace","Premier League","FRA","DF",24,2000,"2024-2025",35,3116,89,91.1,35,89,0,0,0,34.6,22,0.87,5,16.7,0.14,0.03,0.2,1,1,2,0,0,1,0,3.4,3.4,0.11,0,0,26,1207,81.7,23,1,8,7,2,0,1,1,4,1433,44,40,3,7,2,0,0,0,0,32,1.49,21,68,41,68.1,4,28.6,122,54,48,207,34,130,0,52,15,1,47,45,1,6,60,54.5,15,4,0.12,1.3,49,45,57.1,43.3,13.8,0.4,28,0.81,8,9717,65,7,1136,1030,0,1934,10.8,24841,0,0,0,0,0,0,0,0,0,0,0,0,0,0,0.202182284980745,0.202182284980745,0.0288831835686778,1.87740693196406,0.231065468549422,0.231065468549422,1.96405648267009,1.5596919127086,3.75481386392811,81.7,55.994995941782,1.29108362583444,2.53576116498934,2.01369268984447,4.84777869777373,0.800049761810523,9.39723255260754,1,3.42088967050647
14895,"Maxime Estève","Burnley","Premier League","FRA","DF",21,2002,"2023-2024",16,1309,82,38.3,15,84,1,45,0,14.5,10,0.48,0,0,0,0,0,0,0,0,0,0,0,0,0.3,0.3,0.04,0,0,11,690,84,6,0,1,5,0,0,0,0.2,0,754,66,13,1,3,5,0,0,0,0,12,0.75,5,27,10,56.3,0,0,54,27,21,56,25,62,0,15,12,0,32,8,0,3,26,54.2,14,0,0,0.46,18,28,19.4,28.7,0,0,8,0.55,15,2998,40,3,600,514,2,979,19.1,11622,0,0,0,0,0,0,0,0,0,0,0,0,0,0,0.343773873185638,0.206264323911383,0,2.7501909854851,1.03132161955691,0.0687547746371276,1.85637891520244,1.85637891520244,4.26279602750191,84,51.5330920349944,1.07650481482195,1.99840084034938,1.99840084034938,4.58892044820969,1.3342238497729,8.58572212890845,1,3.3934061785817
11125,"Maximiliano Caufriez","Clermont Foot","Ligue 1","BEL","DF",26,1997,"2023-2024",20,1659,83,54.2,20,83,0,0,2,18.4,12,0.33,1,16.7,0.05,0,0,0,1,1,0,0,1,0,0.4,0.4,0.06,0,0,6,780,87.4,13,1,9,4,2,0.8,0.2,0.3,5,799,91,31,2,4,14,0,0,0,0,13,0.7,11,38,28,65.5,4,28.6,56,18,18,69,39,72,0,31,5,2,29,7,0,11,19,52.8,10,0,0,0.41,16,31,19.1,35.5,0,0,14,0.76,24,4348,61,11,670,724,0,1087,17.9,13811,0,0,0,0,0,0,0,0,0,0,0,0,0,0,0.216998191681736,0.596745027124774,0.108499095840868,3.30922242314647,1.30198915009042,0.488245931283906,2.06148282097649,0.976491862567812,3.90596745027125,87.4,47.3489879269996,0.868220269005264,1.78982116937794,0.847810027600077,3.39124011040031,1.74956622630432,6.02887130737833,0.95,2.78588788273522
18509,"Michael Keane","Everton","Premier League","ENG","DF",31,1993,"2024-2025",14,1049,75,30.7,11,90,3,20,22,11.7,10,0.86,4,40,0.34,0.3,0.75,3,0,3,0,0,0,0,0.6,0.6,0.06,2.4,2.4,4,312,82.8,6,0,2,1,0,0,0.1,0,0,365,8,4,0,12,0,0,0,0,0,11,1.29,2,12,9,53.3,1,100,28,16,14,65,9,26,0,8,2,2,15,17,0,2,26,56.5,7,0,0,0,12,20,12.3,19.1,0,0,6,0.51,1,2396,14,3,286,229,0,513,13.2,7049,0,0,0,0,0,0,0,0,0,0,0,0,0,0,0.0857959961868446,0.257387988560534,0.171591992373689,1.20114394661582,0.0857959961868446,0.171591992373689,1.02955195424214,1.37273593898951,2.23069590085796,82.8,46.6119399218961,0.832199082332483,0.85679219153392,1.14238958871189,1.85638308165683,0.497216889771884,3.85556486190264,0.85,1.60835621447955
24132,"Michael Svoboda","Venezia","Serie A","AUT","DF",25,1998,"2024-2025",16,1314,82,38.4,15,86,1,23,0,14.6,11,0.27,4,100,0.27,0.25,0.25,1,0,1,0,0,0,0,0.2,0.2,0.04,0.8,0.8,8,703,84.8,14,1,5,2,0,0,0.6,1.2,2,749,77,47,3,0,4,0,0,0,0,14,0.63,12,26,14,42.1,1,33.3,48,22,19,66,7,71,0,19,6,1,19,15,0,11,35,55.6,11,0,0,0,13,28,15.2,22.9,0,0,16,1.1,13,4404,43,5,563,509,2,984,12.5,12684,0,0,0,0,0,0,0,0,0,0,0,0,0,0,0.136986301369863,0.342465753424658,0.0684931506849315,2.94520547945205,0.89041095890411,0.342465753424658,1.78082191780822,1.50684931506849,4.86301369863014,84.8,49.1146152010884,0.955759656513789,1.70203774447661,1.4401857837879,4.64787230222459,1.43482151491857,7.7900958304891,0.95,3.18575735511416
14272,"Mickael Nade","Saint-Étienne","Ligue 1","FRA","DF",25,1999,"2024-2025",26,2306,89,75.4,25,90,1,56,4,25.6,19,0.2,2,40,0.08,0.2,0.5,1,2,3,0,0,1,1,0.7,0.7,0.14,0.3,0.3,18,1229,90,11,1,7,1,0,1.4,0.6,0.5,3,1277,89,47,1,1,3,0,0,0,0,25,0.92,16,59,43,77.8,4,50,92,33,37,132,19,113,2,40,19,0,36,10,0,5,28,75.7,8,0,0,1.21,36,57,31.2,56.1,0,0,16,0.65,17,6996,72,2,1076,825,1,1665,13.5,21143,0,0,0,0,0,0,0,0,0,0,0,0,0,0,0.0390286209887251,0.0780572419774501,0,2.8100607111882,0.663486556808326,0.273200346921075,2.30268863833478,1.28794449262793,4.41023417172593,90,50.3326181512475,1.0166293744339,2.34098090990633,1.30936220384592,4.48357360710874,1.28730383585149,8.13391672086099,0.95,3.23509655059889
4698,"Micky Van De Ven","Tottenham","Premier League","NED","DF",23,2001,"2024-2025",13,1015,78,29.7,12,82,1,30,6,11.3,8,0.53,2,33.3,0.18,0,0,0,2,2,0,0,0,0,0.6,0.6,0.09,0,0,4,729,90.9,8,0,2,0,0,0.8,1.2,0.7,1,758,43,18,0,1,4,0,0,0,0,7,1.08,5,10,6,57.1,4,50,20,10,12,39,10,63,0,5,4,1,14,9,0,5,19,48.7,6,5,0.44,0.67,22,17,22.3,13,9.3,0.82,11,0.98,8,4206,51,1,651,620,1,895,11.1,13817,0,0,0,0,0,0,0,0,0,0,0,0,0,0,0,0.0886699507389163,0.0886699507389163,4.52216748768473,0.70935960591133,0.177339901477833,0.886699507389163,0.886699507389163,5.58620689655172,90.9,50.2756247983609,1.01378036752813,0.898918552487997,0.898918552487997,5.66318688067438,1.86616584656833,7.46102398565038,1,3.27567353432245
9826,"Miguel Ángel Rubio","Granada","La Liga","ESP","DF",25,1998,"2023-2024",19,1560,82,45.6,17,88,2,29,11,17.3,18,0.52,2,22.2,0.12,0.11,0.5,1,0,1,0,0,0,0,0.8,0.8,0.09,0.2,0.2,13,622,80.3,5,0,2,0,0,0,0.1,0.1,3,745,29,24,1,4,1,0,0,0,0,15,0.89,10,20,12,66.7,1,14.3,48,28,31,74,20,77,0,14,6,0,21,17,1,2,58,65.9,7,0,0,0.5,21,35,20.8,31.6,0,0,6,0.35,7,4316,27,1,559,491,0,975,10.4,12049,0,0,0,0,0,0,0,0,0,0,0,0,0,0,0,0.0576923076923077,0,1.55769230769231,0.403846153846154,0.115384615384615,1.15384615384615,1.61538461538462,4.44230769230769,80.3,49.2593904755677,0.962986440589189,1.11113820067983,1.55559348095177,4.27788207261736,0.715370360576742,6.94461375424896,0.95,2.63983227050538
10572,"Mika Mármol","Las Palmas","La Liga","ESP","DF",22,2001,"2023-2024",36,3178,88,92.9,36,88,0,0,1,35.3,19,0.08,0,0,0,0,0,0,1,1,0,0,3,1,0.2,0.2,0.05,0,0,20,2282,88.2,17,0,5,5,2,0,1,1.1,5,2368,211,95,1,7,36,0,0,0,0,33,1.08,16,70,42,66,14,42.4,114,44,39,147,23,187,2,44,24,2,53,12,3,10,31,47.7,18,0,0,0,31,44,31,53.1,0,0,20,0.57,36,14409,142,13,1987,1673,1,2956,15.9,35639,0,0,0,0,0,0,0,0,0,0,0,0,0,0,0.141598489616111,0.368156073001888,0.0566393958464443,4.02139710509755,1.019509125236,0.141598489616111,1.98237885462555,1.24606670862177,5.29578351164254,88.2,51.2663047246138,1.06323076523608,2.10772618659135,1.32485646014313,5.63063995560832,1.79143536278456,9.0632226023428,1,3.72374092581666
15520,"Milan Škriniar","Paris S-G","Ligue 1","SVK","DF",28,1995,"2023-2024",24,1629,68,53.2,17,87,7,21,1,18.1,10,0.17,1,33.3,0.06,0,0,0,0,0,0,0,0,0,0.2,0.2,0.06,0,0,9,1735,95.3,6,0,1,1,0,0,0.1,0.3,0,1773,45,30,0,4,5,0,0,0,0,15,2.25,6,24,18,63.6,0,0,36,12,19,51,14,111,0,17,7,0,22,5,0,1,25,49,8,27,1.49,0.17,45,18,37.8,20.8,17,0.94,7,0.39,5,9850,61,1,1541,1630,0,1959,9.5,32486,0,0,1,0,0,0,6,1,0.5,0,0.1,2,0,7,0.0552486187845304,0.0552486187845304,0,3.37016574585635,0.276243093922652,0.0552486187845304,1.32596685082873,0.662983425414365,6.13259668508287,95.3,46.4233383370109,0.82304927687511,1.09133605773495,0.545668028867476,5.04742926702415,1.27867476852714,6.68443335362658,0.95,2.80209991349883
3792,"Miloš Veljković","Werder Bremen","Bundesliga","SRB","DF",28,1995,"2024-2025",14,1029,74,33.6,11,85,3,31,4,11.4,9,0.17,1,50,0.09,0,0,0,1,1,0,0,1,0,0.6,0.6,0.28,0,0,5,562,86.7,14,0,3,9,3,0.8,0.2,0.6,4,620,25,18,0,12,0,0,0,0,0,9,0.93,2,10,5,46.7,0,0,12,2,14,47,5,32,0,6,3,1,15,5,2,2,24,57.1,8,0,0,0,19,25,15.5,19.3,0,0,14,1.22,9,3929,64,2,507,460,0,738,2.1,11481,0,0,0,0,0,0,0,0,0,0,0,0,0,0,0.787172011661808,0.174927113702624,0.0874635568513119,5.59766763848396,0.787172011661808,0.262390670553936,0.87463556851312,0.174927113702624,2.79883381924198,86.7,54.8739265390465,1.23898403234418,1.08365950350803,0.216731900701606,3.46771041122569,2.29097379071539,4.76810181543533,0.95,2.62352006091676
10171,"Modibo Sagnan","Montpellier","Ligue 1","MLI","DF",25,1999,"2024-2025",27,2141,79,70,24,85,3,34,0,23.8,13,0.46,3,27.3,0.13,0.18,0.67,2,0,2,0,0,1,0,0.7,0.7,0.07,1.3,1.3,11,857,88.6,12,0,6,1,0,0,0.6,0.5,3,932,33,25,0,12,3,0,0,0,0,18,0.56,8,57,35,59.1,6,30,86,29,24,110,33,90,0,38,16,3,44,17,1,9,37,48.7,18,0,0,0.87,18,51,25.1,43.4,0,0,15,0.66,13,5954,51,3,762,657,0,1224,11.5,17324,0,0,0,0,0,0,0,0,0,0,0,0,0,0,0.0420364315740308,0.126109294722092,0.126109294722092,2.14385801027557,0.546473610462401,0.252218589444185,2.39607659971976,1.21905651564689,3.78327884166277,88.6,47.8352609942264,0.892183752225619,2.13774061135798,1.08762241630493,3.37537991267049,1.00953461675962,6.6007429403334,0.95,2.66263672880387
4701,"Mohamed Simakan","RB Leipzig","Bundesliga","FRA","DF",23,2000,"2023-2024",32,2138,67,69.9,23,84,9,24,0,23.8,14,1.26,11,36.7,0.46,0.07,0.18,2,3,5,0,0,1,0,3.9,3.9,0.13,0,0,22,1347,85.6,35,1,15,18,2,0,3.3,2.9,5,1456,115,51,3,11,64,0,0,0,0,13,1.91,27,48,29,72.7,8,36.4,77,29,36,69,35,113,1,28,19,1,44,61,3,9,60,62.5,12,19,0.8,0,49,30,46.8,29.1,17.8,0.75,44,1.85,34,8042,106,76,1253,1132,8,1852,11.3,23904,0,0,0,0,0,0,7,1,0.7,0,0.1,0,1,10,0.757717492984097,3.19925163704397,0.0420954162768943,4.4621141253508,1.43124415341441,0.631431244153414,2.02057998129093,1.22076707202993,4.75678203928905,85.6,63.6541220521949,1.59327582990726,3.2193412465853,1.94501866981195,7.57886585133622,2.23680897975016,12.7432257677335,1,5.0032913222201
9981,"Mohammed Salisu","Monaco","Ligue 1","GHA","DF",25,1999,"2024-2025",15,1023,68,33.4,11,90,4,9,15,11.4,8,0.7,4,50,0.35,0.13,0.25,1,0,1,0,0,0,0,0.8,0.8,0.1,0.2,0.2,2,662,85.4,11,0,3,0,0,0,0.1,0.2,2,738,37,25,0,3,2,0,0,0,0,10,2.13,6,28,18,81.3,1,100,44,16,10,54,9,55,1,16,11,1,16,14,1,1,35,66,3,8,0.7,0.09,24,16,28.6,13.1,15.5,1.37,14,1.23,8,5228,68,3,596,545,0,905,8.1,11709,0,0,0,0,0,0,6,1,0.2,0,0.1,1,1,1,0,0.263929618768328,0.0879765395894428,5.98240469208211,0.703812316715543,0.263929618768328,2.4633431085044,1.40762463343109,4.83870967741935,85.4,56.9888508786222,1.3358810709195,3.29073342983103,1.88041910276059,6.46394066573952,2.39507013727337,11.6350931983311,0.95,4.72395601440869
15292,"Montassar Talbi","Lorient","Ligue 1","TUN","DF",25,1998,"2023-2024",25,2204,88,72,25,88,0,0,1,24.5,23,0.2,2,40,0.08,0,0,0,0,0,0,0,0,0,0.6,0.6,0.11,0,0,16,1008,84.8,15,0,7,3,0,0,0.2,0.5,7,1147,35,22,0,5,5,0,0,0,0,24,1,23,38,22,59.4,5,33.3,70,32,39,114,18,116,0,23,13,2,32,12,1,4,51,58,13,0,0,0.96,36,46,27.6,38.4,0,0,16,0.65,15,7775,88,7,935,1034,0,1453,16.6,18865,0,0,0,0,0,0,0,0,0,0,0,0,0,0,0.122504537205082,0.285843920145191,0.0816696914700544,3.5934664246824,0.612522686025408,0.285843920145191,1.55172413793103,1.30671506352087,4.73684210526316,84.8,48.9205962711597,0.946082153688348,1.46805851434399,1.23625980155283,4.48144178062902,1.54394187052122,7.18576009652584,0.95,3.04810477716624
19805,"Morato","Nott'ham Forest","Premier League","BRA","DF",23,2001,"2024-2025",26,907,35,26.5,6,84,20,20,8,10.1,5,0.2,1,50,0.1,0,0,0,0,0,0,0,0,0,0.2,0.2,0.09,0,0,9,238,77,3,0,0,0,0,0,0,0,0,290,17,11,1,0,3,0,0,0,0,4,2.15,6,22,14,61.9,0,0,32,10,14,78,11,36,0,18,3,1,21,2,0,3,6,30,8,5,0.5,0.25,19,14,13.4,14,0,0,3,0.3,1,1931,19,1,206,164,0,457,8.6,3987,0,0,0,0,0,0,0,0,0,0,0,0,0,0,0,0.0992282249173098,0.0992282249173098,1.88533627342889,0.0992282249173098,0,2.18302094818082,0.992282249173098,3.57221609702315,77,49.4014778657276,0.970082823746963,2.11771112571002,0.962595966231827,3.46534547843458,0.686502974945725,6.54565257037642,1,2.51529696109122
4865,"Moritz Jenz","Mainz 05","Bundesliga","GER","DF",25,1999,"2024-2025",19,1600,84,52.3,18,89,1,5,4,17.8,14,0.56,4,40,0.23,0,0,0,0,0,0,0,0,0,1.6,1.6,0.16,0,0,9,712,84.3,8,0,3,0,0,0,0.3,0.4,2,825,19,12,0,1,1,0,0,0,0,16,1.68,7,36,20,76.2,2,40,66,30,23,128,27,73,0,18,18,0,21,20,1,0,73,64,5,5,0.28,0,27,22,24.2,25.5,0,0,11,0.62,1,4551,47,3,592,510,1,1098,9,12788,0,0,0,0,0,0,0,0,0,0,0,0,0,0,0,0.16875,0,2.64375,0.05625,0.16875,2.025,1.6875,4.10625,84.3,57.2031271992778,1.34535175282089,2.7243372994623,2.27028108288525,5.52435063502078,0.984531580441802,10.5189690173683,0.95,3.82380333738722
4224,"Moussa Niakhate","Lyon","Ligue 1","SEN","DF",28,1996,"2024-2025",31,2726,88,89.1,30,90,1,26,2,30.3,17,0.07,1,50,0.03,0,0,0,0,0,0,0,0,0,0.1,0.1,0.06,0,0,9,1688,90.3,20,0,7,5,3,0,1,1.1,13,1748,119,44,4,6,34,0,0,0,0,30,1.65,9,47,27,75,0,0,72,25,26,143,34,119,0,37,8,2,32,7,1,4,43,64.2,8,16,0.53,0,58,42,54.4,42.9,11.4,0.38,21,0.69,34,11730,111,5,1510,1331,0,2133,7.8,29756,0,0,0,0,0,0,0,0,0,0,0,0,0,0,0.16507703595011,0.16507703595011,0.066030814380044,3.66471019809244,1.12252384446075,0.231107850330154,1.55172413793103,0.82538517975055,3.92883345561262,90.3,43.1312184128781,0.669455803657891,1.03881072981397,0.552558898837217,2.63018035846516,1.73148980258694,4.22154998711634,0.95,2.23936091716968
15734,"Moïse Bombito","Nice","Ligue 1","CAN","DF",24,2000,"2024-2025",27,2192,81,71.6,25,86,2,24,0,24.4,19,0.33,1,12.5,0.04,0,0,0,0,0,0,0,1,1,0.7,0.7,0.09,0,0,16,1266,90.2,17,0,2,2,0,0,0.2,0.6,5,1346,57,29,3,7,3,0,0,0,0,20,1.78,16,37,25,68.6,4,23.5,55,18,35,121,28,97,1,22,12,3,35,9,0,3,48,48,11,18,0.74,0.01,46,28,43.1,27.9,15.2,0.62,18,0.74,27,8931,97,10,1109,906,1,1673,18.2,23123,0,0,0,0,0,0,0,0,0,0,0,0,0,0,0.0821167883211679,0.410583941605839,0.123175182481752,3.98266423357664,1.10857664233577,0.0821167883211679,1.51916058394161,0.739051094890511,3.98266423357664,90.2,52.8652354605567,1.14228965445974,1.73532141849951,0.844210419810574,4.54935615120143,1.79140263300656,7.12888798951152,1,3.14542745005608
19653,"Murillo","Nott'ham Forest","Premier League","BRA","DF",22,2002,"2024-2025",36,3188,89,93.2,36,89,0,0,0,35.4,45,0.71,6,24,0.17,0.08,0.33,2,0,2,0,0,1,0,1.4,1.4,0.06,0.6,0.6,24,1138,78.5,30,7,13,14,1,0,1.2,1.1,13,1271,166,113,8,22,3,0,0,0,0,33,1.69,19,53,36,58.7,10,27,89,36,69,249,27,142,2,38,12,3,46,24,0,10,44,66.7,19,6,0.17,0,50,44,41.2,46.3,0,0,44,1.24,22,10645,115,5,989,821,1,1918,21.9,22680,0,0,0,0,0,0,0,0,0,0,0,0,0,0,0.395232120451694,0.141154328732748,0.0846925972396487,3.2465495608532,0.62107904642409,0.367001254705144,1.49623588456713,1.01631116687578,4.00878293601004,78.5,49.4014778657276,0.970082823746963,1.45147273189241,0.985906006568432,3.88885147035326,1.45160446370799,6.3262302088141,1,2.75701084812743
19654,"Myles Lewis-Skelly","Arsenal","Premier League","ENG","DF",17,2006,"2024-2025",23,1369,60,40,15,80,8,20,9,15.2,1,0.2,1,33.3,0.07,0.33,1,1,0,1,0,0,1,0,0.2,0.2,0.05,0.8,0.8,3,708,91.2,21,0,8,10,2,0,0.4,0.5,10,660,111,17,3,2,94,0,0,0,0,7,1.96,13,22,14,90.9,9,32.1,29,7,4,27,11,53,0,10,9,3,11,17,0,9,11,52.4,1,10,0.66,0,26,16,21.8,15.9,6,0.39,29,1.91,37,2307,71,37,616,526,7,905,14.7,10525,0,0,0,0,0,0,10,0,0.1,1,0.6,4,2,14,0.657414170927684,2.43243243243243,0.197224251278305,4.66764061358656,2.43243243243243,0.525931336742148,1.44631117604091,0.460189919649379,3.48429510591673,91.2,44.5026870645132,0.731853506372784,1.05848790549168,0.336791606292808,2.54999359050269,2.62827180222055,3.94527310228718,1,2.52609065157437
8712,"Nacho","Real Madrid","La Liga","ESP","DF",33,1990,"2023-2024",29,1746,60,51.1,18,83,11,23,5,19.4,13,0.26,1,20,0.05,0,0,0,1,1,0,0,0,0,0.5,0.5,0.1,0,0,10,1183,92.3,10,1,5,3,1,0,1.2,0.9,3,1191,89,41,0,5,10,0,0,0,0,13,2.41,7,18,10,46.2,3,50,36,18,23,56,21,82,0,9,7,2,13,18,2,0,27,60,7,33,1.7,0.2,41,8,34.7,18.4,16.2,0.84,13,0.67,13,7898,55,9,1028,821,1,1418,11.7,19465,0,0,1,1,0,0,12,0,0.4,0,0.1,2,3,5,0.154639175257732,0.463917525773196,0.103092783505155,2.83505154639175,0.670103092783505,0.257731958762887,0.927835051546392,0.927835051546392,4.22680412371134,92.3,45.7904085851232,0.792574517594377,0.735378418386535,0.735378418386535,3.35005723931644,1.29359058819146,4.82081407608951,0.7,2.19598045810344
11131,"Natan","Betis","La Liga","BRA","DF",23,2001,"2024-2025",31,2175,70,63.6,23,90,8,13,5,24.2,14,0.37,4,44.4,0.17,0.11,0.25,1,1,2,0,0,0,0,0.3,0.3,0.04,0.7,0.7,10,1122,88.7,9,0,5,2,1,0.4,0.6,0.8,3,1197,64,48,0,11,11,0,0,0,0,23,1.55,15,35,24,86.7,0,0,63,28,24,123,19,75,1,24,9,2,30,19,0,8,65,68.4,4,0,0,0,36,36,31.8,32.3,0,0,11,0.46,12,7065,52,6,994,929,0,1514,13.9,21511,0,0,0,0,0,0,0,0,0,0,0,0,0,0,0.0827586206896552,0.248275862068966,0.0827586206896552,2.15172413793103,0.496551724137931,0.206896551724138,1.44827586206897,1.15862068965517,3.10344827586207,88.7,51.2638455522005,1.06310829726839,1.53967408569905,1.23173926855924,3.29930161221225,0.980975891438569,6.07071496647053,1,2.50230484651659
18303,"Nathan Aké","Manchester City","Premier League","NED","DF",28,1995,"2023-2024",29,2042,70,59.7,24,83,5,12,6,22.7,2,0.88,5,25,0.22,0.1,0.4,2,2,4,0,0,0,0,2.5,2.5,0.12,0,0,15,1716,92.1,28,0,10,11,1,0.8,1.2,1.1,5,1744,118,32,1,3,81,0,0,0,0,19,2.38,8,26,16,65,3,30,40,14,17,54,10,119,1,15,8,3,20,38,0,2,46,62.2,7,35,1.54,0,55,20,43.8,21.6,22.2,0.98,36,1.59,24,8717,116,18,1507,1280,1,2026,10.8,26189,0,0,1,0,0,0,7,0,0.9,0,0.5,6,1,17,0.484818805093046,0.79333986287953,0.132223310479922,5.1126346718903,1.05778648383937,0.440744368266406,1.14593535749265,0.617042115572968,5.24485798237023,92.1,43.7763532889529,0.698487670245319,0.800421718106781,0.430996309749805,3.66346863287334,2.2725263585392,4.89488666072993,0.95,2.65957654163466
19312,"Nathan Collins","Brentford","Premier League","IRL","DF",23,2001,"2024-2025",38,3420,90,100,38,90,0,0,0,38,57,0.45,6,35.3,0.16,0.12,0.33,2,3,5,0,0,0,0,2.5,2.5,0.15,0,0,20,1705,85.9,22,2,10,8,2,1.2,1.8,1.6,7,1897,83,69,3,6,11,0,0,0,0,38,1.47,20,40,24,61.1,5,41.7,74,34,77,226,29,162,0,23,12,5,36,69,6,8,117,62.9,14,9,0.24,0,66,57,59,55.4,3.6,0.09,30,0.79,32,10799,127,18,1490,1289,1,2435,10.7,32826,0,0,0,0,0,0,0,0,0,0,0,0,0,0,0.210526315789474,0.473684210526316,0.131578947368421,3.34210526315789,0.842105263157895,0.263157894736842,1.05263157894737,0.894736842105263,4.26315789473684,85.9,51.1557842081538,1.05772496541608,1.11339470043798,0.946385495372282,4.50924853677382,1.53100394090254,6.56902873258408,1,2.86901019613624
15300,"Nathan Zeze","Nantes","Ligue 1","FRA","DF",19,2005,"2024-2025",18,1512,84,49.4,17,88,1,19,4,16.8,9,0.36,2,33.3,0.12,0,0,0,0,0,0,0,0,0,0.3,0.3,0.05,0,0,13,737,85.8,9,0,1,1,0,0,0,0.2,2,826,32,20,1,4,5,0,0,0,0,15,1.17,9,38,22,69.7,1,25,61,23,22,120,17,63,0,22,16,0,33,6,0,1,28,52.8,10,0,0,0.4,17,20,16,23.3,0,0,10,0.6,2,5641,46,0,678,600,0,1083,10.5,14468,0,0,0,0,0,0,0,0,0,0,0,0,0,0,0.0595238095238095,0,0,2.73809523809524,0.119047619047619,0.0595238095238095,2.26190476190476,1.36904761904762,3.75,85.8,48.9809087179497,0.949089489073238,2.14675003480851,1.29934870527884,3.55908558402464,1.00620009287757,7.00518432411199,1,2.78983533438463
15532,"Nathaniel Adjei","Lorient","Ligue 1","GHA","DF",20,2002,"2023-2024",15,1243,83,40.6,14,88,1,12,0,13.8,8,0.29,0,0,0,0,0,0,0,0,0,0,0,0,0.4,0.4,0.09,0,0,7,578,86.4,8,0,3,2,0,0,0.1,0.5,1,628,40,27,0,3,11,0,0,0,0,13,0.93,12,13,9,85.7,1,20,31,18,15,64,10,60,2,8,3,2,7,10,2,5,30,57.7,1,0,0,0,15,27,15.8,23.6,0,0,11,0.8,10,4097,34,4,511,554,0,811,8.3,10635,0,0,0,0,0,0,0,0,0,0,0,0,0,0,0.144810941271118,0.289621882542237,0.144810941271118,2.46178600160901,0.724054706355591,0.217216411906677,0.941271118262269,1.30329847144006,4.34432823813355,86.4,48.9205962711597,0.946082153688348,0.890519806770207,1.23302742475875,4.11009141586249,1.17132016790548,6.23363864739145,1,2.62501966137963
18304,"Nathaniel Clyne","Crystal Palace","Premier League","ENG","DF",32,1991,"2023-2024",19,1338,70,39.1,14,87,5,24,18,14.9,6,0.27,0,0,0,0,0,0,0,0,0,0,0,0,0.2,0.2,0.05,0,0,12,495,82.5,6,0,3,9,2,0,0.2,0.2,4,539,58,3,0,0,55,0,0,0,0,10,1.53,13,24,15,66.7,6,37.5,34,10,18,33,6,50,1,11,11,2,21,7,0,0,13,61.9,7,15,1.01,1.7,31,16,21.5,20.9,0.6,0.04,8,0.54,10,3021,33,18,412,326,1,722,22.5,7555,0,0,0,0,0,0,0,0,0,0,0,0,0,0,0.605381165919282,1.21076233183856,0.134529147982063,2.21973094170404,0.672645739910314,0.201793721973094,1.61434977578475,0.672645739910314,3.36322869955157,82.5,55.994995941782,1.29108362583444,2.08426056188519,0.868441900785498,4.34220950392749,1.06490769357865,7.29491196659818,0.7,2.83693666741092
11132,"Nayef Aguerd","Real Sociedad","La Liga","MAR","DF",28,1996,"2024-2025",21,1760,84,51.5,21,84,0,0,3,19.6,15,0.77,5,33.3,0.26,0,0,0,0,0,0,0,1,0,2.4,2.4,0.16,0,0,6,1213,87.3,13,1,5,2,1,0,0.1,0.3,3,1330,53,38,0,34,3,0,0,0,0,17,1.48,7,30,24,66.7,2,20,43,13,21,91,11,73,0,17,12,1,18,16,0,3,61,65.6,6,3,0.15,0.91,18,15,25.9,18.8,7,0.36,16,0.82,26,8366,75,1,1138,1019,0,1594,11.5,23636,0,0,0,0,0,0,0,0,0,0,0,0,0,0,0.102272727272727,0.0511363636363636,0.0511363636363636,3.83522727272727,1.32954545454545,0.255681818181818,1.53409090909091,0.664772727272727,3.73295454545455,87.3,49.8018675524909,0.990093701694315,1.51889374691742,0.65818729033088,3.69597478416571,1.87071022048821,5.873055821414,0.95,2.78750083461948
9987,"Nehuén Pérez","Udinese","Serie A","ARG","DF",23,2000,"2023-2024",36,3238,90,94.7,36,90,0,0,0,36,26,0.56,2,10,0.06,0,0,0,0,0,0,0,1,0,1.3,1.3,0.07,0,0,27,1267,79.2,34,1,7,19,3,0,0.2,0.4,8,1386,209,94,1,29,107,0,0,0,0,34,1,18,72,48,81.3,5,33.3,117,45,53,158,34,164,0,42,28,2,48,29,0,6,81,64.8,9,0,0,1.12,36,49,37.9,47,0,0,39,1.08,28,9872,119,24,1061,998,1,1991,12.3,24513,0,0,0,0,0,0,0,0,0,0,0,0,0,0,0.528103767757875,0.667078443483632,0.0555898702903027,3.30759728227301,0.778258184064237,0.194564546016059,2.0012353304509,1.25077208153181,4.55836936380482,79.2,47.4613109716214,0.873742920936103,1.74856520310869,1.09285325194293,3.98284296263647,1.47586100228126,6.82426141768809,1,2.91682282621893
3796,"Nico Elvedi","Gladbach","Bundesliga","SUI","DF",27,1996,"2024-2025",25,2135,85,69.8,25,85,0,0,2,23.7,27,0.51,3,25,0.13,0.08,0.33,1,1,2,0,0,0,1,2,2,0.18,0,0,8,1400,92,15,0,5,1,0,0.6,0.4,0.3,2,1399,120,27,3,1,1,0,0,0,0,22,1.28,6,38,23,73.9,0,0,68,30,35,163,9,89,0,28,6,4,23,17,1,1,46,51.1,6,0,0,0,35,38,33.5,44,0,0,16,0.67,20,6356,55,5,1152,953,0,1827,8.3,22765,0,0,0,0,0,0,0,0,0,0,0,0,0,0,0.0421545667447307,0.210772833723653,0.168618266978923,2.31850117096019,0.843091334894614,0.210772833723653,1.60187353629977,1.26463700234192,3.75175644028103,92,53.5507807164667,1.17569690803522,1.88331776369108,1.48682981344033,4.41092844653963,1.16174305388399,7.78107602367103,0.95,3.08102002865491
4226,"Nico Schlotterbeck","Dortmund","Bundesliga","GER","DF",24,1999,"2024-2025",23,1982,86,64.8,23,86,0,0,0,22,15,0.77,4,23.5,0.18,0,0,0,4,4,0,0,1,0,1.3,1.3,0.08,0,0,16,1856,89.2,41,4,18,14,2,1.9,2.1,2.1,10,1941,136,47,3,21,29,5,5,0,0,21,1.39,12,38,24,60,5,22.7,60,22,31,79,18,157,1,21,16,1,45,21,0,10,52,65.8,18,5,0.23,0,37,32,37.7,26.8,10.8,0.49,50,2.27,37,13457,195,14,1674,1467,1,2297,17.2,35474,0,0,0,0,0,0,12,0,0.5,1,0.7,6,4,18,0.635721493440969,0.635721493440969,0.0454086781029263,8.85469223007064,1.68012108980827,0.817356205852674,1.7255297679112,0.998990918264379,7.12916246215944,89.2,54.5458077161083,1.2234555996802,2.11110905696583,1.22222103298022,8.72221373535884,3.89872977939322,12.0555438253049,1,5.46535505934876
13436,"Nicolas Pallois","Nantes","Ligue 1","FRA","DF",36,1987,"2024-2025",26,2017,78,65.9,23,87,3,5,6,22.4,18,0.13,1,33.3,0.04,0,0,0,2,2,0,0,1,1,0.4,0.4,0.14,0,0,30,731,83.6,11,0,3,7,1,1.6,0.4,0.4,1,813,61,32,1,4,26,0,0,0,0,19,1.19,8,61,27,58.7,4,57.1,89,28,48,164,22,96,0,44,13,4,63,2,0,3,20,55.6,26,0,0,0,29,38,27.5,39.3,0,0,11,0.49,6,5456,52,5,626,570,1,1192,22,14898,0,0,0,0,0,0,0,0,0,0,0,0,0,0,0.312345066931086,0.22310361923649,0.178482895389192,2.32027764005949,0.267724343083788,0.133862171541894,2.72186415468518,1.24938026772434,4.2835894893406,83.6,48.9809087179497,0.949089489073238,2.58329265989691,1.18577367995268,4.06550975983777,0.936608228676812,7.83457609968736,0.5,2.90861612137693
24683,"Nicolás Valentini","Hellas Verona","Serie A","ARG","DF",23,2001,"2024-2025",14,1129,81,33,13,85,1,22,0,12.5,7,0.64,0,0,0,0,0,0,0,0,0,0,1,0,0.3,0.3,0.04,0,0,8,316,67.5,11,0,6,5,0,0,0.8,0.4,2,441,26,17,1,8,9,0,0,0,0,9,0.79,5,35,23,64.5,0,0,50,15,15,97,22,43,0,22,12,1,31,14,0,2,50,79.4,11,0,0,0.66,6,11,8.9,14.7,0,0,11,0.88,4,3269,42,1,304,268,1,654,13.3,6762,0,0,0,0,0,0,0,0,0,0,0,0,0,0,0.398582816651904,0.0797165633303809,0.0797165633303809,3.348095659876,0.318866253321523,0.478299379982285,2.79007971656333,1.19574844995571,3.42781222320638,67.5,46.3165776805615,0.817883314852801,2.28195964728638,0.977982705979877,2.80355042380898,1.41400773349929,6.06349277707524,1,2.65215092652229
23945,"Nicolò Casale","Bologna","Serie A","ITA","DF",26,1998,"2024-2025",15,900,60,26.3,9,84,6,24,17,10,7,0.4,1,25,0.1,0,0,0,1,1,0,0,0,1,0.5,0.5,0.12,0,0,8,448,87.5,10,0,3,0,0,0.5,0.5,0.5,2,485,26,20,3,4,2,0,0,0,0,7,1.73,9,11,5,50,0,0,28,17,15,43,23,43,0,4,6,1,10,9,0,1,32,58.2,5,0,0,0,14,16,11.9,9.2,2.7,0.27,12,1.2,3,3003,29,2,353,328,0,615,9.7,8803,0,0,0,0,0,0,4,0,0,0,0,0,0,0,0,0.2,0.1,2.9,0.3,0.3,1.1,1.7,4.3,87.5,50.9361806800889,1.04677487640656,1.15145236404722,1.77951728989115,4.50113196854821,1.19857371350568,7.43210162248658,0.95,2.98655997214824
3369,"Niklas Stark","Werder Bremen","Bundesliga","GER","DF",29,1995,"2024-2025",26,2106,81,68.8,25,84,1,13,1,23.4,27,0.51,3,25,0.13,0,0,0,1,1,0,0,0,0,1.1,1.1,0.09,0,0,14,1098,85.6,9,1,1,3,0,0.9,0.1,0.3,3,1228,54,44,0,2,8,0,0,0,0,17,1.65,7,33,21,66.7,0,0,69,36,41,129,30,73,0,20,11,2,21,14,2,0,48,60.8,7,1,0.04,0.42,38,37,33.8,31,2.8,0.12,11,0.47,7,7753,62,3,1003,882,0,1558,15.9,21262,0,0,0,0,0,0,0,0,0,0,0,0,0,0,0.128205128205128,0.128205128205128,0.0854700854700855,2.64957264957265,0.299145299145299,0.0427350427350427,1.41025641025641,1.53846153846154,3.11965811965812,85.6,54.8739265390465,1.23898403234418,1.74728517381872,1.90612928052951,3.86520659662928,1.03390884646066,7.5186210509775,0.85,2.92474985387751
3370,"Niklas Süle","Dortmund","Bundesliga","GER","DF",28,1995,"2024-2025",15,1053,70,34.4,12,80,3,31,6,11.7,6,0.77,2,22.2,0.17,0,0,0,0,0,0,0,1,0,0.6,0.6,0.07,0,0,5,870,92.8,14,0,3,1,0,0,0.1,0.4,0,895,41,19,0,4,8,0,0,0,0,5,2.07,3,14,12,71.4,4,57.1,18,4,11,46,5,53,0,9,5,0,14,9,0,0,12,66.7,4,9,0.77,0.28,27,18,21.3,19.8,1.4,0.12,15,1.28,15,5368,47,10,798,668,0,1038,16.2,15061,0,0,0,0,0,0,5,0,0,0,0.1,1,0,4,0.0854700854700855,0.854700854700855,0,4.01709401709402,1.28205128205128,0.256410256410256,1.1965811965812,0.341880341880342,4.52991452991453,92.8,54.5458077161083,1.2234555996802,1.4639639654293,0.418275418694085,5.54214929769663,1.91707030847763,7.42438868182002,0.95,3.27694472793706
19808,"Nikola Milenković","Nott'ham Forest","Premier League","SRB","DF",26,1997,"2024-2025",37,3330,90,97.4,37,90,0,0,0,37,24,0.78,8,27.6,0.22,0.17,0.63,5,2,7,0,0,0,0,4,4,0.14,1,1,17,850,82.3,16,0,9,0,0,0.9,1.1,0.5,2,994,32,32,0,3,0,0,0,0,0,37,1.73,4,51,29,79.4,0,0,78,27,41,209,20,85,1,36,13,2,34,64,2,2,101,72.1,7,12,0.32,0.32,57,45,44.2,47.7,0,0,21,0.57,3,6325,51,6,727,547,2,1412,11.6,17093,0,0,0,0,0,0,0,0,0,0,0,0,0,0,0,0.162162162162162,0.0540540540540541,1.37837837837838,0.0810810810810811,0.243243243243243,1.37837837837838,0.72972972972973,2.2972972972973,82.3,49.4014778657276,0.970082823746963,1.33714118948906,0.707898276788324,2.22856864914843,0.578483142124934,4.27360811542581,0.95,1.78577569147772
22768,"Norbert Gyömbér","Salernitana","Serie A","SVK","DF",31,1992,"2023-2024",22,1760,80,51.5,20,82,2,58,3,19.6,23,0.2,0,0,0,0,0,0,0,0,0,0,1,1,0.2,0.2,0.04,0,0,10,630,84,8,0,5,0,0,0,0.2,0.1,0,709,39,30,0,1,9,0,0,0,0,14,0.55,16,36,18,76.9,3,33.3,59,23,33,77,33,111,0,30,6,0,26,8,0,2,31,52.5,6,0,0,0.02,16,41,14.9,34.7,0,0,9,0.46,4,4495,42,2,460,427,0,961,13.7,11574,0,0,0,0,0,0,0,0,0,0,0,0,0,0,0,0.102272727272727,0,2.14772727272727,0.204545454545455,0.255681818181818,1.84090909090909,1.17613636363636,5.67613636363636,84,41.8777717068792,0.614834053249321,1.13185359802716,0.723128687628463,3.48988192725041,0.891586582288378,5.34486421290603,0.85,2.21409389678716
4232,"Obite N'Dicka","Roma","Serie A","CIV","DF",24,1999,"2024-2025",38,3420,90,100,38,90,0,0,0,38,30,0.47,5,27.8,0.13,0,0,0,1,1,0,0,0,0,1,1,0.06,0,0,16,2295,92.1,30,0,8,0,0,0.3,0.7,0.4,3,2374,115,56,0,4,5,0,0,0,0,38,1.82,20,32,26,66.7,2,66.7,65,33,46,150,37,134,0,17,15,0,21,26,1,3,61,55.5,7,21,0.55,0,56,35,53,40.9,12.1,0.32,33,0.87,29,14137,107,5,2065,1734,0,2823,11.2,42188,0,0,0,0,0,0,0,0,0,0,0,0,0,0,0,0.131578947368421,0,2.81578947368421,0.763157894736842,0.210526315789474,0.842105263157895,0.868421052631579,3.52631578947368,92.1,38.8264913565029,0.493006003155632,0.415162950025795,0.428136792214101,1.73849485323302,1.30540343693251,2.58179459547291,1,1.58879975341488
4708,"Odilon Kossounou","Atalanta","Serie A","CIV","DF",23,2001,"2024-2025",18,1125,63,32.9,12,81,6,26,2,12.5,6,0.48,4,66.7,0.32,0,0,0,0,0,0,0,0,0,0.5,0.5,0.09,0,0,10,599,88.2,6,0,1,3,0,0,0,0.2,2,653,25,16,1,3,9,0,0,0,0,8,2.22,12,16,11,46.2,7,58.3,29,13,16,25,15,62,0,8,6,2,13,15,1,3,23,57.5,7,10,0.8,0,25,15,22.6,12.6,10,0.8,7,0.56,13,3587,46,14,532,456,4,790,17.5,10625,0,0,0,0,0,0,4,0,0.2,2,0.4,3,1,2,0.24,1.12,0.16,3.68,1.04,0.08,1.28,1.04,4.96,88.2,52.0701529523836,1.10313957039168,1.41201865010135,1.14726515320735,5.47157226914273,1.66202623068908,8.03085607245143,1,3.36226731401106
4093,"Ohis Felix Uduokhai","Augsburg","Bundesliga","GER","DF",25,1997,"2023-2024",33,2921,89,95.5,33,89,0,0,0,32.5,35,0.4,3,23.1,0.09,0.15,0.67,2,0,2,0,0,0,1,1.4,1.4,0.11,0.6,0.6,10,1349,81.4,12,2,9,3,0,0,0.8,1.3,5,1562,91,45,0,11,4,0,0,0,0,31,1.15,17,37,21,64,1,14.3,83,46,45,178,29,150,3,18,14,5,25,53,0,7,111,62,9,0,0,0,49,59,42.2,54.9,0,0,20,0.62,25,9681,101,6,1202,1077,1,2036,9.2,25826,0,0,0,0,0,0,0,0,0,0,0,0,0,0,0.0924340979116741,0.184868195823348,0.15405682985279,3.11194796302636,0.770284149263951,0.277302293735022,1.14002054091065,1.41732283464567,4.6217048955837,81.4,55.908297855111,1.28711102872824,1.46733301118283,1.82425185174081,5.94864734263308,1.43046303881492,9.24023220555672,0.95,3.61565487719298
4546,"Omar Alderete","Getafe","La Liga","PAR","DF",27,1996,"2024-2025",34,2971,87,86.9,34,87,0,0,0,33,22,1.15,10,26.3,0.3,0.03,0.1,1,0,1,0,0,4,0,1.7,1.7,0.04,0,0,16,724,65.5,28,1,11,6,2,0,0.9,0.9,15,1026,67,61,3,29,0,0,0,0,0,27,1.21,30,43,29,66.7,10,35.7,83,40,38,241,33,115,1,30,11,2,30,39,8,9,101,66.4,10,0,0,0.31,32,35,33.5,40.5,0,0,37,1.12,25,7859,112,7,658,633,2,1585,21.9,16992,0,0,0,0,0,0,0,0,0,0,0,0,0,0,0.181756984180411,0.212049814877146,0.0605856613934702,3.39279703803433,0.757320767418378,0.333221137664086,1.30259171995961,1.2117132278694,3.48367553012454,65.5,47.5943434118843,0.880293915445743,1.14666356539045,1.06666378175856,3.06665837255585,1.53987763401067,5.27998571970486,0.95,2.45544676951572
14429,"Oumar Solet","Udinese","Serie A","FRA","DF",24,2000,"2024-2025",19,1672,88,48.9,19,88,0,0,0,18.6,19,0.65,7,58.3,0.38,0.08,0.14,1,2,3,0,0,0,0,0.8,0.8,0.06,0.2,0.2,13,982,88.5,27,1,17,9,2,0.8,1.2,0.8,9,1028,78,31,3,8,2,0,0,0,0,17,1.05,17,33,19,70,5,16.1,50,17,32,78,17,92,1,18,13,2,30,15,0,11,20,50,9,0,0,0.04,17,24,20.7,23.3,0,0,33,1.78,20,5319,65,6,874,806,2,1325,21.5,19162,0,0,0,0,0,0,0,0,0,0,0,0,0,0,0.48444976076555,0.322966507177034,0.107655502392345,3.4988038277512,1.07655502392344,0.915071770334928,1.77631578947368,0.915071770334928,4.95215311004785,88.5,47.4613109716214,0.873742920936103,1.55204334639966,0.799537481478611,4.32690872329601,1.8648530637218,6.67848955117428,1,3.03798809084101
4233,"Ozan Kabak","Hoffenheim","Bundesliga","TUR","DF",23,2000,"2023-2024",28,2282,82,74.6,28,82,0,0,1,25.4,21,0.75,7,36.8,0.28,0.21,0.57,4,0,4,0,0,1,0,2.2,2.2,0.11,1.8,1.8,22,1159,85.3,15,0,8,3,2,0,1.1,1.7,16,1337,19,19,4,11,0,0,0,0,0,17,1.29,13,48,35,57.6,5,33.3,94,46,43,106,31,96,0,32,14,2,33,28,0,5,68,59.1,14,0,0,0,46,52,38.2,43.2,0,0,22,0.87,21,7126,110,11,1093,947,2,1665,12.2,21139,0,0,0,0,0,0,0,0,0,0,0,0,0,0,0.118317265556529,0.433829973707274,0.0788781770376862,4.33829973707274,0.828220858895706,0.315512708150745,1.89307624890447,1.81419807186678,3.78615249780894,85.3,54.0869850687588,1.20155152838576,2.27462866022195,2.17985246604603,4.54925732044389,1.88624353476573,9.00373844671187,1,3.74091894791985
8857,"Pablo Marí","Fiorentina","Serie A","ESP","DF",30,1993,"2024-2025",13,1098,84,32.1,12,90,1,18,1,12.2,14,0.41,1,20,0.08,0,0,0,0,0,0,0,0,0,0.1,0.1,0.03,0,0,5,565,91.3,9,0,0,0,0,0,0,0.1,0,594,21,13,0,0,2,0,0,0,0,12,1.77,0,14,9,54.5,1,100,39,25,19,94,14,39,0,11,3,0,11,5,0,2,31,72.1,5,5,0.41,0,19,14,15.6,16.6,0,0,10,0.82,2,3710,27,0,467,409,0,784,21.6,10152,0,0,0,0,0,0,0,0,0,0,0,0,0,0,0,0,0,2.21311475409836,0.163934426229508,0,1.14754098360656,2.04918032786885,3.19672131147541,91.3,45.0621038720797,0.758002477888911,0.869838909052849,1.5532837661658,2.42312267521865,0.822556625565152,4.8462453504373,0.85,2.04419625535725
23111,"Patric","Lazio","Serie A","ESP","DF",30,1993,"2023-2024",20,1608,80,47,19,82,1,45,8,17.9,9,0.34,2,33.3,0.11,0.33,1,2,0,2,0,0,0,0,1.4,1.4,0.23,0.6,0.6,6,1051,87.7,7,0,4,11,1,0,0.2,0.3,6,1143,51,34,2,11,16,0,0,0,0,17,1.85,4,13,8,44.4,0,0,19,6,15,44,8,71,1,10,3,0,18,7,0,0,9,34.6,10,13,0.73,0.88,25,12,24.2,16,8.2,0.46,9,0.5,3,7423,72,12,983,791,0,1295,19.5,20688,0,0,0,0,0,0,5,0,0,0,0.1,2,0,6,0.615671641791045,0.671641791044776,0,4.02985074626866,0.167910447761194,0.223880597014925,0.727611940298508,0.335820895522388,3.97388059701493,87.7,44.714770051927,0.741722883753554,0.539686426611728,0.249086043051567,2.94751817611021,1.51954670427489,3.7362906457735,0.85,1.98640587544201
5048,"Patrick Mainka","Heidenheim","Bundesliga","GER","DF",29,1994,"2024-2025",34,3060,90,100,34,90,0,0,0,34,36,0.74,8,32,0.24,0.04,0.13,1,1,2,0,0,0,0,1.9,1.9,0.08,0,0,25,1425,85.4,23,0,7,4,0,0.7,0.3,0.7,5,1631,33,28,1,1,3,0,0,0,0,34,0.85,16,58,30,63.6,3,27.3,126,68,61,206,17,152,0,36,20,2,55,43,2,8,109,63.7,20,0,0,0,37,64,40.3,57.6,0,0,28,0.82,21,12007,102,12,1257,1171,1,2136,14.1,28334,0,0,0,0,0,0,0,0,0,0,0,0,0,0,0.117647058823529,0.352941176470588,0.0588235294117647,3,0.617647058823529,0.205882352941176,1.70588235294118,2,4.47058823529412,85.4,60.9058856972638,1.4969850738419,2.55368042008324,2.9939701476838,6.69240385952849,1.31645411844969,12.2400544272955,0.85,4.45399797556854
10940,"Pau Cubarsí","Barcelona","La Liga","ESP","DF",17,2007,"2024-2025",35,2618,75,76.5,29,84,6,30,3,29.1,9,0.28,0,0,0,0,0,0,3,3,0,0,1,0,0.8,0.8,0.1,0,0,3,2434,93.5,34,0,9,2,1,1.4,1.6,1,4,2516,84,67,4,7,7,0,0,0,0,20,2.26,7,34,23,63.3,2,25,50,16,12,86,24,102,0,21,10,3,30,17,0,1,62,58.5,11,49,1.68,0.11,81,32,66.7,32.5,34.2,1.18,35,1.2,26,16006,191,6,2193,1823,0,2805,8.9,45654,0,0,1,0,0,0,13,0,0.2,1,0.3,4,3,13,0.0687547746371276,0.206264323911383,0.103132161955691,6.56608097784568,0.893812070282659,0.309396485867074,1.16883116883117,0.550038197097021,3.50649350649351,93.5,44.9600371012476,0.753203972933694,0.88036828005237,0.414290955318762,2.64110484015711,2.6774096402718,3.93576407552824,1,2.54519307876719
11144,"Pau Navarro","Villarreal","La Liga","ESP","DF",19,2005,"2024-2025",17,916,54,26.8,8,74,9,36,21,10.2,6,0.1,0,0,0,0,0,0,0,0,0,0,0,0,0,0,0.01,0,0,7,517,89.6,6,0,1,2,0,0,0,0.2,1,497,78,19,0,2,59,0,0,0,0,3,2.24,4,23,17,48.7,4,57.1,27,4,13,41,10,46,0,15,6,2,39,2,0,4,9,39.1,20,12,1.18,0.89,28,16,18.7,12.9,5.8,0.57,6,0.59,3,3122,40,7,403,322,0,668,30.4,8684,0,0,0,0,0,0,0,0,0,0,0,0,0,0,0.196506550218341,0.687772925764192,0.196506550218341,3.93013100436681,0.294759825327511,0.0982532751091703,2.25982532751092,0.393013100436681,4.51965065502183,89.6,46.3846793582683,0.821177494131129,1.85571769961947,0.3227335129773,3.71143539923895,1.49172584197578,5.88988661183572,1,2.65325632034103
9838,"Pau Torres","Aston Villa","Premier League","ESP","DF",27,1997,"2024-2025",24,2020,84,59.1,23,87,1,21,4,22.4,11,0.36,2,25,0.09,0,0,0,0,0,0,0,0,0,0.5,0.5,0.06,0,0,5,1217,88.9,11,0,3,3,0,0,0.1,0.4,8,1248,117,67,4,12,3,0,0,0,0,22,1.58,6,21,15,58.8,2,11.8,31,10,16,75,8,62,0,11,8,2,17,17,0,5,18,38.3,7,0,0,0,30,33,30.7,29.5,1.3,0.06,14,0.62,40,7907,97,8,1090,965,0,1518,11.7,21319,0,0,0,0,0,0,9,0,0.6,2,0.1,2,2,11,0.133663366336634,0.356435643564356,0.0891089108910891,4.32178217821782,1.78217821782178,0.133663366336634,0.935643564356436,0.445544554455446,2.76237623762376,88.9,42.059120511281,0.622583164424551,0.582515931070496,0.277388538604998,1.71980893935099,2.16125160641338,2.57971340902648,0.95,1.91731466527329
23779,"Paweł Dawidowicz","Hellas Verona","Serie A","POL","DF",28,1995,"2023-2024",28,2143,77,62.7,25,84,3,15,2,23.8,9,0.38,1,11.1,0.04,0,0,0,0,0,0,0,0,1,0.5,0.5,0.06,0,0,8,972,82.9,8,1,2,2,0,0,0,0.1,2,1102,70,52,0,11,10,0,0,0,0,21,1,13,53,30,58.6,1,20,77,24,17,114,33,139,0,33,18,2,29,14,0,5,67,69.1,12,0,0,0,20,31,21.3,29.9,0,0,11,0.46,11,7048,89,5,787,749,0,1425,11.5,20339,0,0,0,0,0,0,0,0,0,0,0,0,0,0,0.0839944003733085,0.209986000933271,0.0839944003733085,3.73775081661223,0.461969202053196,0.0839944003733085,2.22585160989267,1.0079328044797,5.83761082594494,82.9,46.3165776805615,0.817883314852801,1.82048689306946,0.824371423276738,4.77448449314444,1.47977037322771,7.41934280949064,0.95,3.09061099213828
4100,"Philipp Lienhart","Freiburg","Bundesliga","AUT","DF",28,1996,"2024-2025",32,2770,87,90.5,31,87,1,71,0,30.8,20,0.26,1,12.5,0.03,0.13,1,1,0,1,0,0,0,0,0.5,0.5,0.06,0.5,0.5,11,1943,86.2,20,4,6,9,0,0,0.8,1,9,2089,156,54,0,18,48,0,0,0,0,28,1.63,10,22,13,48.4,5,50,58,36,31,124,22,113,1,12,10,0,31,19,3,2,57,61.3,16,0,0,0.56,42,44,40,36.3,3.8,0.12,26,0.84,44,13902,138,9,1712,1444,1,2520,13.8,37592,0,0,0,0,0,0,0,0,0,0,0,0,0,0,0.292418772563177,0.292418772563177,0,4.48375451263538,1.42960288808664,0.194945848375451,0.714801444043321,1.16967509025271,3.67148014440433,86.2,53.4829516230885,1.17240819852069,0.838039073310818,1.3713366654177,4.30447342200557,2.11168644855523,6.51384916073409,0.95,3.07502932764232
24485,"Pietro Comuzzo","Fiorentina","Serie A","ITA","DF",19,2005,"2024-2025",33,2200,67,64.3,24,85,9,18,4,24.4,22,0.2,2,40,0.08,0.2,0.5,1,0,1,0,0,0,0,0.5,0.5,0.1,0.5,0.5,13,1085,85.7,17,0,7,3,0,0,0.6,0.2,4,1221,42,25,0,3,17,0,0,0,0,18,1.88,15,43,21,79.3,2,100,72,29,35,113,25,86,2,29,11,3,29,9,0,4,63,59.4,6,10,0.41,0,35,25,32.8,26.1,6.7,0.27,20,0.82,14,6285,75,12,982,892,1,1533,13,22161,0,0,0,0,0,0,0,0,0,0,0,0,0,0,0.122727272727273,0.490909090909091,0.122727272727273,3.06818181818182,0.572727272727273,0.286363636363636,1.75909090909091,1.18636363636364,3.51818181818182,85.7,45.0621038720797,0.758002477888911,1.33339526792277,0.899266576040935,2.66679053584553,1.34855296933756,4.89945237980923,1,2.29495690167779
19668,"Radu Drăgușin","Tottenham","Premier League","ROU","DF",22,2002,"2024-2025",16,1252,78,36.6,14,83,2,43,7,13.9,16,0.36,1,20,0.07,0,0,0,0,0,0,0,0,0,0.1,0.1,0.02,0,0,6,716,85.2,8,0,4,1,1,0,0.4,0.2,2,793,47,40,1,3,3,0,0,0,0,11,0.88,8,10,6,50,0,0,25,15,22,49,6,48,0,8,2,0,12,12,0,2,33,60,6,0,0,0,25,29,21.8,29.7,0,0,8,0.58,7,5250,37,2,669,623,0,961,12.7,13638,0,0,0,0,0,0,0,0,0,0,0,0,0,0,0.0718849840255591,0.143769968051118,0,2.65974440894569,0.503194888178914,0.287539936102236,0.718849840255591,1.07827476038339,3.45047923322684,85.2,50.2756247983609,1.01378036752813,0.728755855251851,1.09313378287778,3.49802810520888,1.18328051283447,5.31991774333851,1,2.35448752813534
10596,"Rafa Marín","Alavés","La Liga","ESP","DF",21,2002,"2023-2024",33,2443,74,71.4,27,87,6,15,3,27.1,21,0.48,3,23.1,0.11,0,0,0,0,0,0,0,0,1,0.7,0.7,0.05,0,0,13,846,82.5,16,1,5,1,0,0,0.3,0.4,2,962,60,54,0,23,3,0,0,0,0,26,1.18,11,32,20,51.9,1,20,65,33,34,129,28,117,0,23,9,0,27,25,0,4,56,56.6,13,0,0,0,23,36,30.5,33.8,0,0,18,0.66,13,7334,77,6,696,628,0,1303,14.5,17631,0,0,0,0,0,0,0,0,0,0,0,0,0,0,0.0368399508800655,0.221039705280393,0,2.83667621776504,0.478919361440851,0.184199754400327,1.1788784281621,1.21571837904216,4.31027425296766,82.5,44.7233003387887,0.742120990405867,0.874870426675766,0.902210127509384,3.19874499753327,1.20462857566283,4.97582555171842,1,2.25709909578066
8873,"Raphaël Varane","Manchester Utd","Premier League","FRA","DF",30,1993,"2023-2024",22,1375,63,40.2,16,81,6,12,4,15.3,18,0.52,2,25,0.13,0.13,0.5,1,0,1,0,0,0,0,1.3,1.3,0.16,0,0,5,694,88.9,13,1,1,0,0,0,0.1,0.6,4,708,69,24,1,0,3,0,0,0,0,12,1.91,6,18,11,71.4,1,50,33,15,23,88,8,67,0,10,7,1,14,11,2,2,21,80.8,4,2,0.13,0.26,25,23,25.2,27.5,0,0,16,1.05,16,3767,59,2,569,549,0,945,9.2,11976,0,0,0,0,0,0,4,0,0,0,0,0,0,2,0,0.130909090909091,0.0654545454545455,3.86181818181818,1.04727272727273,0.0654545454545455,1.17818181818182,0.981818181818182,4.38545454545455,88.9,50.5857290519287,1.02927808250729,1.21267672266313,1.01056393555261,4.51385224546833,1.72302343100255,6.73709290368408,0.85,2.96923724350624
15321,"Rasmus Nicolaisen","Toulouse","Ligue 1","DEN","DF",26,1997,"2023-2024",33,2925,89,95.6,33,89,0,0,0,32.5,33,0.58,5,26.3,0.15,0.11,0.4,2,0,2,0,0,2,0,1.1,1.1,0.06,0.9,0.9,11,1426,84.9,8,0,5,0,0,0,0.6,0.5,2,1616,61,42,1,4,4,0,0,0,0,31,1.21,10,50,30,59.1,1,25,92,42,44,158,45,150,2,39,11,0,44,44,0,2,108,75,18,0,0,0,39,44,38.4,45.6,0,0,16,0.49,5,10332,95,11,1246,1343,0,2027,10.3,27959,0,0,0,0,0,0,0,0,0,0,0,0,0,0,0,0.338461538461538,0,2.92307692307692,0.153846153846154,0.153846153846154,1.53846153846154,1.29230769230769,4.61538461538461,84.9,48.7608592055531,0.938122116379821,1.44326479443049,1.21234242732162,4.32979438329148,1.11090691379303,6.98540160504359,0.95,2.81488324703029
7943,"Raúl Albiol","Villarreal","La Liga","ESP","DF",38,1985,"2024-2025",15,1188,79,34.7,14,84,1,6,13,13.2,9,0.15,0,0,0,0,0,0,0,0,0,0,2,1,0.1,0.1,0.05,0,0,1,727,89.4,4,0,0,0,0,0,0,0.1,1,778,33,25,1,4,0,0,0,0,0,12,1.73,3,10,9,60,0,0,16,6,10,69,11,44,0,9,1,0,10,3,0,1,29,67.4,4,6,0.45,0,26,20,22.3,13.8,8.5,0.64,5,0.38,3,6006,34,0,652,514,0,915,9.6,14582,0,0,0,0,0,0,0,0,0,0,0,0,0,0,0,0,0,2.57575757575758,0.227272727272727,0,0.757575757575758,0.454545454545455,3.33333333333333,89.4,46.3846793582683,0.821177494131129,0.622104162220552,0.373262497332331,2.73725831377043,0.970178179096824,3.73262497332331,0.5,1.69725876363572
11153,"Raúl Asencio","Real Madrid","La Liga","ESP","DF",21,2003,"2024-2025",23,1670,73,48.8,18,84,5,32,3,18.6,6,0.16,1,33.3,0.05,0,0,0,1,1,0,0,0,0,0.1,0.1,0.04,0,0,5,927,93.8,11,0,6,0,0,0.4,0.6,0.4,3,926,61,33,1,8,8,0,0,0,0,13,2.43,5,22,16,76.9,0,0,38,16,11,88,12,75,0,18,4,0,13,11,1,6,30,66.7,3,21,1.13,0.15,37,16,40.2,20.6,19.7,1.06,12,0.65,5,5389,27,4,807,720,1,1149,21.4,15881,0,0,0,0,0,0,10,0,0.1,1,0.3,1,1,4,0,0.215568862275449,0,1.45508982035928,0.269461077844311,0.323353293413174,1.18562874251497,0.862275449101796,4.04191616766467,93.8,45.7904085851232,0.792574517594377,0.93969912864483,0.683417548105331,3.20351975674374,0.695521430931238,4.8266364334939,1,2.01999950242067
10381,"Raúl Torrente","Granada","La Liga","ESP","DF",21,2001,"2023-2024",17,1250,74,36.5,14,85,3,21,13,13.9,10,0.22,0,0,0,0,0,0,0,0,0,0,1,1,0.2,0.2,0.05,0,0,6,605,79.2,7,0,3,2,0,0,0.4,0.3,1,738,25,19,0,3,2,0,0,0,0,10,0.35,1,29,16,77.3,1,100,40,11,16,68,18,56,0,20,9,0,22,9,1,1,22,59.5,5,0,0,0,11,28,15.4,22.9,0,0,7,0.5,4,4811,33,2,595,534,1,915,14.7,12521,0,0,0,0,0,0,0,0,0,0,0,0,0,0,0.144,0.144,0,2.376,0.288,0.216,2.088,0.792,4.032,79.2,49.2593904755677,0.962986440589189,2.01071568795023,0.762685260946638,3.88276132845561,0.987845935965425,6.65616227735248,1,2.67118705759191
10599,"Reinildo Mandava","Atlético Madrid","La Liga","MOZ","DF",30,1994,"2024-2025",19,941,50,27.5,10,76,9,20,19,10.5,5,0.1,1,100,0.1,0,0,0,0,0,0,0,1,0,0.1,0.1,0.07,0,0,6,515,84.2,6,0,2,8,0,0,0.1,0.2,2,517,95,11,0,1,84,0,0,0,0,6,1.74,8,18,11,55.6,9,50,34,16,11,35,19,52,1,10,7,1,18,8,1,4,10,41.7,8,3,0.29,0,15,12,11.8,12.4,0,0,7,0.67,14,2969,34,15,459,421,2,717,9.3,7852,0,0,0,0,0,0,6,0,0,0,0.1,1,0,1,0.765143464399575,1.4346439957492,0.0956429330499469,3.25185972369819,1.33900106269926,0.191285866099894,1.72157279489904,1.53028692879915,4.97343251859724,84.2,50.6934097653023,1.03465660313819,1.78123666002536,1.5833214755781,5.14579479562883,1.65294509930676,8.5103529312323,0.85,3.46848391909239
4883,"Renato Veiga","Juventus","Serie A","POR","DF",21,2003,"2024-2025",13,1093,84,32,12,87,1,45,1,12.1,13,0.99,5,41.7,0.41,0,0,0,1,1,0,0,0,0,1,1,0.09,0,0,4,500,88,9,0,2,0,0,0.9,0.1,0.2,2,530,38,23,1,4,0,0,0,0,0,11,2.08,2,17,12,64.3,0,0,36,19,17,81,9,38,0,7,9,1,14,11,1,0,27,71.1,5,7,0.58,0,18,11,15.2,10.5,4.7,0.39,9,0.74,9,3525,40,0,423,388,0,727,14.6,10016,0,0,0,0,0,0,2,0,0,0,0.1,0,0,0,0,0,0.0823421774931382,3.29368709972553,0.741079597438243,0.164684354986276,1.39981701738335,1.56450137236962,3.12900274473925,88,43.470460765247,0.684648372987312,0.958382443431461,1.07113331912928,2.14226663825856,1.44893164830231,4.1717824008193,1,2.11910737956672
19815,"Riccardo Calafiori","Bologna","Serie A","ITA","DF",21,2002,"2023-2024",30,2349,78,68.7,26,89,4,12,6,26.1,13,0.65,6,35.3,0.23,0.12,0.33,2,5,7,0,0,2,1,1.4,1.4,0.08,0.6,0.6,25,1622,89.6,36,0,17,9,3,3.8,1.2,0.9,10,1720,89,38,2,16,17,0,0,0,0,23,1.97,31,47,32,68.8,7,33.3,97,50,38,74,35,194,3,28,16,3,32,23,2,12,60,71.4,10,23,0.88,0.97,43,20,33.9,25.8,8.1,0.31,46,1.77,28,8660,96,23,1408,1291,1,2103,17.9,28565,0,0,0,0,0,0,0,0,0,0,0,0,0,0,0.344827586206897,0.881226053639847,0.114942528735632,3.67816091954023,1.0727969348659,0.651340996168582,1.8007662835249,1.91570881226054,7.43295019157088,89.6,50.9361806800889,1.04677487640656,1.88499690387388,2.00531585518498,7.78062551811773,1.8457464752056,11.6709382771766,1,4.52918007323521
3257,"Robin Knoche","Union Berlin","Bundesliga","GER","DF",31,1992,"2023-2024",24,1917,80,62.6,20,89,4,33,7,21.3,19,0.33,3,42.9,0.14,0.14,0.33,1,0,1,0,1,1,1,1.2,0.4,0.06,0,0.6,8,931,80.7,9,1,3,3,0,0,0.3,0.4,3,1109,42,29,0,4,8,0,0,0,0,18,1.08,16,34,22,63.3,1,20,47,13,27,73,10,152,0,27,7,0,30,14,0,0,46,52.9,11,0,0,1.21,25,31,24.8,31.9,0,0,13,0.61,2,7064,71,2,787,713,0,1342,13.3,18490,0,0,0,0,0,0,3,0,0,0,0,1,0,2,0.140845070422535,0.0938967136150235,0,3.33333333333333,0.0938967136150235,0.140845070422535,1.5962441314554,0.610328638497653,7.13615023474178,80.7,59.562811216817,1.44475321249754,2.30617883685053,0.881774261148733,10.3099759765083,1.22766358918833,13.4979290745075,0.85,4.79114415802759
4107,"Robin Koch","Eint Frankfurt","Bundesliga","GER","DF",28,1996,"2024-2025",30,2586,86,84.5,30,86,0,0,0,28.7,25,0.52,6,40,0.21,0.2,0.5,3,0,3,0,0,1,0,1.7,1.7,0.12,1.3,1.3,14,1631,90.7,18,0,7,1,0,0,0.2,0.5,5,1690,107,46,0,6,3,0,0,0,0,27,1.87,12,24,11,45.5,2,66.7,49,25,39,197,24,112,0,14,8,2,22,29,1,3,102,68,12,25,0.87,1.44,62,37,56.8,39.7,17.2,0.6,21,0.73,9,10229,93,4,1397,1244,0,2148,17.6,30310,0,0,0,0,0,0,0,0,0,0,0,0,0,0,0.0348027842227378,0.139211136890951,0.0696055684454756,3.23665893271462,0.31322505800464,0.243619489559165,0.835266821345708,0.870069605568445,3.89791183294664,90.7,57.6304744286591,1.36403000129504,1.13932900340189,1.1868010452103,5.31686868254215,1.30252559244728,7.64299873115434,0.95,3.09460985632522
10008,"Robin Le Normand","Atlético Madrid","La Liga","ESP","DF",27,1996,"2024-2025",27,2151,80,62.9,24,87,3,18,3,23.9,9,0.46,3,27.3,0.13,0.09,0.33,1,0,1,0,0,1,0,1.5,1.5,0.13,0,0,11,1174,90.4,4,0,3,1,0,0,0.5,1,2,1263,34,26,0,5,4,0,0,0,0,23,1.93,14,27,18,60,2,50,37,10,20,120,35,82,0,23,4,0,20,19,3,6,54,58.1,8,22,0.92,0,39,17,40.9,21.1,19.8,0.83,7,0.29,11,6230,55,6,1100,1001,0,1523,8.6,20104,0,0,0,0,0,0,5,0,0,0,0,0,2,2,0.0418410041841004,0.251046025104602,0,2.30125523012552,0.460251046025105,0.125523012552301,1.12970711297071,0.418410041841004,3.43096234309623,90.4,50.6934097653023,1.03465660313819,1.16885892404733,0.432910712610121,3.54986784340299,0.995266441831162,5.15163748006044,0.95,2.2239978207506
10199,"Ronald Araújo","Barcelona","La Liga","URU","DF",24,1999,"2023-2024",25,1997,80,58.4,21,88,4,38,7,22.2,11,1.04,9,39.1,0.41,0.04,0.11,1,2,3,0,0,1,0,2.1,2.1,0.09,0,0,9,1458,88.8,14,0,8,8,1,0.6,1.4,1.7,6,1540,93,45,3,14,37,0,0,0,0,20,2,14,27,22,70.6,2,18.2,39,12,20,66,25,102,0,11,15,1,17,34,0,4,60,73.2,5,19,0.86,0,50,31,47.9,26.7,21.3,0.96,22,0.99,24,10325,101,11,1350,1177,2,1811,12.4,27691,0,0,0,0,0,0,8,0,0.9,0,0.3,6,0,10,0.360540811216825,0.495743615423135,0.0450676014021032,4.55182774161242,1.08162243365048,0.360540811216825,1.21682523785679,0.540811216825238,4.59689534301452,88.8,44.9600371012476,0.753203972933694,0.916517603519718,0.407341157119875,3.46239983551893,2.0628377621816,4.78625859615853,1,2.5498126837202
19195,"Rúben Dias","Manchester City","Premier League","POR","DF",27,1997,"2024-2025",27,2271,84,66.4,25,90,2,11,0,25.2,20,0.83,7,33.3,0.28,0,0,0,0,0,0,0,1,1,1.5,1.5,0.07,0,0,3,2167,93.5,17,0,5,3,0,0,0.3,1.2,12,2234,80,43,0,10,2,0,0,0,0,25,2.11,8,17,11,53.8,1,33.3,37,20,23,71,12,78,2,7,9,1,13,26,0,1,37,52.1,6,29,1.15,1.23,50,21,46.2,28.8,17.5,0.69,26,1.03,43,12143,160,8,2016,1775,1,2499,19.4,37644,0,0,0,0,0,0,7,0,0,0,0.2,1,0,3,0.11889035667107,0.317040951122853,0.0396301188903567,6.34081902245707,1.70409511228534,0.198150594451783,0.673712021136063,0.792602377807133,3.09114927344782,93.5,43.7763532889529,0.698487670245319,0.470579540059594,0.553622988305405,2.15912965439108,2.85106753877511,3.18333218275608,0.95,2.37892667033687
24494,"Saba Goglichidze","Empoli","Serie A","GEO","DF",20,2004,"2024-2025",33,2539,77,74.2,29,82,4,41,4,28.2,17,0.21,0,0,0,0,0,0,1,1,0,0,0,0,0.3,0.3,0.05,0,0,19,724,77.9,11,0,3,5,1,0.7,0.3,0.2,1,858,69,61,0,7,6,0,0,0,0,17,0.64,19,64,37,49,4,40,97,33,36,97,26,108,2,36,25,3,51,13,1,5,28,34.1,26,0,0,0,25,49,23.7,38.7,0,0,13,0.46,12,5046,45,9,663,564,2,1200,17.7,14820,0,0,0,0,0,0,0,0,0,0,0,0,0,0,0.177235131941709,0.319023237495077,0.106341079165026,1.59511618747538,0.425364316660102,0.106341079165026,2.26860968885388,1.16975187081528,3.82827884994092,77.9,47.5695106977302,0.8790702543181,1.99426729612929,1.02829407456666,3.36532606221817,0.733141610242092,6.38788743291412,1,2.48752287397107
14924,"Saidou Sow","Strasbourg","Ligue 1","GUI","DF",22,2002,"2024-2025",12,1018,85,33.3,11,88,1,45,4,11.3,9,0.35,1,25,0.09,0,0,0,1,1,0,0,1,0,0.3,0.3,0.08,0,0,6,577,90.7,6,0,2,0,0,0.8,0.2,0.1,2,618,17,13,0,0,0,0,0,0,0,10,1.08,4,9,5,50,1,50,24,15,15,37,7,36,0,6,3,0,12,8,1,3,16,51.6,6,0,0,0,21,24,17.8,22.4,0,0,6,0.53,0,3407,16,2,548,465,0,735,10.6,10281,0,0,0,0,0,0,0,0,0,0,0,0,0,0,0,0.176817288801572,0,1.41453831041257,0,0.176817288801572,0.795677799607073,1.32612966601179,3.18271119842829,90.7,51.7603346577471,1.08779014806011,0.86553047144272,1.44255078573787,3.46212188577088,0.54235391724821,5.77020314295147,1,2.23870250978472
24496,"Sam Beukema","Bologna","Serie A","NED","DF",25,1998,"2024-2025",35,3012,86,88.1,33,90,2,25,3,33.5,21,0.45,4,26.7,0.12,0,0,0,1,1,0,0,1,0,1.5,1.5,0.1,0,0,15,1826,86.4,31,2,10,8,3,0.1,0.9,1,11,2034,76,69,3,19,6,0,0,0,0,32,1.74,12,54,29,53.7,0,0,84,30,36,111,28,135,0,27,24,3,41,32,2,8,93,56.7,19,12,0.36,0.8,51,39,42.4,32.3,10.1,0.3,36,1.08,27,11130,153,9,1625,1519,1,2419,10.6,36806,0,0,0,0,0,0,8,0,0.3,1,0.3,5,1,13,0.239043824701195,0.268924302788845,0.0896414342629482,4.57171314741036,0.806772908366534,0.298804780876494,1.61354581673307,0.896414342629482,4.03386454183267,86.4,50.9361806800889,1.04677487640656,1.68901922288708,0.938344012715044,4.2225480572177,1.95431073207135,6.84991129281982,0.95,3.11309768067449
10787,"Santiago Bueno","Wolves","Premier League","URU","DF",25,1998,"2024-2025",29,1687,58,49.3,18,87,11,12,8,18.7,21,0.32,3,50,0.16,0,0,0,0,0,0,0,0,0,0.4,0.4,0.07,0,0,15,741,88,10,1,0,0,0,0,0,0.1,2,807,34,21,1,3,4,0,0,0,0,14,1.31,2,41,21,77.3,4,100,56,15,36,70,26,43,1,22,18,1,22,6,0,2,35,53,5,0,0,0,26,34,22.5,29.2,0,0,12,0.64,1,4177,28,1,660,555,0,1025,14,13598,0,0,0,0,0,0,0,0,0,0,0,0,0,0,0,0.0533491404860699,0.0533491404860699,1.49377593360996,0.0533491404860699,0,2.18731475992887,0.800237107291049,2.29401304090101,88,52.6623593899809,1.13233720228613,2.47677787577701,0.906138247235492,2.59759630874174,0.53503169564922,5.98051243175425,0.95,2.28616640778596
11164,"Santiago Mouriño","Alavés","La Liga","URU","DF",22,2002,"2024-2025",25,1849,74,54.1,20,87,5,23,7,20.5,12,0.63,3,23.1,0.15,0,0,0,1,1,0,0,0,0,0.9,0.9,0.07,0,0,15,539,78,8,1,7,4,2,0.1,0.9,0.6,5,638,50,23,2,3,23,0,0,0,0,18,1.12,7,43,28,55.3,5,45.5,72,29,27,120,32,85,0,31,12,0,38,14,1,11,38,57.6,17,0,0,0.15,18,22,21.7,26.1,0,0,11,0.54,14,4329,46,1,440,442,0,952,15.5,9882,0,0,0,0,0,0,0,0,0,0,0,0,0,0,0.194699837750135,0.0486749594375338,0,2.23904813412655,0.681449432125473,0.340724716062737,2.09302325581395,1.41157382368848,4.13737155219037,78,44.7233003387887,0.742120990405867,1.55327649154716,1.04755856406669,3.07043027398858,1.11670457884949,5.67126532960243,1,2.42606143042052
10951,"Saúl Coco","Torino","Serie A","EQG","DF",25,1999,"2024-2025",32,2845,89,83.2,32,89,0,0,3,31.6,31,0.63,5,25,0.16,0.1,0.4,2,0,2,0,0,0,1,1.2,1.2,0.06,0.8,0.8,18,1350,88.3,12,0,1,2,1,0,0,0.2,2,1470,57,29,0,12,7,0,0,0,0,29,1.19,13,46,26,63.3,2,22.2,84,38,49,157,53,87,0,31,14,1,30,17,0,2,62,51.7,11,0,0,0.56,34,36,28.3,41.7,0,0,16,0.51,17,7402,70,3,1227,1135,0,1879,18.7,24764,0,0,0,0,0,0,0,0,0,0,0,0,0,0,0.0632688927943761,0.0949033391915641,0.031634446397188,2.21441124780316,0.537785588752197,0.031634446397188,1.45518453427065,1.20210896309315,2.75219683655536,88.3,35,0.364851047612713,0.530925601798465,0.438590714529166,1.00414189905362,0.964140463380699,1.97365821538125,0.95,1.25605364996665
11165,"Scott Mckenna","Las Palmas","La Liga","SCO","DF",27,1996,"2024-2025",29,2466,85,72.1,28,87,1,22,1,27.4,28,0.36,0,0,0,0,0,0,0,0,0,0,1,1,1.1,1.1,0.11,0,0,8,1276,86.7,8,1,4,2,0,0,0.7,0.4,1,1411,58,36,0,6,5,0,0,0,0,26,1.07,8,21,13,75,0,0,30,9,36,163,13,69,0,16,5,0,12,23,1,4,85,65.9,3,0,0,0.67,33,43,26.6,49.2,0,0,12,0.44,11,7874,45,3,1140,912,2,1745,12.5,23646,0,0,0,0,0,0,0,0,0,0,0,0,0,0,0.072992700729927,0.109489051094891,0,1.64233576642336,0.401459854014599,0.145985401459854,0.766423357664234,0.328467153284672,2.51824817518248,86.7,51.2663047246138,1.06323076523608,0.814884893064149,0.349236382741778,2.67747893435363,0.753039625178121,3.84160021015956,0.95,1.73039591311912
3388,"Sead Kolašinac","Atalanta","Serie A","BIH","DF",31,1993,"2024-2025",23,1903,83,55.6,23,83,0,0,0,21.1,7,0.47,2,20,0.09,0,0,0,2,2,0,0,0,1,0.8,0.8,0.08,0,0,9,1115,87.5,33,0,17,10,2,0.2,1.8,1.5,12,1237,35,15,0,1,20,0,0,0,0,16,1.96,17,41,26,53.3,12,80,66,25,16,53,38,135,0,21,20,0,30,27,3,16,34,56.7,14,24,1.14,0.13,42,18,33.6,19.3,14.3,0.68,37,1.75,52,6037,142,47,1001,878,2,1458,13.2,17226,0,0,0,0,0,0,9,1,1.1,1,0.6,3,2,12,0.47293746715712,2.22280609563847,0,6.71571203363111,2.45927482921703,0.803993694167105,1.93904361534419,1.1823436678928,6.38465580662112,87.5,52.0701529523836,1.10313957039168,2.13903574080152,1.30429008585459,7.04316646361477,3.42964824097969,10.4864922902709,0.85,4.77530698347314
4411,"Sebastiaan Bornauw","Wolfsburg","Bundesliga","BEL","DF",24,1999,"2023-2024",20,1431,72,46.8,16,84,4,20,7,15.9,12,0.63,4,40,0.25,0,0,0,0,0,0,0,0,2,0.8,0.8,0.08,0,0,9,737,87.5,2,0,3,1,0,0,0.4,0.1,0,800,42,26,0,0,0,0,0,0,0,12,1.1,9,26,12,68.4,1,20,44,18,21,81,27,66,1,19,7,0,19,14,1,1,29,54.7,6,0,0,0,17,30,14,22.9,0,0,5,0.31,2,4770,41,2,650,539,0,1009,10,13040,0,0,0,0,0,0,0,0,0,0,0,0,0,0,0.0628930817610063,0.125786163522013,0,2.57861635220126,0.125786163522013,0.188679245283019,1.63522012578616,1.13207547169811,4.15094339622642,87.5,57.3135073641499,1.3502032247509,2.20787948701405,1.52853195254819,5.60461715934336,0.99252051678953,9.3410285989056,1,3.48681678638749
23792,"Sebastian Walukiewicz","Empoli","Serie A","POL","DF",23,2000,"2023-2024",27,2055,76,60.1,23,84,4,33,6,22.8,31,0.18,2,50,0.09,0,0,0,0,0,0,0,2,0,0.1,0.1,0.04,0,0,19,842,82.7,9,0,3,1,0,0,0.1,0.2,2,963,52,34,0,11,2,0,0,0,0,19,1,15,39,28,68.3,2,20,54,15,50,121,23,85,1,33,6,0,41,6,2,2,39,44.3,13,0,0,0.11,18,32,21.8,33.8,0,0,14,0.61,14,6732,45,5,764,699,0,1280,18.5,17714,0,0,0,0,0,0,0,0,0,0,0,0,0,0,0.0437956204379562,0.218978102189781,0,1.97080291970803,0.613138686131387,0.131386861313869,1.70802919708029,0.656934306569343,3.72262773722628,82.7,47.5695106977302,0.8790702543181,1.50147766066011,0.577491407946197,3.27245131169512,0.936638883903564,5.35142038030143,1,2.26278166765185
22963,"Sebastiano Luperto","Cagliari","Serie A","ITA","DF",27,1996,"2024-2025",36,3240,90,94.7,36,90,0,0,2,36,15,0.58,5,23.8,0.14,0.05,0.2,1,3,4,0,0,1,0,2.2,2.2,0.1,0,0,15,1315,83.9,23,0,8,8,1,1.7,1.3,0.8,6,1492,68,46,1,2,7,0,0,0,0,36,1,12,48,27,64.3,4,66.7,81,33,30,161,23,139,0,31,16,1,28,29,1,3,61,53,10,0,0,1.67,38,50,40.7,51.5,0,0,30,0.83,22,8234,96,11,1190,1060,2,1913,12.4,24675,0,0,0,0,0,0,0,0,0,0,0,0,0,0,0.222222222222222,0.305555555555556,0.0277777777777778,2.66666666666667,0.611111111111111,0.222222222222222,1.33333333333333,0.916666666666667,3.86111111111111,83.9,40.0690402440074,0.540601996795495,0.720802662393993,0.49555183039587,2.08732437651594,1.20389453073091,3.3036788693058,0.95,1.7465614730841
4892,"Sepp Van Den Berg","Brentford","Premier League","NED","DF",22,2001,"2024-2025",31,2586,83,75.6,29,88,2,18,1,28.7,38,0.7,6,30,0.21,0,0,0,0,0,0,0,0,0,2,2,0.1,0,0,14,1092,85.4,19,0,6,7,1,0,0.8,0.5,3,1177,100,18,0,2,61,0,0,0,0,25,1.55,15,39,24,65.5,3,42.9,60,21,52,134,23,97,0,25,10,4,29,48,1,7,94,55,10,5,0.17,0,54,49,47.8,43.8,4,0.14,22,0.77,12,6135,79,28,917,737,1,1605,10.5,19151,0,0,0,0,0,0,0,0,0,0,0,0,0,0,0.243619489559165,0.974477958236659,0.139211136890951,2.74941995359629,0.417633410672854,0.208816705336427,1.35730858468677,0.730858468677494,3.37587006960557,85.4,51.1557842081538,1.05772496541608,1.43565917579677,0.773047248505952,3.57074205262273,1.16035024246923,5.77944847692545,1,2.48337464006533
11167,"Sergi","Leganés","La Liga","ESP","DF",32,1992,"2024-2025",36,2957,82,86.5,33,87,3,29,1,32.9,29,0.4,5,38.5,0.15,0.15,0.4,2,0,2,0,0,1,1,1.5,1.5,0.11,0.5,0.5,9,1271,83.7,11,0,5,1,0,0,0.4,0.5,5,1457,54,52,0,7,1,0,0,0,0,27,1.03,7,40,29,56.3,0,0,79,39,38,185,30,80,0,22,16,2,32,22,7,2,63,52.1,14,0,0,0.16,34,48,29.7,51.7,0,0,12,0.37,3,9824,77,2,1199,977,0,1875,10,25210,0,0,0,0,0,0,0,0,0,0,0,0,0,0,0.0304362529590801,0.0608725059181603,0.0608725059181603,2.34359147784917,0.0913087588772405,0.152181264795401,1.21745011836321,1.18701386540413,2.43490023672641,83.7,46.8860532640288,0.845548702836152,1.02941336834973,1.00367803414099,2.05882673669946,0.888121684226764,4.09191813919017,0.7,1.80652411544776
7817,"Sergio Ramos","Sevilla","La Liga","ESP","DF",37,1986,"2023-2024",28,2517,90,73.6,28,90,0,0,3,28,30,1,11,39.3,0.39,0.11,0.27,3,0,3,0,0,1,1,1.9,1.9,0.07,1.1,1.1,5,1356,89,17,0,4,2,0,0,0.1,0.4,3,1470,52,46,1,31,5,0,0,0,0,27,1.07,13,45,30,67.5,3,27.3,86,41,35,156,27,143,0,32,11,2,40,29,9,6,80,66.1,13,0,0,0,31,39,33.2,40,0,0,21,0.75,11,10962,81,5,1192,994,3,1870,18.9,29709,0,0,0,0,0,0,5,2,1.8,1,0.4,3,1,4,0.0715137067938021,0.178784266984505,0.0715137067938021,2.89630512514899,0.393325387365912,0.143027413587604,1.60905840286055,1.46603098927294,5.11323003575685,89,46.3747108567725,0.820695050478459,1.32054626715843,1.20316437674434,4.19640258230344,1.18266062964922,6.72011322620621,0.5,2.67809821972155
3143,"Simon Kjær","Milan","Serie A","DEN","DF",34,1989,"2023-2024",20,1171,59,34.2,14,79,6,11,5,13,16,0.46,0,0,0,0,0,0,1,1,0,0,0,0,0.5,0.5,0.08,0,0,6,735,88.2,7,0,4,1,0,0.2,0.8,0.6,1,807,26,20,0,4,2,0,0,0,0,7,2.3,4,24,15,63.6,0,0,38,14,22,46,9,59,0,11,11,2,22,8,0,1,23,57.5,8,6,0.46,0,23,17,22.1,16.3,5.8,0.44,9,0.69,4,5025,52,0,683,620,0,963,11,13856,0,0,0,0,0,0,1,0,0,0,0,0,0,0,0.0768573868488471,0,0.153714773697694,3.99658411614005,0.307429547395389,0.307429547395389,1.84457728437233,1.07600341588386,4.53458582408198,88.2,35.8263702870095,0.390150638784164,0.719663005784624,0.41980342004103,1.7691715558872,1.58242082452359,2.90863798171285,0.5,1.69375972432329
22672,"Simone Romagnoli","Frosinone","Serie A","ITA","DF",33,1990,"2023-2024",33,2715,82,79.4,30,87,3,35,3,30.2,36,0.4,1,8.3,0.03,0.08,1,1,1,2,0,0,0,0,1.2,1.2,0.1,0,0,15,1221,85.9,7,1,3,1,0,0.6,0.4,0.2,0,1256,165,76,0,1,0,0,0,0,0,28,0.97,4,35,15,75,0,0,64,29,51,147,24,99,0,23,11,1,20,23,0,0,97,55.4,5,0,0,1.74,38,47,37.4,43.9,0,0,8,0.27,2,8093,47,2,934,706,0,1733,8.8,21605,0,0,0,0,0,0,0,0,0,0,0,0,0,0,0.0331491712707182,0.0662983425414365,0.0331491712707182,1.55801104972376,0.0662983425414365,0.0994475138121547,1.16022099447514,0.961325966850829,3.2817679558011,85.9,49.3854083806052,0.96928008809902,1.12457910773919,0.931794117841047,3.18095233331944,0.59186876895597,5.23732555889968,0.7,2.03384517525229
14930,"Sinaly Diomande","Auxerre","Ligue 1","CIV","DF",23,2001,"2024-2025",23,1945,85,63.6,22,87,1,25,6,21.6,18,0.42,4,44.4,0.19,0.33,0.75,3,2,5,0,0,1,1,1.1,1.1,0.13,1.9,1.9,19,813,84.6,19,0,4,1,0,1.4,0.6,0.3,1,909,47,42,0,14,5,0,0,0,0,20,0.91,12,39,19,70,4,28.6,69,30,37,100,24,86,0,20,18,1,40,12,0,6,28,56,12,0,0,0,30,40,24.1,40.6,0,0,21,0.97,8,6116,72,8,756,698,0,1223,15,15073,0,0,0,0,0,0,0,0,0,0,0,0,0,0,0.0462724935732648,0.370179948586118,0.0462724935732648,3.33161953727506,0.370179948586118,0.185089974293059,1.80462724935733,1.38817480719794,3.97943444730077,84.6,50.4222427030777,1.02110899899689,1.84272112415377,1.41747778781059,4.06343632505703,1.33768483059995,7.3236352370214,1,3.0167645033464
3264,"Sokratis Papastathopoulos","Betis","La Liga","GRE","DF",35,1988,"2023-2024",15,1136,76,33.2,12,88,3,27,9,12.6,9,0.16,1,50,0.08,0,0,0,0,0,0,0,0,1,0.3,0.3,0.13,0,0,6,507,88.3,4,0,1,0,0,0,0,0.1,0,547,27,26,0,0,1,0,0,0,0,11,1.33,3,21,14,76.5,0,0,27,6,15,60,13,51,0,16,5,0,17,6,0,0,25,58.1,4,0,0,0,16,18,14.2,19,0,0,5,0.4,1,3232,13,1,442,353,0,688,7.9,9309,0,0,0,0,0,0,0,0,0,0,0,0,0,0,0,0.0792253521126761,0,1.02992957746479,0.0792253521126761,0.0792253521126761,1.6637323943662,0.475352112676056,4.04049295774648,88.3,51.2638455522005,1.06310829726839,1.76872771288491,0.505350775109974,4.29548158843478,0.407793746812748,6.56956007642966,0.5,2.322285521654
15345,"Souleymane Touré","Lorient","Ligue 1","FRA","DF",20,2003,"2023-2024",24,2051,85,67,23,87,1,45,2,22.8,20,0.79,9,50,0.39,0.06,0.11,1,1,2,0,0,1,0,1.7,1.7,0.1,0,0,18,1144,89.4,20,0,7,5,2,0.6,0.4,1.6,5,1215,61,28,1,3,2,0,0,0,0,21,0.79,17,25,12,57.1,3,21.4,61,36,38,101,36,87,0,16,9,0,14,40,0,12,43,72.9,6,0,0,0,26,43,23.1,33.2,0,0,20,0.88,24,6849,73,25,1025,1086,4,1538,11.4,18783,0,0,0,0,0,0,0,0,0,0,0,0,0,0,0.219405168210629,1.09702584105314,0,3.20331545587518,1.05314480741102,0.307167235494881,1.09702584105314,1.57971721111653,3.81764992686494,89.4,48.9205962711597,0.946082153688348,1.03787657035533,1.49454226131168,3.61181046483655,1.5706189045499,6.14422929650356,1,2.76091635077103
4895,"Stanley N'Soki","Hoffenheim","Bundesliga","FRA","DF",25,1999,"2024-2025",22,1308,59,42.7,16,75,6,17,8,14.5,7,0.21,1,33.3,0.07,0,0,0,0,0,0,0,0,2,0.1,0.1,0.03,0,0,15,719,85.8,17,1,7,1,1,0,0.4,0.4,7,784,51,16,0,4,22,0,0,0,0,10,1.09,16,22,16,52.2,3,18.8,48,26,22,58,12,79,0,13,7,2,23,4,0,5,22,61.1,11,0,0,0.65,25,29,18.7,21.7,0,0,19,1.31,10,4938,52,6,615,529,0,1005,18.5,12972,0,0,0,0,0,0,0,0,0,0,0,0,0,0,0.0688073394495413,0.412844036697248,0.137614678899083,3.57798165137615,0.688073394495413,0.481651376146789,1.51376146788991,1.78899082568807,5.43577981651376,85.8,54.0869850687588,1.20155152838576,1.81886240535459,2.14956466087361,6.53136954650058,1.62440435661165,10.4997966127288,0.95,4.07550072646329
3395,"Stefan Bell","Mainz 05","Bundesliga","GER","DF",32,1991,"2024-2025",18,1436,80,46.9,15,82,3,67,5,16,14,0.75,3,25,0.19,0,0,0,1,1,0,0,0,0,0.8,0.8,0.06,0,0,2,565,78.6,7,0,5,0,0,0,1,0.7,0,691,23,20,0,2,1,0,0,0,0,9,1.61,13,22,12,64.3,3,50,50,28,16,107,24,65,1,16,6,0,14,30,3,4,83,69.2,5,10,0.63,0.52,29,19,26.6,20.7,5.9,0.37,10,0.63,8,4707,38,5,484,415,1,952,11.3,10937,0,0,0,0,0,0,0,0,0,0,0,0,0,0,0,0.313370473537604,0,2.38161559888579,0.501392757660167,0.313370473537604,1.37883008356546,1.75487465181058,4.07381615598886,78.6,57.2031271992778,1.34535175282089,1.85501146976697,2.36092368879432,5.48071570612967,1.09433649169133,9.69665086469096,0.7,3.56532985608382
22973,"Stefan De Vrij","Inter","Serie A","NED","DF",32,1992,"2024-2025",26,1726,66,50.5,18,84,8,26,9,19.2,11,0.68,3,23.1,0.16,0.23,1,3,0,3,0,0,0,0,1.1,1.1,0.08,1.9,1.9,8,1309,93.3,9,0,1,0,0,0,0,0.3,1,1372,31,26,2,3,2,0,0,0,0,15,2.42,4,18,12,75,5,62.5,41,23,19,89,9,66,0,12,5,1,12,19,0,1,65,63.1,3,27,1.41,0.5,46,19,37.2,16.2,21,1.1,14,0.73,11,7772,76,5,1162,988,0,1613,10.6,24028,0,0,0,0,0,0,9,0,0.2,0,0.1,0,0,8,0,0.26071842410197,0.052143684820394,3.96292004634994,0.573580533024334,0.052143684820394,0.938586326767092,1.19930475086906,3.441483198146,93.3,40.4912153821819,0.557416381074052,0.5231833935921,0.66851211403435,1.9183391098377,1.58723487396076,3.11003461746415,0.7,1.80120433482355
14932,"Strahinja Pavlović","Milan","Serie A","SRB","DF",23,2001,"2024-2025",24,1864,78,54.5,21,88,3,8,13,20.7,6,0.82,8,47.1,0.39,0.12,0.25,2,1,3,0,0,0,0,1.8,1.8,0.11,0.2,0.2,11,1208,88.2,24,0,6,10,1,0,1.1,0.4,5,1285,80,35,0,2,7,0,0,0,0,19,1.67,18,52,31,58,4,33.3,68,16,17,82,20,67,0,32,19,1,50,18,2,4,45,68.2,21,7,0.34,0,32,25,34.4,23.5,10.8,0.52,29,1.4,40,7800,94,10,1147,1036,0,1589,15.7,21120,0,0,0,0,0,0,7,0,0.2,0,0.1,1,0,7,0.482832618025751,0.482832618025751,0.0482832618025751,4.53862660944206,1.931330472103,0.289699570815451,2.51072961373391,0.772532188841202,3.23497854077253,88.2,35.8263702870095,0.390150638784164,0.979562762612601,0.301403926957723,1.26212894413547,2.33588082604059,2.54309563370579,1,1.98548102052797
14934,"Sven Botman","Newcastle Utd","Premier League","NED","DF",23,2000,"2023-2024",17,1377,81,40.3,15,88,2,31,0,15.3,16,0.65,2,20,0.13,0.2,1,2,2,4,0,0,1,1,0.6,0.6,0.06,1.4,1.4,4,921,90.6,12,0,5,0,0,1,1,0.6,1,981,36,32,0,5,2,0,0,0,0,12,1.35,5,20,13,61.5,2,100,29,9,20,61,9,70,0,14,6,0,13,20,1,2,34,66.7,5,8,0.52,0,37,29,26.3,31,0,0,14,0.92,0,6760,35,5,822,672,0,1154,10.5,17027,0,0,0,0,0,0,1,0,0,0,0,0,0,0,0,0.326797385620915,0,2.28758169934641,0,0.326797385620915,1.30718954248366,0.588235294117647,4.57516339869281,90.6,51.340287980404,1.06691425991899,1.3946591632928,0.627596623481759,4.88130707152479,0.889446874295807,6.90356285829935,1,2.71744760720813
19079,"Taylor Harwood-Bellis","Southampton","Premier League","ENG","DF",22,2002,"2024-2025",34,2825,83,82.6,32,87,2,28,0,31.4,43,0.64,8,40,0.25,0.05,0.13,1,0,1,0,0,0,0,1.8,1.8,0.09,0,0,22,1892,87.4,32,0,14,10,1,0,1,0.7,10,2080,81,51,3,9,27,0,0,0,0,27,0.35,16,28,20,54.3,0,0,58,30,65,141,35,123,1,13,12,3,35,42,0,5,63,56.3,16,0,0,0.84,20,65,26.1,66.8,0,0,37,1.18,29,12592,125,9,1792,1433,0,2475,10.6,35252,0,0,0,0,0,0,0,0,0,0,0,0,0,0,0.31858407079646,0.286725663716814,0.0955752212389381,3.98230088495575,0.923893805309735,0.446017699115044,0.892035398230088,0.955752212389381,3.91858407079646,87.4,39.3879919426832,0.514160092089355,0.458649002500947,0.491409645536729,2.01477954670059,1.83635199172991,2.96483819473826,1,1.91139225511344
19686,"Teden Mengi","Luton Town","Premier League","ENG","DF",21,2002,"2023-2024",30,2469,82,72.2,28,86,2,34,3,27.4,27,0.4,4,36.4,0.15,0.09,0.25,1,0,1,0,0,1,0,0.6,0.6,0.05,0.4,0.4,12,728,77.6,11,0,6,2,0,0,0.3,0.6,5,912,22,18,1,13,4,0,0,0,0,25,0.73,22,54,22,63.3,3,27.3,111,57,39,140,35,126,0,33,20,1,30,24,1,5,60,58.3,11,0,0,0.24,37,59,27.3,54.7,0,0,14,0.51,15,5525,54,1,616,596,2,1288,17.6,14286,0,0,0,0,0,0,0,0,0,0,0,0,0,0,0.0729040097205346,0.0364520048602673,0.0364520048602673,1.96840826245444,0.54678007290401,0.218712029161604,1.96840826245444,2.07776427703524,4.59295261239368,77.6,51.6148950026265,1.08056972897494,2.12700238267242,2.24516918170978,4.96300555956898,0.938871363545692,9.33517712395118,1,3.45370168260363
13691,"Thiago Silva","Chelsea","Premier League","BRA","DF",38,1984,"2023-2024",31,2527,82,73.9,28,89,3,15,5,28.1,24,0.5,4,28.6,0.14,0.21,0.75,3,1,4,0,0,0,0,0.8,0.8,0.06,2.2,2.2,9,2166,94.7,25,1,9,4,1,0,1,0.6,10,2198,88,60,0,9,3,0,0,0,0,25,1.65,7,29,15,58.8,0,0,55,26,33,153,10,140,0,22,6,1,34,24,1,1,51,66.2,14,13,0.46,0.36,58,45,53.9,42.5,11.4,0.41,27,0.96,2,15513,102,5,1891,1623,0,2549,9.4,38542,0,0,0,0,0,0,0,0,0,0,0,0,0,0,0.142461416699644,0.178076770874555,0.035615354174911,3.63276612584092,0.0712307083498219,0.320538187574199,1.03284527107242,0.925999208547685,4.98614958448753,94.7,44.9903988818818,0.754630131001595,0.779416162213757,0.698786904053713,3.76269871413538,1.37752429516399,5.24090178040285,0.5,2.31798025218645
3660,"Thilo Kehrer","Monaco","Ligue 1","GER","DF",27,1996,"2024-2025",27,2383,88,77.9,27,88,0,0,6,26.5,10,0.45,8,66.7,0.3,0.33,0.5,4,0,4,0,0,0,0,1.5,1.5,0.12,2.5,2.5,8,1622,89.9,22,2,5,2,0,0,0.3,0.5,1,1715,86,76,1,7,1,0,0,0,0,25,1.96,6,37,23,57.9,1,33.3,73,36,18,113,23,132,0,26,11,0,38,17,1,2,54,61.4,16,25,0.94,1.34,54,29,60.5,25.7,34.8,1.31,26,0.98,16,12429,139,2,1419,1193,0,2060,8.7,29814,0,0,0,0,0,0,10,1,0.9,1,0.1,2,2,8,0.0755350398657155,0.0755350398657155,0,5.24968527066723,0.604280318925724,0.188837599664289,1.39739823751574,1.35963071758288,4.98531263113722,89.9,56.9888508786222,1.3358810709195,1.86675785403354,1.81630493905966,6.6597847765521,2.08409759910323,10.3428475696453,0.95,4.21639331053488
24510,"Thomas Kristensen","Udinese","Serie A","DEN","DF",21,2002,"2023-2024",26,2096,81,61.3,23,87,3,29,6,23.3,20,0.43,3,30,0.13,0,0,0,1,1,0,0,0,0,1.1,1.1,0.11,0,0,9,662,76.7,9,1,4,1,0,0.6,0.4,0.2,2,725,134,32,0,11,97,0,0,0,0,20,0.88,17,35,24,63.6,0,0,64,29,29,118,26,74,1,25,10,0,33,22,1,5,58,59.2,12,0,0,0,23,34,20.8,29,0,0,15,0.64,20,5457,47,3,536,474,1,1124,11.2,12745,0,0,0,0,0,0,0,0,0,0,0,0,0,0,0.0429389312977099,0.12881679389313,0,2.01812977099237,0.858778625954199,0.17175572519084,1.50286259541985,1.24522900763359,3.17748091603053,76.7,47.4613109716214,0.873742920936103,1.31311555388775,1.08801003036414,2.77630145679124,1.05165232641363,5.17742704104313,1,2.25058904287839
4898,"Tim Oermann","Bochum","Bundesliga","GER","DF",20,2003,"2024-2025",29,2213,76,72.3,26,83,3,20,4,24.6,16,0.37,0,0,0,0,0,0,2,2,0,0,0,0,0.2,0.2,0.02,0,0,16,771,82.4,18,1,7,14,3,1.4,0.6,0.7,8,844,87,11,1,2,74,0,0,0,0,19,0.72,24,50,31,60.5,7,50,72,22,32,64,16,99,1,25,21,4,43,2,0,9,27,42.2,17,0,0,0.53,24,45,30.8,41.4,0,0,20,0.81,15,4177,61,16,639,605,3,1172,28.8,14338,0,0,0,0,0,0,0,0,0,0,0,0,0,0,0.569362855851785,0.650700406687754,0.162675101671939,2.48079530049706,0.61003163126977,0.284681427925892,2.03343877089923,0.894713059195662,4.02620876638048,82.4,60.2049774932854,1.47013908732281,2.98943781877661,1.31535264026171,5.91908688117769,1.15816857920261,10.223877340216,1,3.81283063374585
18233,"Tim Ream","Fulham","Premier League","USA","DF",35,1987,"2023-2024",18,1503,84,43.9,17,87,1,16,13,16.7,15,0.06,1,100,0.06,1,1,1,0,1,0,0,2,0,1,1,0.96,0,0,8,944,89.1,9,1,0,1,0,0,0,0.1,1,1010,49,19,0,8,0,0,0,0,0,15,1.22,6,20,9,50,1,14.3,45,25,23,61,8,79,0,13,5,2,18,7,1,3,25,56.8,9,0,0,0,24,29,20.9,27.9,0,0,10,0.6,11,6949,65,3,811,739,2,1206,1.3,18892,0,0,0,0,0,0,0,0,0,0,0,0,0,0,0.0598802395209581,0.179640718562874,0.119760479041916,3.89221556886228,0.658682634730539,0,1.19760479041916,1.49700598802395,4.73053892215569,89.1,49.2435777075675,0.962196908636265,1.1523316271093,1.44041453388662,4.55170992708173,1.57697659646182,7.14445608807766,0.5,2.96322746500802
4583,"Tim Siersleben","Heidenheim","Bundesliga","GER","DF",24,2000,"2024-2025",16,1182,74,38.6,14,82,2,14,18,13.1,6,0.3,2,50,0.15,0,0,0,0,0,0,0,1,0,0.6,0.6,0.15,0,0,13,581,80.8,14,1,6,10,2,0,0.5,0.6,8,672,43,12,0,6,22,0,0,0,0,10,1.13,5,21,14,41.2,3,50,41,20,19,66,16,37,0,12,8,1,17,7,0,4,20,48.8,10,0,0,0,11,22,14,21.9,0,0,15,1.14,8,5686,31,12,560,472,1,869,8.6,12037,0,0,0,0,0,0,0,0,0,0,0,0,0,0,0.761421319796954,0.913705583756345,0.0761421319796954,2.36040609137056,0.609137055837564,0.456852791878173,1.5989847715736,1.52284263959391,2.81725888324873,80.8,60.9058856972638,1.4969850738419,2.39365633634619,2.27967270128208,4.21739449737185,1.16832337180541,8.89072353500012,1,3.4153464092222
4126,"Timo Hübers","Köln","Bundesliga","GER","DF",27,1996,"2023-2024",31,2778,90,90.8,31,90,0,0,0,30.9,28,0.71,5,22.7,0.16,0,0,0,0,0,0,0,0,0,1.8,1.8,0.08,0,0,26,1473,84.5,19,0,6,3,1,0,0.5,1,7,1665,73,60,1,8,7,0,0,0,0,30,0.81,11,68,47,61.3,2,33.3,131,63,54,168,44,211,0,51,14,3,80,31,1,7,99,66.9,31,0,0,0.02,24,53,36.9,57.7,0,0,22,0.71,19,10485,104,3,1280,1203,1,2143,12.6,28520,0,0,0,0,0,0,0,0,0,0,0,0,0,0,0.0971922246220302,0.0971922246220302,0.0971922246220302,3.36933045356371,0.615550755939525,0.19438444924406,2.20302375809935,2.04103671706264,6.83585313174946,84.5,65,1.63514895238729,3.60227199014047,3.33739904968896,11.1776380870535,1.43988115462286,18.1173091268829,0.95,6.28564519991402
19691,"Tom Lockyer","Luton Town","Premier League","WAL","DF",28,1994,"2023-2024",14,1169,84,34.2,14,84,0,0,0,13,13,0.54,1,14.3,0.08,0.14,1,1,1,2,0,0,1,1,1.1,1.1,0.15,0,0,10,301,71.3,9,0,3,1,0,0.4,0.6,0.3,4,401,20,17,1,5,2,0,0,0,0,10,0.64,6,25,16,68.2,2,33.3,48,23,23,68,15,89,1,17,6,2,22,18,0,2,31,66,7,0,0,0.03,12,23,12.7,27,0,0,10,0.77,6,3120,37,2,247,269,1,586,8.5,6628,0,0,0,0,0,0,0,0,0,0,0,0,0,0,0.076988879384089,0.153977758768178,0.153977758768178,2.84858853721129,0.461933276304534,0.230966638152267,1.92472198460222,1.77074422583405,6.85201026518392,71.3,51.6148950026265,1.08056972897494,2.07979631325373,1.91341260819344,7.40407487518329,1.21691332486487,11.3972837966305,0.95,4.16725046893509
18781,"Tosin Adarabioyo","Chelsea","Premier League","ENG","DF",26,1997,"2024-2025",22,1409,64,41.2,15,84,7,20,16,15.7,7,0.83,2,15.4,0.13,0.08,0.5,1,1,2,0,0,0,0,0.9,0.9,0.07,0.1,0.1,2,1079,91.1,8,0,1,0,0,0.8,0.2,0.2,1,1142,39,23,2,3,4,0,0,0,0,13,1.86,4,17,13,66.7,1,16.7,28,11,9,80,8,41,1,11,6,0,12,14,1,0,42,60,4,14,0.89,0.58,28,14,30.8,19.3,11.5,0.74,15,0.96,5,7144,42,1,1000,777,0,1330,12.5,19805,0,0,0,0,0,0,0,0,0,0,0,0,0,0,0,0.063875088715401,0,2.68275372604684,0.319375443577005,0.063875088715401,1.08587650816182,0.702625975869411,2.61887863733144,91.1,44.9903988818818,0.754630131001595,0.819435131605706,0.530222732215457,1.9762847291667,1.05889011970441,3.32594259298787,0.95,1.70243882577813
19350,"Toti Gomes","Wolves","Premier League","POR","DF",25,1999,"2024-2025",31,2614,84,76.4,30,87,1,14,1,29,17,0.24,2,28.6,0.07,0,0,0,1,1,0,0,1,0,0.7,0.7,0.1,0,0,12,1473,85.9,20,0,9,13,3,0.1,0.9,0.6,6,1618,95,46,0,3,35,0,0,0,0,27,1.32,20,61,43,80.4,10,31.3,86,25,29,152,24,116,0,42,15,4,46,17,4,15,53,67.1,9,0,0,1.53,44,45,33.6,41.4,0,0,21,0.72,27,8584,86,18,1387,1205,0,2027,11.6,24482,0,0,0,0,0,0,0,0,0,0,0,0,0,0,0.447589900535578,0.619739862280031,0.137719969395562,2.96097934200459,0.929609793420046,0.309869931140015,2.10022953328233,0.860749808722265,3.99387911247131,85.9,52.6623593899809,1.13233720228613,2.37816803387561,0.974659030276891,4.52241790048477,1.44420878879932,7.87524496463728,0.95,3.21615700491091
14943,"Trevoh Chalobah","Chelsea","Premier League","ENG","DF",25,1999,"2024-2025",13,910,70,26.6,11,81,2,10,3,10.1,3,0.69,2,28.6,0.2,0,0,0,1,1,0,0,0,0,0.8,0.8,0.11,0,0,3,609,90,10,0,3,3,0,0,1.2,0.3,3,654,23,11,1,2,10,0,0,0,0,9,1.77,3,11,7,87.5,1,20,21,10,6,48,9,29,1,5,6,0,8,12,0,2,23,65.7,1,1,0.1,0,13,12,15.7,11.4,4.4,0.43,13,1.29,4,3326,37,2,574,426,1,774,11.1,10527,0,0,0,0,0,0,0,0,0,0,0,0,0,0,0.296703296703297,0.197802197802198,0,3.65934065934066,0.395604395604396,0.296703296703297,1.08791208791209,0.989010989010989,2.86813186813187,90,44.9903988818818,0.754630131001595,0.820971241419318,0.74633749219938,2.1643787273782,1.49365419642843,3.7316874609969,0.95,1.99696791687044
18673,"Tyrone Mings","Aston Villa","Premier League","ENG","DF",31,1993,"2024-2025",14,1120,80,32.7,12,81,2,73,13,12.4,11,0.72,1,11.1,0.08,0,0,0,0,0,0,0,0,0,0.8,0.8,0.09,0,0,2,596,88.2,15,0,3,1,0,0,0.2,0.2,5,630,46,20,0,3,0,0,0,0,0,9,2.29,3,7,6,100,1,33.3,14,7,13,61,4,38,1,6,1,0,2,17,0,1,27,55.1,0,15,1.21,1.52,26,11,23.5,13.1,10.5,0.84,18,1.45,7,3364,40,1,532,484,1,794,11.8,10642,0,0,0,0,0,0,4,0,0.1,0,0.1,1,0,2,0.0803571428571429,0.0803571428571429,0,3.21428571428571,0.5625,0.241071428571429,0.5625,0.5625,3.05357142857143,88.2,42.059120511281,0.622583164424551,0.35020302998881,0.35020302998881,1.9011021627964,1.38174846417002,2.60150822277402,0.85,1.59135185250021
9861,"Unai Núñez","Celta Vigo","La Liga","ESP","DF",26,1997,"2023-2024",34,2801,82,81.9,31,88,3,22,4,31.1,24,0.71,5,22.7,0.16,0.05,0.2,1,0,1,0,0,0,0,1.4,1.4,0.07,0,0,14,1303,79.7,19,1,10,1,0,0,0.8,1,2,1547,86,82,2,35,4,0,0,0,0,27,0.97,31,51,28,46.9,2,16.7,103,52,38,153,37,206,2,30,19,2,49,39,0,5,89,61,26,0,0,0,36,49,40.5,48.8,0,0,26,0.84,10,10797,106,2,1131,1086,2,2025,14.4,26581,0,0,0,0,0,0,0,0,0,0,0,0,0,0,0.0321313816494109,0.0642627632988218,0.0642627632988218,3.40592645483756,0.321313816494109,0.321313816494109,1.63870046411996,1.67083184576937,6.61906461977865,79.7,47.9664585656311,0.898671872247565,1.47265401414364,1.50152958304841,5.9483671943841,1.38737221386443,8.92255079157614,0.95,3.50141412301861
18873,"Victor Lindelöf","Manchester Utd","Premier League","SWE","DF",29,1994,"2023-2024",19,1328,70,38.8,14,82,5,37,2,14.8,9,0.41,4,66.7,0.27,0.17,0.25,1,1,2,0,0,0,0,0.8,0.8,0.13,0.2,0.2,9,826,89.1,19,0,8,1,0,0.7,0.3,0.4,3,854,73,8,2,5,50,0,0,0,0,7,1.95,5,15,10,38.5,0,0,27,12,18,40,15,75,0,8,7,0,13,15,3,3,17,41.5,8,2,0.14,0.26,18,16,24.7,26,0,0,19,1.29,17,3696,40,17,706,620,0,1037,10.4,13195,0,0,0,0,0,0,4,0,0,0,0,1,1,3,0.0677710843373494,1.15210843373494,0,2.71084337349398,1.15210843373494,0.542168674698795,1.01656626506024,0.813253012048193,5.08283132530121,89.1,50.5857290519287,1.02927808250729,1.0463293760428,0.837063500834242,5.23164688021401,1.50632665769724,7.11503975709106,0.85,2.99614259020621
18674,"Virgil Van Dijk","Liverpool","Premier League","NED","DF",33,1991,"2024-2025",37,3330,90,97.4,37,90,0,0,1,37,16,0.73,8,29.6,0.22,0.11,0.38,3,1,4,0,0,0,0,2.2,2.2,0.08,0.8,0.8,11,2687,91.6,41,0,12,1,0,0.3,0.7,1,7,2707,224,86,1,22,8,0,0,0,0,37,2.27,10,38,20,59.1,2,40,94,56,27,190,17,115,2,17,19,2,22,48,0,5,119,72.1,9,46,1.24,2.24,84,38,79.9,36.4,43.5,1.18,48,1.3,22,19099,198,6,2281,1856,3,3300,13.1,49026,0,0,1,0,0,0,9,1,0.7,0,0.2,2,0,7,0.027027027027027,0.162162162162162,0.0540540540540541,5.35135135135135,0.594594594594595,0.324324324324324,1.02702702702703,1.51351351351351,3.10810810810811,91.6,53.1176943836457,1.154634204207,1.18584053405043,1.74755447123222,3.58872793199473,2.15680603122061,6.52212293727738,0.7,3.05095929367146
10408,"Víctor Chust","Cádiz","La Liga","ESP","DF",23,2000,"2023-2024",22,1864,85,54.5,22,85,0,0,6,20.7,21,0.19,0,0,0,0,0,0,1,1,0,0,0,0,0.3,0.3,0.08,0,0,6,831,79.9,15,0,6,2,0,0.7,0.3,0.2,4,994,38,30,0,12,3,0,0,0,0,17,0.95,7,29,18,56.3,1,50,40,11,27,92,15,83,0,23,5,1,32,13,0,1,26,51,14,0,0,0.4,11,23,21.8,23.4,0,0,16,0.77,10,7302,80,2,742,693,0,1223,9.7,16808,0,0,0,0,0,0,0,0,0,0,0,0,0,0,0.0965665236051502,0.0965665236051502,0.0482832618025751,3.86266094420601,0.482832618025751,0.289699570815451,1.40021459227468,0.531115879828326,4.00751072961373,79.9,53.5195079057596,1.17418112095848,1.6441055395395,0.623626239135673,4.70554344075099,1.59250206207433,6.97327521942617,1,3.00888339065758
3831,"Waldemar Anton","Stuttgart","Bundesliga","GER","DF",27,1996,"2023-2024",33,2886,87,94.3,32,89,1,45,0,32.1,20,0.87,6,21.4,0.19,0,0,0,3,3,0,0,1,1,1.7,1.7,0.06,0,0,13,2330,88.8,33,0,9,14,2,2,1,1.5,7,2511,109,51,6,9,29,0,0,0,0,30,2.12,28,39,25,54.8,7,31.8,79,40,33,150,25,203,1,21,16,2,42,34,0,12,79,65.3,19,38,1.19,0.67,76,38,68.4,34.7,33.7,1.05,39,1.22,38,15026,172,15,2110,1847,5,2977,15.9,41479,0,0,0,0,0,0,0,0,0,0,0,0,0,0,0.436590436590437,0.467775467775468,0.0623700623700624,5.36382536382536,1.18503118503118,0.280665280665281,1.21621621621622,1.24740124740125,6.33056133056133,88.8,52.7557338140257,1.13692129397637,1.38274211429559,1.41819704030316,7.19734997953856,2.35570047368929,9.99828913413731,0.95,4.22056692971691
14951,"Warmed Omari","Rennes","Ligue 1","COM","DF",23,2000,"2023-2024",25,2071,83,67.7,23,87,2,31,5,23,20,0.17,1,25,0.04,0.25,1,1,0,1,0,0,0,2,0.7,0.7,0.16,0.3,0.3,10,1162,90,20,0,5,0,0,0,0.3,0.6,4,1252,38,32,4,8,2,0,0,0,0,20,1.24,11,32,19,57.1,2,25,65,33,30,77,20,114,0,23,7,2,28,8,0,7,50,72.5,12,4,0.17,0,34,30,35.8,27.9,8,0.35,21,0.91,22,8572,123,1,1015,1112,1,1499,8.7,23681,0,0,0,0,0,0,0,0,0,0,0,0,0,0,0,0.0434572670207629,0.0869145340415258,5.34524384355384,0.956059874456784,0.217286335103815,1.39063254466441,1.43408981168518,4.95412844036697,90,48.6149533255604,0.930858163070457,1.29448165603231,1.33493420778332,4.61159089961511,2.24952779214972,7.24100676343074,1,3.36211314588911
14636,"Wesley Fofana","Chelsea","Premier League","FRA","DF",23,2000,"2024-2025",14,1172,84,34.3,14,84,0,0,1,13,9,0.23,0,0,0,0,0,0,0,0,0,0,0,0,0.4,0.4,0.13,0,0,5,724,90.2,12,1,6,1,0,0,0.4,0.2,1,758,44,23,0,0,20,0,0,0,0,10,2,16,13,12,42.9,3,20,27,14,14,55,24,54,0,6,7,0,14,10,0,5,27,69.2,8,12,0.92,0.56,25,13,23.2,15.6,7.7,0.59,15,1.15,19,3415,32,4,665,557,1,933,10.6,12262,0,0,0,0,0,0,0,0,0,0,0,0,0,0,0.0767918088737201,0.307167235494881,0,2.45733788395904,1.45904436860068,0.460750853242321,0.998293515358362,1.07508532423208,4.14675767918089,90.2,44.9903988818818,0.754630131001595,0.753342366272923,0.811291779063148,3.12926829067214,1.50210551985205,4.69390243600821,1,2.29921293874328
15583,"Wilfried Singo","Monaco","Ligue 1","CIV","DF",23,2000,"2024-2025",27,2096,78,68.5,23,90,4,7,1,23.3,9,0.73,5,29.4,0.21,0.06,0.2,1,2,3,0,0,0,0,1.9,1.9,0.11,0,0,8,1252,86.2,14,1,7,10,1,0.5,1.5,1.5,11,1346,100,64,1,10,36,0,0,0,0,23,1.7,11,37,23,71.4,6,46.2,80,43,17,110,36,138,2,24,10,3,28,29,3,7,51,63.8,8,6,0.26,0,35,29,44.1,21.9,22.1,0.95,19,0.82,35,7968,118,27,1091,951,4,1703,10.8,23389,0,0,0,0,0,0,6,2,0.5,1,0.5,2,1,4,0.429389312977099,1.15935114503817,0.12881679389313,5.06679389312977,1.50286259541985,0.300572519083969,1.58874045801527,1.84637404580153,5.92557251908397,86.2,56.9888508786222,1.3358810709195,2.12236830446657,2.46653613762331,7.91586016260505,2.3709187517884,12.5047646046949,1,4.98599688212384
3277,"Willi Orban","RB Leipzig","Bundesliga","HUN","DF",31,1992,"2024-2025",25,2222,89,72.6,25,89,0,0,1,24.7,31,0.89,7,31.8,0.28,0.23,0.71,5,0,5,0,0,1,0,4,4,0.18,1,1,14,1530,87.4,18,0,8,5,1,0,1,0.7,7,1686,55,43,0,2,4,0,0,0,0,23,1.6,15,38,21,71.9,0,0,59,21,45,169,23,122,2,23,14,1,32,45,4,4,104,69.3,9,8,0.32,0.65,41,33,34.8,38.4,0,0,21,0.85,15,10446,106,8,1320,1083,2,2101,8.3,28362,0,0,0,0,0,0,8,0,0.6,0,0.1,0,0,0,0.202520252025203,0.324032403240324,0.0405040504050405,4.29342934293429,0.607560756075608,0.324032403240324,1.53915391539154,0.850585058505851,4.94149414941494,87.4,63.6541220521949,1.59327582990726,2.45229673190046,1.35521661499762,7.87316319189096,1.79565741381226,11.680676538789,0.85,4.47986592716162
14637,"William Saliba","Arsenal","Premier League","FRA","DF",23,2001,"2024-2025",35,3039,87,88.9,35,87,0,0,0,33.8,15,0.18,2,33.3,0.06,0.33,1,2,0,2,0,0,1,0,2.3,2.3,0.38,0,0,10,2413,94.3,25,0,7,3,0,0,0.9,1.3,6,2508,46,36,1,10,4,0,0,0,0,32,1.97,19,62,37,75,6,31.6,83,21,25,119,28,154,1,37,23,2,28,18,1,8,61,62.9,7,35,1.04,1.04,62,27,54.2,29.8,24.4,0.72,27,0.8,16,12540,138,6,2137,1756,1,2824,5.4,41458,0,0,0,0,0,0,11,0,0.3,0,0.1,0,0,4,0.0888450148075025,0.177690029615005,0.0592300098716683,4.08687068114511,0.473840078973347,0.207305034550839,1.83613030602172,0.621915103652517,4.56071076011846,94.3,44.5026870645132,0.731853506372784,1.34377840261933,0.455150749274288,3.33777216134478,1.64190351976012,5.13670131323839,1,2.49207180187557
5081,"Willian Pacho","Paris S-G","Ligue 1","ECU","DF",22,2001,"2024-2025",28,2132,76,69.7,23,86,5,29,3,23.7,22,0.17,1,25,0.04,0,0,0,1,1,0,0,0,0,0.3,0.3,0.08,0,0,13,1865,94.8,11,0,3,0,0,0.7,0.3,0.4,1,1920,46,27,0,3,11,0,0,0,0,20,2.46,15,56,32,71.9,4,57.1,96,40,35,91,20,119,1,34,22,0,32,8,0,4,29,52.7,9,39,1.65,0,64,25,64.2,22.2,42,1.77,13,0.55,3,9702,53,1,1697,1399,0,2223,8.5,33030,0,0,1,1,0,0,17,0,0,0,0.5,2,1,14,0,0.0422138836772983,0,2.23733583489681,0.126641651031895,0.126641651031895,2.36397748592871,1.68855534709193,5.0234521575985,94.8,46.4233383370109,0.82304927687511,1.94566996034266,1.38976425738762,4.13454866572816,0.856108693674332,7.46998288345843,1,2.87823834250726
13464,"Willy Boly","Nott'ham Forest","Premier League","CIV","DF",32,1991,"2023-2024",20,1438,72,42,18,79,2,10,3,16,21,0.88,6,42.9,0.38,0.14,0.33,2,1,3,0,0,0,0,1.5,1.5,0.11,0.5,0.5,11,502,74.8,14,0,9,1,0,0,1.3,0.8,8,599,69,13,1,1,56,0,0,0,0,11,1,4,46,29,55,2,28.6,71,25,32,90,20,86,0,36,9,1,40,34,1,3,57,68.7,18,0,0,0.17,17,23,20.6,23.2,0,0,16,1,4,4056,32,3,447,380,1,895,10.4,9338,0,0,0,0,0,0,0,0,0,0,0,0,0,0,0.062586926286509,0.187760778859527,0.062586926286509,2.00278164116829,0.250347705146036,0.563282336578581,2.87899860917942,1.56467315716273,5.38247566063978,74.8,49.4014778657276,0.970082823746963,2.79286710035635,1.51786255454149,5.22144718762274,0.950651615450216,9.53217684252057,0.7,3.45471369893626
11197,"Willy Kambwala","Villarreal","La Liga","FRA","DF",19,2004,"2024-2025",19,1117,59,32.7,12,80,7,22,11,12.4,7,0.32,1,25,0.08,0,0,0,0,0,0,0,0,0,0.3,0.3,0.08,0,0,3,521,87.7,3,0,1,0,0,0,0.1,0.1,1,538,52,24,0,2,13,0,0,0,0,8,2.05,9,17,12,83.3,0,0,27,10,10,56,5,30,0,14,2,1,12,6,0,5,16,47.1,2,5,0.4,0,20,15,17.4,15.7,1.7,0.14,5,0.4,2,3410,16,0,463,367,1,706,11.1,9621,0,0,0,0,0,0,0,0,0,0,0,0,0,0,0,0,0.0805729632945389,1.28916741271262,0.161145926589078,0.0805729632945389,1.36974037600716,0.805729632945389,2.41718889883617,87.7,46.3846793582683,0.821177494131129,1.12479996957979,0.661647040929289,1.98494112278787,0.526625156206516,3.77138813329695,1,1.62976650247169
14955,"Wout Faes","Leicester City","Premier League","BEL","DF",26,1998,"2024-2025",34,2815,83,82.3,30,90,4,29,1,31.3,35,0.38,1,8.3,0.03,0.08,1,1,0,1,0,0,0,0,1.5,1.5,0.13,0,0,13,1376,88,15,0,4,5,0,0,0.1,0.4,6,1507,54,27,2,7,6,0,0,0,0,30,0.71,17,42,26,52.1,1,16.7,68,26,48,185,23,90,1,26,14,2,48,27,1,6,45,55.6,23,0,0,0.85,29,63,27.7,57.3,0,0,17,0.54,12,9014,86,1,1268,1107,2,1906,9.7,25369,0,0,0,0,0,0,0,0,0,0,0,0,0,0,0.159857904085258,0.0319715808170515,0.063943161634103,2.74955595026643,0.383658969804618,0.127886323268206,1.34280639431616,0.831261101243339,2.87744227353464,88,51.1580602447988,1.05783838729551,1.42047215061351,0.879339902760744,3.0438688941718,1.1239617610398,5.34368094754606,0.95,2.33068898867974
19846,"Woyo Coulibaly","Parma","Serie A","MLI","DF",25,1999,"2024-2025",14,1084,77,31.7,12,85,2,32,3,12,2,0.25,0,0,0,0,0,0,1,1,0,0,0,1,0.1,0.1,0.05,0,0,17,514,86.7,17,0,8,5,0,0.1,0.9,0.8,4,506,87,14,2,2,72,1,0,0,0,10,1,19,13,10,45.5,8,47.1,21,8,19,25,12,60,0,9,2,2,11,12,1,11,9,50,6,0,0,0,16,23,17,24.5,0,0,19,1.58,36,3030,41,23,439,404,9,706,23.7,7911,0,0,0,0,0,0,0,0,0,0,0,0,0,0,0.415129151291513,1.90959409594096,0.166051660516605,3.40405904059041,2.98892988929889,0.664206642066421,1.07933579335793,0.664206642066421,4.98154981549815,86.7,47.3202602501418,0.8668090973429,0.935578084770473,0.575740359858753,4.31805269894065,2.42924047719848,5.82937114356987,0.95,2.99720753395035
15788,"Yael Mouanga","Montpellier","Ligue 1","FRA","DF",19,2005,"2024-2025",14,946,68,30.9,10,81,4,33,8,10.5,8,0.1,0,0,0,0,0,0,0,0,0,0,0,0,0.1,0.1,0.1,0,0,8,420,87.7,4,1,2,2,1,0,0.2,0.1,1,451,27,12,0,1,0,0,0,0,0,6,0.29,9,14,8,77.8,0,0,24,10,16,50,10,29,0,9,3,2,9,4,1,3,14,48.3,2,0,0,0,5,25,8.8,19,0,0,6,0.57,4,2597,22,2,386,337,2,589,5.4,7555,0,0,0,0,0,0,0,0,0,0,0,0,0,0,0.190274841437632,0.190274841437632,0.190274841437632,2.09302325581395,0.380549682875264,0.190274841437632,1.33192389006342,0.951374207188161,2.75898520084567,87.7,47.8352609942264,0.892183752225619,1.18832085391573,0.848800609939807,2.46152176882544,0.914837052835753,4.49864323268098,1,2.00322779093859
4132,"Yann Aurel Bisseck","Inter","Serie A","GER","DF",23,2000,"2024-2025",27,1643,61,48,17,78,10,32,8,18.3,12,1.15,5,23.8,0.27,0.14,0.6,3,2,5,0,0,2,0,2.6,2.6,0.12,0.4,0.4,11,1179,91.8,16,0,7,8,1,1.1,0.9,1.2,7,1241,43,20,2,1,20,0,0,0,0,10,2.22,16,17,12,68.8,10,66.7,34,17,23,64,16,66,1,11,4,2,16,43,1,7,47,75.8,5,22,1.21,0.09,42,20,32.2,19.1,13,0.71,20,1.1,32,5328,93,44,1136,998,3,1465,11.2,19786,0,0,0,0,0,0,13,0,0.6,0,0.4,1,0,3,0.438222763237979,2.41022519780889,0.109555690809495,5.09433962264151,1.75289105295192,0.383444917833232,0.931223371880706,0.931223371880706,3.61533779671333,91.8,40.4912153821819,0.557416381074052,0.519079161925319,0.519079161925319,2.01524851100418,2.4934962259683,3.05340683485482,1,2.20522054084377
10976,"Yarek Gasiorowski","Valencia","La Liga","ESP","DF",19,2005,"2024-2025",15,947,63,27.7,9,88,6,26,23,10.5,6,0.29,0,0,0,0,0,0,0,0,0,0,0,0,1.1,1.1,0.38,0,0,11,387,80.3,5,1,3,3,1,0,0.1,0.3,3,448,34,17,1,1,16,0,0,0,0,5,0.93,1,19,16,69.2,0,0,45,26,17,60,5,40,0,16,3,0,13,6,0,0,24,64.9,4,0,0,0,11,22,12.8,19.2,0,0,7,0.67,9,2627,38,0,337,276,0,620,7.6,7508,0,0,0,0,0,0,0,0,0,0,0,0,0,0,0.285110876451954,0,0,3.61140443505808,0.855332629355861,0.285110876451954,1.80570221752904,2.47096092925026,3.80147835269271,80.3,46.722445454336,0.837573711298087,1.51240870783498,2.06961191598471,3.18401833228417,1.63537031519644,6.76603895610387,1,2.96425981290974
9694,"Yeray Álvarez","Athletic Club","La Liga","ESP","DF",29,1995,"2024-2025",21,1781,85,52.1,20,89,1,2,9,19.8,6,0.45,2,22.2,0.1,0.11,0.5,1,0,1,0,0,0,0,0.5,0.5,0.05,0.5,0.5,4,994,84.1,15,0,4,3,2,0,0.2,0.4,3,1126,52,40,1,16,2,0,0,0,0,19,1.9,11,25,13,68.2,3,33.3,59,34,10,129,15,83,3,14,9,2,22,14,0,7,49,53.8,7,9,0.45,0,20,11,25.1,15.9,9.2,0.46,18,0.91,19,7016,105,0,903,792,0,1425,15.5,20211,0,0,0,0,0,0,0,0,0,0,0,0,0,0,0.151600224592925,0,0.101066816395284,5.30600786075239,0.960134755755194,0.202133632790567,1.26333520494104,1.71813587871982,4.19427288040427,84.1,49.7058615439474,0.985294137443295,1.24475677105413,1.69286920863362,4.13259247989973,2.23281843327022,7.07021845958749,0.85,3.26829291118433
9869,"Yerry Mina","Cagliari","Serie A","COL","DF",29,1994,"2024-2025",31,2569,83,75.1,31,83,0,0,1,28.5,35,0.91,8,30.8,0.28,0.04,0.13,1,0,1,0,0,0,0,2.3,2.3,0.09,0,0,24,1198,85.9,22,0,4,1,1,0,0.3,0.7,6,1313,78,67,1,2,6,0,0,0,0,23,0.97,20,66,32,76.9,2,25,103,37,59,163,40,158,0,43,21,2,52,43,2,13,94,65.3,12,0,0,0,27,40,31.8,38.6,0,0,26,0.91,17,8376,76,9,969,948,0,1797,11.2,22018,0,0,0,0,0,0,0,0,0,0,0,0,0,0,0.035033086804204,0.315297781237836,0.0700661736084079,2.6625145971195,0.595562475671467,0.140132347216816,2.31218372907746,1.29622421175555,5.53522771506423,85.9,40.0690402440074,0.540601996795495,1.24997114089733,0.700741397169715,2.99235515548149,1.17215784561587,4.94306769354853,0.85,2.20768344631091
10978,"Yerson Mosquera","Villarreal","La Liga","COL","DF",22,2001,"2023-2024",16,1229,77,35.9,14,87,2,7,1,13.7,2,0.73,4,40,0.29,0.2,0.5,2,1,3,0,0,0,0,1.6,1.6,0.16,0.4,0.4,10,628,85.6,15,0,5,7,2,0.7,0.3,0.5,3,659,74,30,1,4,28,0,0,0,0,13,2,5,27,13,80,4,40,44,17,12,65,14,72,0,18,7,2,15,21,0,4,26,76.5,3,14,1.03,1.6,31,17,21.6,18.8,2.9,0.21,18,1.32,8,3926,36,12,535,438,2,885,8.4,11494,0,0,0,0,0,0,0,0,0,0,0,0,0,0,0.512611879576892,0.878763222131814,0.146460537021969,2.63628966639544,0.585842148087876,0.366151342554923,1.97721724979658,1.24491456468674,5.27257933279089,85.6,46.3846793582683,0.821177494131129,1.6236463065408,1.0222958226368,4.3297234841088,1.22803763439561,6.9756656132864,1,2.86951473774416
14475,"Yoann Salmier","Le Havre","Ligue 1","GUF","DF",30,1992,"2023-2024",20,1568,78,51.2,18,86,2,6,12,17.4,15,0.57,5,50,0.29,0.1,0.2,1,1,2,0,0,0,1,1.1,1.1,0.11,0,0,6,612,79.8,15,1,6,9,1,0.3,0.7,1,7,679,86,25,1,2,59,0,0,0,0,15,1,10,22,10,65,3,37.5,43,21,21,57,18,82,0,13,6,3,20,19,3,4,29,58,7,0,0,0.43,19,21,18.4,25.3,0,0,17,0.98,8,4640,48,8,511,575,0,926,14.2,10586,0,0,0,0,0,0,0,0,0,0,0,0,0,0,0.516581632653061,0.459183673469388,0.17219387755102,2.75510204081633,0.459183673469388,0.344387755102041,1.26275510204082,1.20535714285714,4.70663265306122,79.8,44.2680144923915,0.720998208030729,0.910444165753089,0.869060340037039,3.39347370871606,1.21794279039837,5.17297821450619,0.85,2.2888705805112
15386,"Youssouf Ndayishimiye","Nice","Ligue 1","BDI","DF",25,1998,"2024-2025",23,1932,84,63.1,22,88,1,1,0,21.5,19,0.51,4,36.4,0.19,0.27,0.75,3,0,3,0,0,0,0,0.9,0.9,0.08,2.1,2.1,16,1177,89.4,23,0,5,2,0,0,0.2,0.4,5,1237,74,52,2,5,6,0,0,0,0,20,1.74,14,40,21,59.3,2,25,61,21,35,117,19,114,2,25,14,1,27,10,0,7,37,56.9,11,19,0.89,0.41,44,25,40.7,25.3,15.4,0.72,30,1.4,17,6861,86,9,1040,906,0,1581,15,20069,0,0,0,0,0,0,0,0,0,0,0,0,0,0,0.093167701863354,0.419254658385093,0.046583850931677,4.00621118012422,0.791925465838509,0.232919254658385,1.86335403726708,0.978260869565217,5.31055900621118,89.4,52.8652354605567,1.14228965445974,2.12849003936598,1.11745727066714,6.06619661219303,1.73371666597467,9.31214392222614,0.95,3.76652984305771
14322,"Yunis Abdelhamid","Saint-Étienne","Ligue 1","MAR","DF",36,1987,"2024-2025",16,1033,65,33.8,11,85,5,19,17,11.5,18,0.17,1,50,0.09,0,0,0,0,0,0,0,0,0,0.2,0.2,0.12,0,0,8,438,86.7,5,1,2,0,0,0,0.1,0.3,0,461,42,20,0,0,3,0,0,0,0,9,0.94,8,17,11,62.5,4,57.1,31,14,26,57,16,42,0,15,2,0,16,7,0,3,19,65.5,6,0,0,0,5,31,8,26.4,0,0,6,0.55,4,2404,22,3,393,322,0,641,10.8,7952,0,0,0,0,0,0,0,0,0,0,0,0,0,0,0,0.261374636979671,0,1.91674733785092,0.348499515972894,0.174249757986447,1.4811229428848,1.21974830590513,3.65924491771539,86.7,50.3326181512475,1.0166293744339,1.50575309088467,1.24003195719914,3.72009587159743,0.837788820893148,6.46588091968124,0.5,2.46157980426163
10981,"Álex Suárez","Las Palmas","La Liga","ESP","DF",31,1993,"2024-2025",30,2460,82,71.9,30,82,0,0,5,27.3,24,0.22,3,50,0.11,0,0,0,0,0,0,0,1,2,0.5,0.5,0.09,0,0,15,1165,85.9,12,0,3,1,0,0,0.1,0.2,3,1210,146,71,1,9,34,0,0,0,0,18,0.93,12,40,23,74.1,2,100,53,13,39,107,27,68,0,30,9,1,27,19,1,1,25,34.2,7,0,0,0,28,45,25,47.4,0,0,14,0.51,6,7921,53,3,1020,816,0,1609,14.9,21803,0,0,0,0,0,0,0,0,0,0,0,0,0,0,0.0365853658536585,0.109756097560976,0.0365853658536585,1.9390243902439,0.219512195121951,0.109756097560976,1.46341463414634,0.475609756097561,2.48780487804878,85.9,51.2663047246138,1.06323076523608,1.55594746132109,0.505682924929355,2.64511068424586,0.780586695910327,4.7067410704963,0.85,1.98015699951302
10219,"Éder Militão","Real Madrid","La Liga","BRA","DF",26,1998,"2024-2025",12,938,78,27.4,11,83,1,20,0,10.4,8,0.96,3,30,0.29,0.1,0.33,1,1,2,0,0,0,0,0.6,0.6,0.06,0.4,0.4,5,636,89.3,9,0,6,2,0,0.5,0.5,0.2,3,676,34,19,0,15,2,0,0,0,0,9,2.25,6,19,17,58.3,3,37.5,31,12,13,35,18,44,1,14,5,0,12,13,0,3,21,63.6,5,11,1.06,0,20,9,18.6,11,7.6,0.73,12,1.15,7,4633,46,1,603,533,0,819,17.3,13095,0,0,0,0,0,0,4,0,0.2,0,0.1,2,0,3,0.191897654584222,0.0959488272921109,0,4.4136460554371,0.671641791044776,0.575692963752665,1.82302771855011,1.15138592750533,4.22174840085288,89.3,45.7904085851232,0.792574517594377,1.44488531459103,0.912559146057492,3.3460502022108,1.9358765105965,5.70349466285932,0.95,2.7646990030964
